source,hypothesis,specification,parameter_setting,term,estimate,estimate_percentage_points,std_error,ci_low,ci_high,ci_low_percentage_points,ci_high_percentage_points,z_value,p_value_two_sided,is_behavior_term,reference_category
NA,H1_session_depth,behavior_only,30m_session_boundary,session_depth_2,-0.0006615412139841864,-0.06615412139841864,0.0037987687396612547,-0.008106991129316858,0.006783908701348486,-0.8106991129316858,0.6783908701348487,-0.17414621929398566,0.8617505503669703,True,session depth 1
NA,H1_session_depth,behavior_only,30m_session_boundary,session_depth_3,0.007642782694590426,0.7642782694590425,0.004708423085928556,-0.0015855569778064835,0.016871122366987335,-0.15855569778064835,1.6871122366987334,1.6232149395052038,0.10454346532062561,True,session depth 1
NA,H1_session_depth,behavior_only,30m_session_boundary,session_depth_4,-0.000567681062308218,-0.056768106230821805,0.005868858267897358,-0.012070431897757165,0.010935069773140729,-1.2070431897757166,1.0935069773140729,-0.09672768303392709,0.9229426550255253,True,session depth 1
NA,H1_session_depth,behavior_only,30m_session_boundary,session_depth_5,0.002866571210984171,0.2866571210984171,0.007139233942532745,-0.011126070193585906,0.01685921261555425,-1.1126070193585906,1.6859212615554249,0.401523641620184,0.6880346356906847,True,session depth 1
NA,H1_session_depth,behavior_only,30m_session_boundary,session_depth_6,0.005995046462672765,0.5995046462672765,0.008216815974736134,-0.010109616915403435,0.022099709840748966,-1.0109616915403437,2.2099709840748964,0.7296070011918799,0.4656304414732467,True,session depth 1
NA,H1_session_depth,behavior_only,30m_session_boundary,session_depth_7,0.001963462470527859,0.1963462470527859,0.009889331843959182,-0.01741927177479722,0.021346196715852937,-1.741927177479722,2.134619671585294,0.19854349125995038,0.8426198608510562,True,session depth 1
NA,H1_session_depth,behavior_only,30m_session_boundary,session_depth_8+,0.0047795574958185635,0.4779557495818564,0.006228540803895264,-0.007428158156054309,0.016987273147691436,-0.7428158156054309,1.6987273147691435,0.7673639213906215,0.4428651731024157,True,session depth 1
NA,H1_session_depth,adjusted,30m_session_boundary,session_depth_2,-0.005905472625055115,-0.5905472625055115,0.006616317218925986,-0.01887321608444226,0.00706227083433203,-1.8873216084442261,0.7062270834332031,-0.8925618935202352,0.3720918336199074,True,session depth 1
NA,H1_session_depth,adjusted,30m_session_boundary,session_depth_3,0.0033589163979517393,0.33589163979517395,0.00704116249377996,-0.010441508499151214,0.01715934129505469,-1.0441508499151213,1.715934129505469,0.47704003435781345,0.6333336139837697,True,session depth 1
NA,H1_session_depth,adjusted,30m_session_boundary,session_depth_4,-0.004040040353467529,-0.4040040353467529,0.007771921257453737,-0.019272726108758104,0.011192645401823045,-1.9272726108758103,1.1192645401823045,-0.5198251783100464,0.6031854287319526,True,session depth 1
NA,H1_session_depth,adjusted,30m_session_boundary,session_depth_5,0.0003124750277439066,0.031247502774390663,0.009179349784589773,-0.01767871995154755,0.018303670007035366,-1.7678719951547552,1.8303670007035366,0.034041085161444384,0.9728443884512834,True,session depth 1
NA,H1_session_depth,adjusted,30m_session_boundary,session_depth_6,0.0038443749906428393,0.3844374990642839,0.009978883466371935,-0.015713877209368364,0.023402627190654043,-1.5713877209368363,2.340262719065404,0.38525101566704184,0.7000514496586634,True,session depth 1
NA,H1_session_depth,adjusted,30m_session_boundary,session_depth_7,0.00033586003939930977,0.033586003939930976,0.011393535306225167,-0.02199505881738755,0.022666778896186172,-2.199505881738755,2.266677889618617,0.029478123371926845,0.9764832663786029,True,session depth 1
NA,H1_session_depth,adjusted,30m_session_boundary,session_depth_8+,0.004484049343078506,0.4484049343078506,0.008451942731548668,-0.012081454010151968,0.021049552696308982,-1.2081454010151969,2.1049552696308984,0.5305347522458761,0.5957412206578795,True,session depth 1
NA,H1_session_depth,adjusted,30m_session_boundary,prior_win_rate,-0.3136800821238533,-31.36800821238533,0.01935952036436369,-0.35162404479597587,-0.2757361194517307,-35.16240447959758,-27.57361194517307,-16.202885000253637,4.811578620403061e-59,False,
NA,H1_session_depth,adjusted,30m_session_boundary,log1p_prior_matches,-0.009602257650344498,-0.9602257650344498,0.0031474036152737478,-0.015771055381092206,-0.0034334599195967926,-1.5771055381092205,-0.34334599195967924,-3.050850422788669,0.002281942242189102,False,
NA,H1_session_depth,adjusted,30m_session_boundary,log1p_prev_kda,0.006625253318121992,0.6625253318121992,0.0028723858804480386,0.0009954804427424625,0.01225502619350152,0.09954804427424624,1.2255026193501521,2.3065331727255867,0.02108085875782888,False,
NA,H1_session_depth,adjusted,30m_session_boundary,log1p_prev_loss_streak,0.0014479231268345694,0.14479231268345694,0.005815627877244915,-0.00995049806005259,0.012846344313721728,-0.995049806005259,1.284634431372173,0.2489710754190321,0.8033831555026214,False,
NA,H1_session_depth,adjusted,30m_session_boundary,prev_queue_was_flex440,-0.01776740158842515,-1.7767401588425151,0.014628335322408849,-0.046438411974121616,0.010903608797271314,-4.643841197412161,1.0903608797271314,-1.2145880714948905,0.2245232406614687,False,
NA,H1_session_depth,adjusted,30m_session_boundary,prev_ranked_win,0.0020172257835296297,0.20172257835296298,0.0068491308375456346,-0.01140682398346247,0.015441275550521728,-1.1406823983462469,1.5441275550521727,0.29452288638896795,0.7683583777292396,False,
NA,H1_session_depth,adjusted,30m_session_boundary,log1p_gap_from_prev_ranked,-0.0015040430080600212,-0.15040430080600212,0.0014103558217786931,-0.004268289624132651,0.0012602036080126085,-0.42682896241326507,0.12602036080126083,-1.0664280494571738,0.28623018762396013,False,
NA,H1_session_depth,adjusted,30m_session_boundary,recent_volume_control,-0.00024831509819749043,-0.024831509819749045,0.0012638457810704728,-0.002725407311108511,0.0022287771147135303,-0.2725407311108511,0.22287771147135302,-0.19647578993947223,0.8442377801884993,False,
NA,H1_session_depth,adjusted,30m_session_boundary,patch_15.21,0.003470578058374177,0.3470578058374177,0.012059170438053863,-0.020164961683641503,0.027106117800389854,-2.0164961683641502,2.7106117800389855,0.2877957547910955,0.7735030871418344,False,
NA,H1_session_depth,adjusted,30m_session_boundary,patch_15.22,0.000903115230705456,0.0903115230705456,0.01230708577149276,-0.023218329636065696,0.02502456009747661,-2.3218329636065698,2.502456009747661,0.07338172882465535,0.9415023566776003,False,
NA,H1_session_depth,adjusted,30m_session_boundary,patch_15.23,0.007773058100338136,0.7773058100338136,0.013287983873989188,-0.018270911719829697,0.03381702792050597,-1.8270911719829697,3.381702792050597,0.5849689594787704,0.5585685885587138,False,
NA,H1_session_depth,adjusted,30m_session_boundary,patch_15.24,0.024024818555407213,2.4024818555407212,0.014329063087801614,-0.00405962902888625,0.052109266139700676,-0.40596290288862497,5.210926613970067,1.6766496461209408,0.09361101253436929,False,
NA,H1_session_depth,adjusted,30m_session_boundary,patch_16.1,0.020745573638165267,2.0745573638165267,0.017137536272223232,-0.012843380239141083,0.05433452751547162,-1.2843380239141085,5.433452751547161,1.2105341928168516,0.2260739784974566,False,
NA,H1_session_depth,adjusted_sensitivity,45m_session_boundary,session_depth_2,-0.010240750496278478,-1.024075049627848,0.007223763098577324,-0.024399066002339497,0.003917565009782541,-2.43990660023395,0.3917565009782541,-1.4176476106055211,0.1562936725550862,True,session depth 1
NA,H1_session_depth,adjusted_sensitivity,45m_session_boundary,session_depth_3,-0.0049711334701190045,-0.49711334701190046,0.007631113794605334,-0.019927841669472247,0.009985574729234236,-1.9927841669472246,0.9985574729234236,-0.6514296083008551,0.5147692029154098,True,session depth 1
NA,H1_session_depth,adjusted_sensitivity,45m_session_boundary,session_depth_4,-0.009768935673667456,-0.9768935673667456,0.00814728085642646,-0.025737312724195965,0.0061994413768610545,-2.5737312724195966,0.6199441376861055,-1.199042459173585,0.23051143627493495,True,session depth 1
NA,H1_session_depth,adjusted_sensitivity,45m_session_boundary,session_depth_5,-0.005470732459305844,-0.5470732459305844,0.009160877095377834,-0.0234257216330443,0.012484256714432611,-2.34257216330443,1.248425671443261,-0.597184352802433,0.5503843048057664,True,session depth 1
NA,H1_session_depth,adjusted_sensitivity,45m_session_boundary,session_depth_6,0.0035457792639281907,0.35457792639281904,0.009708260625196726,-0.015482061913985701,0.022573620441842083,-1.54820619139857,2.2573620441842084,0.3652332174442772,0.7149373245281672,True,session depth 1
NA,H1_session_depth,adjusted_sensitivity,45m_session_boundary,session_depth_7,-0.0016846492855718623,-0.16846492855718623,0.011561247851106899,-0.024344278690082474,0.020974980118938752,-2.4344278690082475,2.097498011893875,-0.14571517774446557,0.8841462391543073,True,session depth 1
NA,H1_session_depth,adjusted_sensitivity,45m_session_boundary,session_depth_8+,0.0029529830328551988,0.29529830328551987,0.008640516965332598,-0.013982119027004017,0.019888085092714412,-1.3982119027004016,1.9888085092714411,0.3417599947668791,0.7325315182246392,True,session depth 1
NA,H1_session_depth,adjusted_sensitivity,45m_session_boundary,prior_win_rate,-0.31380401445257977,-31.380401445257977,0.019358864555824574,-0.3517466917635849,-0.2758613371415746,-35.17466917635849,-27.586133714157462,-16.209835734305212,4.297156139855888e-59,False,
NA,H1_session_depth,adjusted_sensitivity,45m_session_boundary,log1p_prior_matches,-0.009748995469543609,-0.9748995469543609,0.003148387210294659,-0.015919721011107675,-0.0035782699279795433,-1.5919721011107675,-0.3578269927979543,-3.0965045969143024,0.0019581682582862805,False,
NA,H1_session_depth,adjusted_sensitivity,45m_session_boundary,log1p_prev_kda,0.006635263755246631,0.6635263755246631,0.0028727285440930637,0.001004819271464041,0.01226570823902922,0.10048192714640411,1.226570823902922,2.3097426900603377,0.020902403842987312,False,
NA,H1_session_depth,adjusted_sensitivity,45m_session_boundary,log1p_prev_loss_streak,0.0015627301480934113,0.15627301480934114,0.005804918056890462,-0.009814700176618127,0.012940160472804949,-0.9814700176618127,1.294016047280495,0.2692079600053,0.7877696551228197,False,
NA,H1_session_depth,adjusted_sensitivity,45m_session_boundary,prev_queue_was_flex440,-0.017683336202689158,-1.7683336202689157,0.0146230257862286,-0.046343940088697716,0.010977267683319403,-4.634394008869772,1.0977267683319403,-1.2092802448138087,0.22655519784691225,False,
NA,H1_session_depth,adjusted_sensitivity,45m_session_boundary,prev_ranked_win,0.0021705234322245016,0.21705234322245015,0.006831419424011898,-0.011218812602126179,0.015559859466575182,-1.1218812602126178,1.555985946657518,0.31772656566734636,0.7506923581292011,False,
NA,H1_session_depth,adjusted_sensitivity,45m_session_boundary,log1p_gap_from_prev_ranked,-0.0026554581398528735,-0.26554581398528737,0.0014926490104698077,-0.005580996441933047,0.00027008016222729954,-0.5580996441933047,0.027008016222729955,-1.7790238168697639,0.07523585733911514,False,
NA,H1_session_depth,adjusted_sensitivity,45m_session_boundary,recent_volume_control,-0.0007990912976787837,-0.07990912976787837,0.0013568326720694239,-0.0034584344679821,0.0018602518726245328,-0.34584344679821,0.1860251872624533,-0.5889387203950652,0.5559023820413628,False,
NA,H1_session_depth,adjusted_sensitivity,45m_session_boundary,patch_15.21,0.0037465970138721542,0.37465970138721544,0.01206320005994536,-0.019896840641922174,0.027390034669666483,-1.9896840641922173,2.7390034669666483,0.31058069129702587,0.7561194078542849,False,
NA,H1_session_depth,adjusted_sensitivity,45m_session_boundary,patch_15.22,0.001158557601775893,0.11585576017758929,0.012301696968031685,-0.02295232540429179,0.025269440607843578,-2.295232540429179,2.526944060784358,0.09417868159056646,0.9249672191206701,False,
NA,H1_session_depth,adjusted_sensitivity,45m_session_boundary,patch_15.23,0.0080628618486705,0.80628618486705,0.01328134064755699,-0.01796808748694908,0.03409381118429008,-1.7968087486949078,3.4093811184290077,0.6070819251333341,0.5437965447189874,False,
NA,H1_session_depth,adjusted_sensitivity,45m_session_boundary,patch_15.24,0.02452058748870722,2.452058748870722,0.014323335602125217,-0.003552634429938535,0.052593809407352976,-0.3552634429938535,5.259380940735298,1.7119327627196692,0.0869090601006702,False,
NA,H1_session_depth,adjusted_sensitivity,45m_session_boundary,patch_16.1,0.02131946360434906,2.131946360434906,0.01712884641719711,-0.012252458470075216,0.05489138567877334,-1.2252458470075216,5.489138567877334,1.2446526219620158,0.21325946840163829,False,
NA,H1_session_depth,adjusted_sensitivity,60m_session_boundary,session_depth_2,-0.015562308238977314,-1.5562308238977314,0.00745351592876972,-0.030170931017561575,-0.0009536854603930528,-3.0170931017561573,-0.09536854603930528,-2.087915070914195,0.03680549644536025,True,session depth 1
NA,H1_session_depth,adjusted_sensitivity,60m_session_boundary,session_depth_3,-0.010159422624316973,-1.0159422624316972,0.008004223325443252,-0.02584741206640117,0.005528566817767226,-2.5847412066401168,0.5528566817767225,-1.2692577669619647,0.20434914388297004,True,session depth 1
NA,H1_session_depth,adjusted_sensitivity,60m_session_boundary,session_depth_4,-0.01323455803557483,-1.323455803557483,0.008684404593857584,-0.03025567826670989,0.0037865621955602297,-3.025567826670989,0.37865621955602297,-1.523945354288944,0.12752236246803936,True,session depth 1
NA,H1_session_depth,adjusted_sensitivity,60m_session_boundary,session_depth_5,-0.013046139649937796,-1.3046139649937796,0.009514079952672165,-0.03169339370320978,0.00560111440333419,-3.1693393703209782,0.560111440333419,-1.371245534495808,0.1702984279911247,True,session depth 1
NA,H1_session_depth,adjusted_sensitivity,60m_session_boundary,session_depth_6,-0.0023487678867424085,-0.23487678867424086,0.010112463465293566,-0.02216883207369491,0.01747129630021009,-2.216883207369491,1.747129630021009,-0.23226465982334438,0.8163324592925716,True,session depth 1
NA,H1_session_depth,adjusted_sensitivity,60m_session_boundary,session_depth_7,-0.0029390152956747582,-0.29390152956747584,0.011881670643863236,-0.026226661833813537,0.02034863124246402,-2.622666183381354,2.034863124246402,-0.24735707492386438,0.8046318913506901,True,session depth 1
NA,H1_session_depth,adjusted_sensitivity,60m_session_boundary,session_depth_8+,-0.002112277386293464,-0.21122773862934638,0.009423587205837594,-0.020582168914907592,0.01635761414232066,-2.0582168914907593,1.6357614142320662,-0.22414791099773337,0.8226422131910045,True,session depth 1
NA,H1_session_depth,adjusted_sensitivity,60m_session_boundary,prior_win_rate,-0.3139561838374479,-31.39561838374479,0.01935771303351588,-0.3518966042062006,-0.27601576346869516,-35.18966042062006,-27.601576346869518,-16.218660917943417,3.72221715561245e-59,False,
NA,H1_session_depth,adjusted_sensitivity,60m_session_boundary,log1p_prior_matches,-0.009836889574569223,-0.9836889574569223,0.0031434217396951332,-0.015997882972591925,-0.003675896176546522,-1.5997882972591926,-0.3675896176546522,-3.129357238435101,0.001751891781755589,False,
NA,H1_session_depth,adjusted_sensitivity,60m_session_boundary,log1p_prev_kda,0.006661277045893197,0.6661277045893197,0.0028719147882453337,0.001032427494264367,0.012290126597522027,0.10324274942643671,1.2290126597522026,2.319454975877981,0.020370379717694342,False,
NA,H1_session_depth,adjusted_sensitivity,60m_session_boundary,log1p_prev_loss_streak,0.0015698986811358855,0.15698986811358853,0.005804657276961596,-0.009807020524307184,0.012946817886578955,-0.9807020524307184,1.2946817886578956,0.2704550167615816,0.7868102192012043,False,
NA,H1_session_depth,adjusted_sensitivity,60m_session_boundary,prev_queue_was_flex440,-0.017642021726228554,-1.7642021726228554,0.01462055891615663,-0.04629779063574152,0.01101374718328441,-4.629779063574152,1.101374718328441,-1.2066585024142285,0.22756368658344206,False,
NA,H1_session_depth,adjusted_sensitivity,60m_session_boundary,prev_ranked_win,0.002219546117832497,0.2219546117832497,0.00682843108561476,-0.011163932880886176,0.01560302511655117,-1.1163932880886176,1.560302511655117,0.32504481483431014,0.7451471542963087,False,
NA,H1_session_depth,adjusted_sensitivity,60m_session_boundary,log1p_gap_from_prev_ranked,-0.003647902981355562,-0.3647902981355562,0.0015311429815751077,-0.006648888080424049,-0.0006469178822870753,-0.6648888080424049,-0.06469178822870753,-2.382470497695071,0.01719690988032739,False,
NA,H1_session_depth,adjusted_sensitivity,60m_session_boundary,recent_volume_control,-0.0009774749216142184,-0.09774749216142184,0.0014640728218221252,-0.0038470049231295114,0.0018920550799010746,-0.3847004923129511,0.18920550799010746,-0.6676409172036218,0.5043628325057445,False,
NA,H1_session_depth,adjusted_sensitivity,60m_session_boundary,patch_15.21,0.003964775788065441,0.3964775788065441,0.012065828115227606,-0.01968381276143147,0.027613364337562347,-1.968381276143147,2.761336433756235,0.32859541427262,0.7424615146486309,False,
NA,H1_session_depth,adjusted_sensitivity,60m_session_boundary,patch_15.22,0.001324571372757268,0.1324571372757268,0.01230359063384514,-0.02279002315010354,0.02543916589561808,-2.279002315010354,2.543916589561808,0.10765730201666428,0.9142675406431293,False,
NA,H1_session_depth,adjusted_sensitivity,60m_session_boundary,patch_15.23,0.008215795025257624,0.8215795025257624,0.01328063005868085,-0.017813761581756907,0.03424535163227216,-1.7813761581756908,3.424535163227216,0.6186299135625264,0.5361601908367291,False,
NA,H1_session_depth,adjusted_sensitivity,60m_session_boundary,patch_15.24,0.02475780430597782,2.475780430597782,0.014325718298661822,-0.003320087612065769,0.052835696224021414,-0.3320087612065769,5.283569622402141,1.7282068368111405,0.08395114844404925,False,
NA,H1_session_depth,adjusted_sensitivity,60m_session_boundary,patch_16.1,0.02158358637444523,2.158358637444523,0.017125734295085866,-0.011982236052725515,0.05514940880161598,-1.1982236052725515,5.514940880161598,1.2603013688375697,0.20756066638721918,False,
NA,H1_session_depth,adjusted_sensitivity,90m_session_boundary,session_depth_2,-0.011638450943196562,-1.1638450943196563,0.007979170319112789,-0.027277337395168598,0.004000435508775475,-2.72773373951686,0.4000435508775475,-1.45860415027344,0.14467409065343828,True,session depth 1
NA,H1_session_depth,adjusted_sensitivity,90m_session_boundary,session_depth_3,-0.00538368633029592,-0.538368633029592,0.008294588118742834,-0.021640780309625716,0.010873407649033873,-2.1640780309625716,1.0873407649033873,-0.6490601164548117,0.5162995198228657,True,session depth 1
NA,H1_session_depth,adjusted_sensitivity,90m_session_boundary,session_depth_4,-0.0026268423271154926,-0.2626842327115493,0.00884212303063078,-0.019957085014023972,0.014703400359792989,-1.9957085014023972,1.4703400359792989,-0.2970827614607505,0.7664033249304995,True,session depth 1
NA,H1_session_depth,adjusted_sensitivity,90m_session_boundary,session_depth_5,-0.008915010685853321,-0.8915010685853322,0.010132990534653392,-0.02877530718945924,0.010945285817752596,-2.877530718945924,1.0945285817752595,-0.8798005539791286,0.37896736451767415,True,session depth 1
NA,H1_session_depth,adjusted_sensitivity,90m_session_boundary,session_depth_6,0.007372638895661485,0.7372638895661485,0.011175459041703258,-0.014530858336779405,0.029276136128102377,-1.4530858336779406,2.9276136128102377,0.6597168732084421,0.5094355365955368,True,session depth 1
NA,H1_session_depth,adjusted_sensitivity,90m_session_boundary,session_depth_7,0.0010549566514919478,0.10549566514919477,0.013077517805014871,-0.024576507253518502,0.026686420556502395,-2.4576507253518503,2.6686420556502397,0.0806694869180297,0.935704803617598,True,session depth 1
NA,H1_session_depth,adjusted_sensitivity,90m_session_boundary,session_depth_8+,0.00975805383567631,0.975805383567631,0.010953465737117552,-0.011710344514967568,0.03122645218632019,-1.1710344514967568,3.122645218632019,0.8908645053418665,0.37300186437041183,True,session depth 1
NA,H1_session_depth,adjusted_sensitivity,90m_session_boundary,prior_win_rate,-0.3139892752574337,-31.39892752574337,0.019361632462875217,-0.3519373775665707,-0.2760411729482967,-35.193737756657065,-27.60411729482967,-16.217086852541463,3.8188289863996965e-59,False,
NA,H1_session_depth,adjusted_sensitivity,90m_session_boundary,log1p_prior_matches,-0.010007962197918429,-1.000796219791843,0.0031450559445608487,-0.016172158578621292,-0.003843765817215564,-1.6172158578621292,-0.3843765817215564,-3.1821253339631332,0.0014619853657724,False,
NA,H1_session_depth,adjusted_sensitivity,90m_session_boundary,log1p_prev_kda,0.0066662168503567425,0.6666216850356742,0.002872164320846477,0.0010368782238167036,0.012295555476896782,0.10368782238167036,1.2295555476896782,2.3209733516890467,0.020288282125960178,False,
NA,H1_session_depth,adjusted_sensitivity,90m_session_boundary,log1p_prev_loss_streak,0.0016595103548795323,0.16595103548795323,0.0058055900993965286,-0.009719237148939977,0.01303825785869904,-0.9719237148939976,1.303825785869904,0.2858469727396071,0.7749953293749458,False,
NA,H1_session_depth,adjusted_sensitivity,90m_session_boundary,prev_queue_was_flex440,-0.017870553531614604,-1.7870553531614604,0.014619314375394538,-0.046523883186056575,0.010782776122827367,-4.652388318605658,1.0782776122827367,-1.2223934086602692,0.2215588906510733,False,
NA,H1_session_depth,adjusted_sensitivity,90m_session_boundary,prev_ranked_win,0.002354192194922553,0.2354192194922553,0.0068248876127302875,-0.011022341724562358,0.015730726114407463,-1.1022341724562357,1.5730726114407463,0.3449422655006566,0.7301377751399063,False,
NA,H1_session_depth,adjusted_sensitivity,90m_session_boundary,log1p_gap_from_prev_ranked,-0.00306794423903052,-0.306794423903052,0.0016008842873406757,-0.006205619785634315,6.97313075732754e-05,-0.6205619785634315,0.00697313075732754,-1.9164059909207212,0.055313438855886486,False,
NA,H1_session_depth,adjusted_sensitivity,90m_session_boundary,recent_volume_control,-0.0022091257531583375,-0.22091257531583375,0.0018224754491577137,-0.005781111996215915,0.0013628604898992397,-0.5781111996215915,0.13628604898992397,-1.212156659876719,0.22545241816988204,False,
NA,H1_session_depth,adjusted_sensitivity,90m_session_boundary,patch_15.21,0.003908469541736127,0.3908469541736127,0.012070613794232318,-0.019749498766251587,0.02756643784972384,-1.9749498766251588,2.756643784972384,0.3238003972593096,0.7460891554168989,False,
NA,H1_session_depth,adjusted_sensitivity,90m_session_boundary,patch_15.22,0.0015531009538588033,0.15531009538588034,0.012314008117765302,-0.02258191146229505,0.025688113370012654,-2.258191146229505,2.5688113370012653,0.126124730388813,0.899633191766213,False,
NA,H1_session_depth,adjusted_sensitivity,90m_session_boundary,patch_15.23,0.008588967316392382,0.8588967316392382,0.013281702005558706,-0.017442690267896084,0.03462062490068085,-1.7442690267896084,3.462062490068085,0.6466767070062027,0.5178412014318418,False,
NA,H1_session_depth,adjusted_sensitivity,90m_session_boundary,patch_15.24,0.025033057124796414,2.503305712479641,0.014337851560740656,-0.0030686155499366763,0.053134729799529504,-0.30686155499366763,5.313472979952951,1.7459419926860558,0.08082103201224031,False,
NA,H1_session_depth,adjusted_sensitivity,90m_session_boundary,patch_16.1,0.02176849102429448,2.176849102429448,0.01713661661297603,-0.011818660354009306,0.05535564240259827,-1.1818660354009307,5.535564240259827,1.2702910682970607,0.20398096854960932,False,
NA,H2_post_loss_requeue,behavior_only,categorical_requeue_gap,post_loss_gap_5-10m,-0.0034853008897073744,-0.34853008897073745,0.006925580691962001,-0.017059189617978882,0.010088587838564134,-1.7059189617978883,1.0088587838564134,-0.5032503474766383,0.6147882709195676,True,<=5m
NA,H2_post_loss_requeue,behavior_only,categorical_requeue_gap,post_loss_gap_10-20m,-0.017865110321723353,-1.7865110321723352,0.008402889243204209,-0.034334470604482636,-0.0013957500389640727,-3.4334470604482634,-0.13957500389640726,-2.12606757088601,0.03349763366219716,True,<=5m
NA,H2_post_loss_requeue,behavior_only,categorical_requeue_gap,post_loss_gap_20-30m,-0.011730427833656378,-1.1730427833656378,0.014070522445212624,-0.039308145069935574,0.01584728940262282,-3.930814506993557,1.5847289402622822,-0.8336881504814029,0.40445673716941655,True,<=5m
NA,H2_post_loss_requeue,behavior_only,categorical_requeue_gap,post_loss_gap_30-60m,-0.02356179350679942,-2.356179350679942,0.011482930207636287,-0.04606792315075359,-0.001055663862845252,-4.606792315075358,-0.1055663862845252,-2.051897301538116,0.04017964417241226,True,<=5m
NA,H2_post_loss_requeue,behavior_only,categorical_requeue_gap,post_loss_gap_1-2h,0.002256855815114844,0.2256855815114844,0.012288955706440261,-0.021829054777116046,0.02634276640734573,-2.1829054777116044,2.634276640734573,0.18364911299436906,0.8542887317281793,True,<=5m
NA,H2_post_loss_requeue,behavior_only,categorical_requeue_gap,post_loss_gap_2-6h,0.005051615018153777,0.5051615018153777,0.010888803624141609,-0.016290047919892994,0.026393277956200546,-1.6290047919892994,2.6393277956200545,0.4639274609520757,0.6426997174948289,True,<=5m
NA,H2_post_loss_requeue,behavior_only,categorical_requeue_gap,post_loss_gap_6-24h,0.006263782417774633,0.6263782417774634,0.008472952571156753,-0.010342899464408653,0.02287046429995792,-1.0342899464408652,2.287046429995792,0.7392679665288724,0.4597442968404167,True,<=5m
NA,H2_post_loss_requeue,behavior_only,categorical_requeue_gap,post_loss_gap_>24h,-0.009776237574324158,-0.9776237574324158,0.008647085790916442,-0.026724214295748432,0.007171739147100117,-2.672421429574843,0.7171739147100117,-1.1305817717911233,0.25823116323298523,True,<=5m
NA,H2_post_loss_requeue,adjusted,categorical_requeue_gap,post_loss_gap_5-10m,-0.0027442736139572867,-0.27442736139572865,0.006909074948389555,-0.016285811679288748,0.010797264451374173,-1.6285811679288749,1.0797264451374173,-0.39719841432563313,0.6912211514120985,True,<=5m
NA,H2_post_loss_requeue,adjusted,categorical_requeue_gap,post_loss_gap_10-20m,-0.015908239374173194,-1.5908239374173194,0.008384048141012188,-0.032340671775207074,0.0005241930268606865,-3.2340671775207075,0.05241930268606865,-1.8974413203038487,0.05776971648963475,True,<=5m
NA,H2_post_loss_requeue,adjusted,categorical_requeue_gap,post_loss_gap_20-30m,-0.009903578540774737,-0.9903578540774737,0.014006096308593168,-0.03735502286961674,0.01754786578806727,-3.7355022869616743,1.754786578806727,-0.7070905641780136,0.4795101993822735,True,<=5m
NA,H2_post_loss_requeue,adjusted,categorical_requeue_gap,post_loss_gap_30-60m,-0.023789140789033287,-2.3789140789033287,0.012343431090197669,-0.04798182117147269,0.00040353959340612075,-4.798182117147269,0.040353959340612075,-1.9272713247392808,0.053945825259662565,True,<=5m
NA,H2_post_loss_requeue,adjusted,categorical_requeue_gap,post_loss_gap_1-2h,0.002355946427516165,0.2355946427516165,0.01287377855831612,-0.02287619589172741,0.02758808874675974,-2.287619589172741,2.758808874675974,0.18300349169780353,0.854795278907799,True,<=5m
NA,H2_post_loss_requeue,adjusted,categorical_requeue_gap,post_loss_gap_2-6h,0.0054756483123357715,0.5475648312335771,0.011746263815781368,-0.017546605719501736,0.02849790234417328,-1.7546605719501736,2.849790234417328,0.4661608489483367,0.6411003709044714,True,<=5m
NA,H2_post_loss_requeue,adjusted,categorical_requeue_gap,post_loss_gap_6-24h,0.009423418051448848,0.9423418051448849,0.009802840927127522,-0.009789797111896328,0.028636633214794024,-0.9789797111896328,2.8636633214794025,0.9612946003613408,0.3364040621212833,True,<=5m
NA,H2_post_loss_requeue,adjusted,categorical_requeue_gap,post_loss_gap_>24h,-0.016593588195151835,-1.6593588195151836,0.009884103322478927,-0.03596607472668322,0.002778898336379551,-3.596607472668322,0.2778898336379551,-1.6788157361137512,0.09318796079564101,True,<=5m
NA,H2_post_loss_requeue,adjusted,categorical_requeue_gap,prior_win_rate,-0.3833677294821705,-38.33677294821705,0.02996577228763346,-0.4420995639348605,-0.32463589502948054,-44.20995639348605,-32.463589502948054,-12.793520747682585,1.7821359228150914e-37,False,
NA,H2_post_loss_requeue,adjusted,categorical_requeue_gap,log1p_prior_matches,0.006628490151851973,0.6628490151851972,0.004595416760090146,-0.0023783611918764547,0.0156353414955804,-0.23783611918764547,1.56353414955804,1.4424132778159484,0.14918582030889024,False,
NA,H2_post_loss_requeue,adjusted,categorical_requeue_gap,log1p_prev_kda,0.007221474808753525,0.7221474808753525,0.0053719595900268745,-0.0033073725141037026,0.017750322131610752,-0.33073725141037025,1.7750322131610752,1.3442906052681975,0.17885443234557113,False,
NA,H2_post_loss_requeue,adjusted,categorical_requeue_gap,log1p_prev_loss_streak,0.01874551514763379,1.8745515147633791,0.006202307606714595,0.0065892156174343665,0.030901814677833216,0.6589215617434366,3.0901814677833217,3.02234528441317,0.002508242644139785,False,
NA,H2_post_loss_requeue,adjusted,categorical_requeue_gap,prev_queue_was_flex440,-0.020711103400532005,-2.0711103400532007,0.021826013286985056,-0.0634893033691154,0.022067096568051385,-6.34893033691154,2.2067096568051383,-0.9489182989218706,0.3426621669223172,False,
NA,H2_post_loss_requeue,adjusted,categorical_requeue_gap,session_depth_control,-0.0011579947557759098,-0.11579947557759099,0.0019177949063185504,-0.004916803701894635,0.002600814190342816,-0.49168037018946353,0.2600814190342816,-0.6038157427369681,0.5459661517523735,False,
NA,H2_post_loss_requeue,adjusted,categorical_requeue_gap,recent_volume_control,0.0014847998851906974,0.14847998851906974,0.0019616194007855228,-0.002359903491723969,0.005329503262105364,-0.2359903491723969,0.5329503262105364,0.7569255710848471,0.44909445456235214,False,
NA,H2_post_loss_requeue,adjusted,categorical_requeue_gap,patch_15.21,0.01594075875448913,1.594075875448913,0.017051615016278544,-0.01747979255565918,0.04936131006463744,-1.747979255565918,4.936131006463744,0.934853310919293,0.3498639012172843,False,
NA,H2_post_loss_requeue,adjusted,categorical_requeue_gap,patch_15.22,0.02508144257588679,2.508144257588679,0.018040170202761205,-0.010276641296497819,0.0604395264482714,-1.027664129649782,6.04395264482714,1.39031075061852,0.164434534703375,False,
NA,H2_post_loss_requeue,adjusted,categorical_requeue_gap,patch_15.23,0.032368668925828084,3.2368668925828086,0.01900705585560458,-0.004884476003298034,0.0696218138549542,-0.4884476003298034,6.96218138549542,1.702981733295827,0.08857148689630222,False,
NA,H2_post_loss_requeue,adjusted,categorical_requeue_gap,patch_15.24,0.03902741509035343,3.902741509035343,0.020610849151138536,-0.0013691069366660452,0.0794239371173729,-0.13691069366660452,7.9423937117372905,1.8935374668053193,0.05828643057447201,False,
NA,H2_post_loss_requeue,adjusted,categorical_requeue_gap,patch_16.1,0.03776226800558746,3.7762268005587463,0.025003339749989018,-0.011243377397609736,0.08676791340878466,-1.1243377397609735,8.676791340878466,1.510288960721899,0.1309697073394894,False,
NA,H2_post_loss_requeue,adjusted_continuous_sensitivity,log2_1plus_gap,log2_1plus_post_loss_gap,-0.00043852164419739507,-0.043852164419739506,0.0008363364547636721,-0.0020777109744921046,0.0012006676860973143,-0.20777109744921046,0.12006676860973142,-0.5243363979886664,0.6000445851782581,True,continuous: effect per doubling of (1+gap minutes)
NA,H2_post_loss_requeue,adjusted_continuous_sensitivity,log2_1plus_gap,prior_win_rate,-0.3799141690298604,-37.99141690298604,0.03004654171523239,-0.43880430865169623,-0.3210240294080246,-43.88043086516962,-32.10240294080246,-12.644189558669217,1.2046022907090538e-36,False,
NA,H2_post_loss_requeue,adjusted_continuous_sensitivity,log2_1plus_gap,log1p_prior_matches,0.007624709480495373,0.7624709480495373,0.0045999291291726856,-0.001390985944119785,0.016640404905110533,-0.1390985944119785,1.6640404905110533,1.6575710769410714,0.09740407156352957,False,
NA,H2_post_loss_requeue,adjusted_continuous_sensitivity,log2_1plus_gap,log1p_prev_kda,0.007000452339996093,0.7000452339996093,0.005376641150619128,-0.0035375706730133936,0.01753847535300558,-0.3537570673013394,1.753847535300558,1.3020121938377793,0.19291221721582236,False,
NA,H2_post_loss_requeue,adjusted_continuous_sensitivity,log2_1plus_gap,log1p_prev_loss_streak,0.01890494735710968,1.890494735710968,0.006183495208900043,0.006785519449089618,0.031024375265129744,0.6785519449089619,3.1024375265129747,3.0573238465357533,0.002233228581653747,False,
NA,H2_post_loss_requeue,adjusted_continuous_sensitivity,log2_1plus_gap,prev_queue_was_flex440,-0.020706012541758453,-2.070601254175845,0.021848030313376603,-0.06352736508911594,0.02211534000559904,-6.352736508911594,2.211534000559904,-0.9477290284186881,0.3432674190622791,False,
NA,H2_post_loss_requeue,adjusted_continuous_sensitivity,log2_1plus_gap,session_depth_control,-0.0009195273013948846,-0.09195273013948846,0.0016981921324713864,-0.004247922719868074,0.002408868117078305,-0.4247922719868074,0.24088681170783052,-0.5414742441755943,0.5881807455216168,False,
NA,H2_post_loss_requeue,adjusted_continuous_sensitivity,log2_1plus_gap,recent_volume_control,0.00023814583978626347,0.023814583978626347,0.0017924276698331313,-0.003274947837979725,0.003751239517552252,-0.3274947837979725,0.37512395175522517,0.13286217558136335,0.8943023811509826,False,
NA,H2_post_loss_requeue,adjusted_continuous_sensitivity,log2_1plus_gap,patch_15.21,0.014284548251893289,1.4284548251893288,0.017040541651022215,-0.01911429966116496,0.04768339616495154,-1.9114299661164962,4.768339616495155,0.8382684391394565,0.40187995718513714,False,
NA,H2_post_loss_requeue,adjusted_continuous_sensitivity,log2_1plus_gap,patch_15.22,0.023412330897342237,2.3412330897342235,0.018044496315573304,-0.011954232000347141,0.058778893795031616,-1.195423200034714,5.877889379503162,1.2974776623238977,0.19446688607800813,False,
NA,H2_post_loss_requeue,adjusted_continuous_sensitivity,log2_1plus_gap,patch_15.23,0.03146725179607826,3.146725179607826,0.01903511414149318,-0.005840886362857442,0.06877538995501396,-0.5840886362857443,6.877538995501396,1.6531160024664744,0.09830725712439979,False,
NA,H2_post_loss_requeue,adjusted_continuous_sensitivity,log2_1plus_gap,patch_15.24,0.03724386239658322,3.724386239658322,0.020631110432606466,-0.0031923710123940297,0.07768009580556047,-0.31923710123940297,7.768009580556047,1.8052282022455326,0.07103897947037585,False,
NA,H2_post_loss_requeue,adjusted_continuous_sensitivity,log2_1plus_gap,patch_16.1,0.0358404523910518,3.58404523910518,0.024991509463674882,-0.01314200607704289,0.08482291085914648,-1.3142006077042891,8.482291085914648,1.4341051485163725,0.15154225889998457,False,
NA,H3_recent_volume,behavior_only,6h_window,recent_games_1,-0.00043607165270008116,-0.043607165270008116,0.004427162660283316,-0.009113151020555914,0.008241007715155752,-0.9113151020555914,0.8241007715155753,-0.09849912600052847,0.9215359659365117,True,0 recent ranked games
NA,H3_recent_volume,behavior_only,6h_window,recent_games_2,-0.0018319919988428446,-0.18319919988428446,0.0049957777822571756,-0.011623536526832293,0.007959552529146603,-1.1623536526832294,0.7959552529146603,-0.3667080640274436,0.7138367907809198,True,0 recent ranked games
NA,H3_recent_volume,behavior_only,6h_window,recent_games_3,0.00288618196155833,0.288618196155833,0.005420606482834076,-0.007738011519160795,0.013510375442277456,-0.7738011519160795,1.3510375442277456,0.5324463177133892,0.5944169127800869,True,0 recent ranked games
NA,H3_recent_volume,behavior_only,6h_window,recent_games_4,0.0011716659805483625,0.11716659805483624,0.005878819109471201,-0.010350607745641024,0.012693939706737748,-1.0350607745641025,1.2693939706737747,0.19930294821637295,0.8420257730940862,True,0 recent ranked games
NA,H3_recent_volume,behavior_only,6h_window,recent_games_5,-0.0006168255062855732,-0.06168255062855733,0.0066770028337634684,-0.013703510585133853,0.012469859572562705,-1.3703510585133853,1.2469859572562705,-0.0923805967501592,0.9263956550488948,True,0 recent ranked games
NA,H3_recent_volume,behavior_only,6h_window,recent_games_6+,0.0030186558432343307,0.3018655843234331,0.004948017850392666,-0.0066792809383965914,0.012716592624865252,-0.6679280938396591,1.2716592624865253,0.6100737577158852,0.5418129493886255,True,0 recent ranked games
NA,H3_recent_volume,adjusted,6h_window,recent_games_1,-0.015106098955851965,-1.5106098955851965,0.008249083384191948,-0.031274005294335966,0.0010618073826320386,-3.1274005294335967,0.10618073826320386,-1.8312457581408854,0.06706386970229025,True,0 recent ranked games
NA,H3_recent_volume,adjusted,6h_window,recent_games_2,-0.015920393000679576,-1.5920393000679576,0.008595312735595701,-0.0327668963983056,0.0009261103969464488,-3.2766896398305603,0.09261103969464488,-1.8522180042092682,0.06399452444065036,True,0 recent ranked games
NA,H3_recent_volume,adjusted,6h_window,recent_games_3,-0.010790637296809121,-1.079063729680912,0.008833933980016659,-0.02810482973944635,0.006523555145828107,-2.810482973944635,0.6523555145828107,-1.2214985216347263,0.22189732501634732,True,0 recent ranked games
NA,H3_recent_volume,adjusted,6h_window,recent_games_4,-0.012272526223990067,-1.2272526223990066,0.009024623381863156,-0.029960463026479915,0.0054154105784997835,-2.9960463026479913,0.5415410578499783,-1.3598934498091346,0.1738636441004427,True,0 recent ranked games
NA,H3_recent_volume,adjusted,6h_window,recent_games_5,-0.013643047627195561,-1.3643047627195561,0.009931863898025957,-0.033109143166680025,0.0058230479122889055,-3.3109143166680024,0.5823047912288906,-1.3736643763218739,0.16954590113831816,True,0 recent ranked games
NA,H3_recent_volume,adjusted,6h_window,recent_games_6+,-0.008922375908282121,-0.8922375908282121,0.009456892246968338,-0.027457544118016132,0.009612792301451888,-2.745754411801613,0.9612792301451888,-0.9434786476648742,0.34543613189406897,True,0 recent ranked games
NA,H3_recent_volume,adjusted,6h_window,prior_win_rate,-0.31403579584492697,-31.403579584492697,0.019363188309601057,-0.35198694755761206,-0.2760846441322419,-35.19869475576121,-27.608464413224187,-16.218186324677493,3.7510871294954955e-59,False,
NA,H3_recent_volume,adjusted,6h_window,log1p_prior_matches,-0.009992496540514902,-0.9992496540514902,0.0031499949501838775,-0.016166373194358343,-0.0038186198866714607,-1.6166373194358343,-0.38186198866714605,-3.1722262094203044,0.0015127512439684196,False,
NA,H3_recent_volume,adjusted,6h_window,log1p_prev_kda,0.006661675952490327,0.6661675952490327,0.0028704403753416394,0.0010357161970510785,0.012287635707929574,0.10357161970510785,1.2287635707929574,2.320785343502373,0.02029843192279268,False,
NA,H3_recent_volume,adjusted,6h_window,log1p_prev_loss_streak,0.0016571444230813132,0.16571444230813132,0.005810962449780017,-0.009732132694002162,0.01304642154016479,-0.9732132694002162,1.304642154016479,0.2851755517959072,0.7755096498522143,False,
NA,H3_recent_volume,adjusted,6h_window,prev_queue_was_flex440,-0.01811931885773814,-1.811931885773814,0.014620030252364859,-0.0467740516052593,0.010535413889783022,-4.67740516052593,1.0535413889783023,-1.2393489305404997,0.21521630539716152,False,
NA,H3_recent_volume,adjusted,6h_window,prev_ranked_win,0.0024578847581209476,0.24578847581209476,0.006836794661303613,-0.010941986547729852,0.015857756063971745,-1.0941986547729852,1.5857756063971746,0.35950834855880953,0.7192148334646945,False,
NA,H3_recent_volume,adjusted,6h_window,log1p_gap_from_prev_ranked,-0.003266256590617874,-0.3266256590617874,0.0015538438933321542,-0.006311734659146393,-0.00022077852208935442,-0.6311734659146393,-0.02207785220893544,-2.1020493787271777,0.03554895053460236,False,
NA,H3_recent_volume,adjusted,6h_window,session_depth_control,-3.974101136261052e-06,-0.00039741011362610517,0.0011925078870790643,-0.002341246611091185,0.0023332984088186627,-0.2341246611091185,0.23332984088186626,-0.003332557527980161,0.9973410087222043,False,
NA,H3_recent_volume,adjusted,6h_window,patch_15.21,0.0037891666651216106,0.37891666651216105,0.012066436713664908,-0.01986061471539346,0.02743894804563668,-1.9860614715393459,2.743894804563668,0.3140253212309549,0.7535018072590998,False,
NA,H3_recent_volume,adjusted,6h_window,patch_15.22,0.0014606528048675483,0.14606528048675482,0.01233532478181707,-0.02271613950509831,0.025637445114833405,-2.271613950509831,2.5637445114833404,0.11841218862924703,0.905741068594959,False,
NA,H3_recent_volume,adjusted,6h_window,patch_15.23,0.00842376244265231,0.8423762442652311,0.01330774108600422,-0.01765893080149991,0.03450645568680453,-1.7658930801499912,3.4506455686804527,0.6329971697083586,0.52673549124553,False,
NA,H3_recent_volume,adjusted,6h_window,patch_15.24,0.02469978644527747,2.469978644527747,0.014343860965882957,-0.003413664447103039,0.05281323733765798,-0.34136644471030386,5.281323733765798,1.7219761474282416,0.08507383946138061,False,
NA,H3_recent_volume,adjusted,6h_window,patch_16.1,0.021600652002141316,2.160065200214132,0.01715848538788093,-0.012029361387362086,0.055230665391644715,-1.2029361387362085,5.523066539164471,1.2588903690414246,0.20806993297465853,False,
NA,H3_recent_volume,adjusted_sensitivity,3h_window,recent_games_1,-0.020821193959248998,-2.0821193959248996,0.00858442823460962,-0.03764636412695261,-0.003996023791545386,-3.764636412695261,-0.3996023791545386,-2.425460775046697,0.015288967842873567,True,0 recent ranked games
NA,H3_recent_volume,adjusted_sensitivity,3h_window,recent_games_2,-0.016771206879858294,-1.6771206879858294,0.008859857704206298,-0.03413620888825236,0.0005937951285357769,-3.4136208888252364,0.05937951285357769,-1.8929431419531728,0.05836543116435689,True,0 recent ranked games
NA,H3_recent_volume,adjusted_sensitivity,3h_window,recent_games_3,-0.016721436758945017,-1.6721436758945016,0.00924078961499668,-0.034833051593050265,0.0013901780751602276,-3.4833051593050266,0.13901780751602277,-1.809524667871256,0.07036953138622996,True,0 recent ranked games
NA,H3_recent_volume,adjusted_sensitivity,3h_window,recent_games_4,-0.01669635747497588,-1.669635747497588,0.010663008498710774,-0.03759547009929351,0.00420275514934175,-3.759547009929351,0.420275514934175,-1.565820516507567,0.1173906417241434,True,0 recent ranked games
NA,H3_recent_volume,adjusted_sensitivity,3h_window,recent_games_5,-0.009347354424496837,-0.9347354424496838,0.01273174085937011,-0.03430110796935929,0.015606399120365615,-3.4301107969359292,1.5606399120365615,-0.734177244710217,0.462840720187664,True,0 recent ranked games
NA,H3_recent_volume,adjusted_sensitivity,3h_window,recent_games_6+,-0.015548891913272989,-1.5548891913272989,0.02193418336798601,-0.05853910134482303,0.027441317518277053,-5.853910134482303,2.7441317518277053,-0.7088885714326315,0.4783936277624391,True,0 recent ranked games
NA,H3_recent_volume,adjusted_sensitivity,3h_window,prior_win_rate,-0.3141681671845978,-31.416816718459778,0.0193652356323933,-0.3521233315762204,-0.27621300279297517,-35.21233315762204,-27.621300279297518,-16.22330722684682,3.451011913928354e-59,False,
NA,H3_recent_volume,adjusted_sensitivity,3h_window,log1p_prior_matches,-0.010000937850546092,-1.0000937850546092,0.0030942852746378975,-0.016065625546729002,-0.0039362501543631825,-1.6065625546729003,-0.3936250154363182,-3.232067169927127,0.0012289816354440297,False,
NA,H3_recent_volume,adjusted_sensitivity,3h_window,log1p_prev_kda,0.006721342154904976,0.6721342154904976,0.0028738097717323787,0.0010887785038902397,0.012353905805919711,0.10887785038902398,1.2353905805919712,2.3388263972855943,0.01934441996549215,False,
NA,H3_recent_volume,adjusted_sensitivity,3h_window,log1p_prev_loss_streak,0.0015326540058132408,0.15326540058132407,0.005814973841784131,-0.009864485295126171,0.012929793306752651,-0.9864485295126171,1.292979330675265,0.2635702322167277,0.7921110988625022,False,
NA,H3_recent_volume,adjusted_sensitivity,3h_window,prev_queue_was_flex440,-0.017745708632292804,-1.7745708632292805,0.014618764630630679,-0.04639796080679692,0.010906543542211312,-4.639796080679693,1.090654354221131,-1.213899332855407,0.2247861677170566,False,
NA,H3_recent_volume,adjusted_sensitivity,3h_window,prev_ranked_win,0.0023215979221649723,0.23215979221649724,0.006839917413999166,-0.011084393866501735,0.01572758971083168,-1.1084393866501734,1.5727589710831678,0.3394189990384079,0.7342941080279624,False,
NA,H3_recent_volume,adjusted_sensitivity,3h_window,log1p_gap_from_prev_ranked,-0.00424359027698256,-0.42435902769825606,0.0016951136758658189,-0.007565952031380868,-0.0009212285225842524,-0.7565952031380868,-0.09212285225842524,-2.5034251905348164,0.012299767984667856,False,
NA,H3_recent_volume,adjusted_sensitivity,3h_window,session_depth_control,-0.00016311908071272574,-0.016311908071272575,0.0014989371628607135,-0.0031009819350083737,0.002774743773582922,-0.3100981935008374,0.2774743773582922,-0.10882316134014174,0.913342752822293,False,
NA,H3_recent_volume,adjusted_sensitivity,3h_window,patch_15.21,0.00410983390070393,0.41098339007039303,0.012061372591053821,-0.019530021981880114,0.02774968978328797,-1.9530021981880115,2.774968978328797,0.3407434659428631,0.7332967136248971,False,
NA,H3_recent_volume,adjusted_sensitivity,3h_window,patch_15.22,0.0017367639294344555,0.17367639294344556,0.012306637341708532,-0.02238380203111002,0.02585732988997893,-2.238380203111002,2.585732988997893,0.1411241658636006,0.8877718531032402,False,
NA,H3_recent_volume,adjusted_sensitivity,3h_window,patch_15.23,0.008498665332373267,0.8498665332373266,0.013281813898989692,-0.01753321155901004,0.03453054222375657,-1.753321155901004,3.4530542223756573,0.6398723395017404,0.5222555979972545,False,
NA,H3_recent_volume,adjusted_sensitivity,3h_window,patch_15.24,0.02499799442812668,2.4997994428126677,0.014293693025527096,-0.0030171291079777868,0.053013117964231145,-0.3017129107977787,5.301311796423114,1.7488828382897814,0.08031127368170116,False,
NA,H3_recent_volume,adjusted_sensitivity,3h_window,patch_16.1,0.021900145516749465,2.1900145516749467,0.01709825694114848,-0.01161182228631355,0.05541211331981248,-1.161182228631355,5.541211331981248,1.280840824426074,0.20024958138898896,False,
NA,H3_recent_volume,adjusted_sensitivity,12h_window,recent_games_1,-0.016307494713835666,-1.6307494713835666,0.007555390450056569,-0.03111578788508441,-0.001499201542586922,-3.111578788508441,-0.1499201542586922,-2.1583920542072805,0.030897362982072987,True,0 recent ranked games
NA,H3_recent_volume,adjusted_sensitivity,12h_window,recent_games_2,-0.012647572661627027,-1.2647572661627027,0.007922031684350139,-0.02817446944733848,0.002879324124084426,-2.817446944733848,0.2879324124084426,-1.5965061950726767,0.11037582373445363,True,0 recent ranked games
NA,H3_recent_volume,adjusted_sensitivity,12h_window,recent_games_3,-0.00943322750852427,-0.943322750852427,0.008329228606191117,-0.025758215595659613,0.0068917605786110725,-2.5758215595659615,0.6891760578611072,-1.132545155683751,0.2574053113032955,True,0 recent ranked games
NA,H3_recent_volume,adjusted_sensitivity,12h_window,recent_games_4,-0.012292806081461386,-1.2292806081461387,0.008609123402163542,-0.029166377888162866,0.004580765725240094,-2.9166377888162867,0.4580765725240094,-1.4278812728334345,0.15332603472348474,True,0 recent ranked games
NA,H3_recent_volume,adjusted_sensitivity,12h_window,recent_games_5,-0.004351351873587705,-0.43513518735877044,0.009211228173827097,-0.022405027347669467,0.013702323600494056,-2.2405027347669466,1.3702323600494055,-0.4723964917025606,0.6366438080401171,True,0 recent ranked games
NA,H3_recent_volume,adjusted_sensitivity,12h_window,recent_games_6+,-0.0036441080075415772,-0.3644108007541577,0.008172256724386335,-0.01966143685975407,0.012373220844670916,-1.9661436859754071,1.2373220844670916,-0.4459120816245794,0.6556607547646462,True,0 recent ranked games
NA,H3_recent_volume,adjusted_sensitivity,12h_window,prior_win_rate,-0.314031303729127,-31.403130372912702,0.019375785657956498,-0.3520071457908895,-0.27605546166736455,-35.200714579088945,-27.605546166736456,-16.207410077339123,4.47013466349445e-59,False,
NA,H3_recent_volume,adjusted_sensitivity,12h_window,log1p_prior_matches,-0.01043432769502243,-1.043432769502243,0.003136438843775647,-0.016581634868535148,-0.004287020521509713,-1.658163486853515,-0.4287020521509713,-3.3268073170722436,0.0008784709395497187,False,
NA,H3_recent_volume,adjusted_sensitivity,12h_window,log1p_prev_kda,0.006617403701992745,0.6617403701992746,0.002868720955008419,0.0009948139484808952,0.012239993455504595,0.09948139484808952,1.2239993455504594,2.3067435995960524,0.02106911811560139,False,
NA,H3_recent_volume,adjusted_sensitivity,12h_window,log1p_prev_loss_streak,0.0016141477391561699,0.16141477391561698,0.005819155041304222,-0.009791186562254795,0.013019482040567135,-0.9791186562254796,1.3019482040567136,0.27738524368211337,0.7814843110877097,False,
NA,H3_recent_volume,adjusted_sensitivity,12h_window,prev_queue_was_flex440,-0.018616463856138694,-1.8616463856138694,0.014623664591610446,-0.04727831977768881,0.01004539206541142,-4.727831977768881,1.004539206541142,-1.2730368465110247,0.2030049671240193,False,
NA,H3_recent_volume,adjusted_sensitivity,12h_window,prev_ranked_win,0.002345946505267649,0.23459465052676493,0.0068508210601866135,-0.011081416037226623,0.015773309047761922,-1.1081416037226623,1.5773309047761923,0.34243289740861316,0.7320251347194724,False,
NA,H3_recent_volume,adjusted_sensitivity,12h_window,log1p_gap_from_prev_ranked,-0.002887891098527518,-0.2887891098527518,0.0013738037155385113,-0.00558049690281031,-0.00019528529424472614,-0.558049690281031,-0.019528529424472613,-2.102113326571916,0.03554334976808474,False,
NA,H3_recent_volume,adjusted_sensitivity,12h_window,session_depth_control,-0.0005556862628066775,-0.05556862628066775,0.0010615542303332474,-0.0026362943218959795,0.0015249217962826243,-0.26362943218959795,0.15249217962826242,-0.5234647905196838,0.6006508469627323,False,
NA,H3_recent_volume,adjusted_sensitivity,12h_window,patch_15.21,0.004017414329656051,0.4017414329656051,0.012046227676688132,-0.0195927580662223,0.0276275867255344,-1.95927580662223,2.76275867255344,0.333499784121676,0.7387570523777722,False,
NA,H3_recent_volume,adjusted_sensitivity,12h_window,patch_15.22,0.001959941120292753,0.1959941120292753,0.012314889354842633,-0.02217679848879451,0.02609668072938002,-2.217679848879451,2.609668072938002,0.1591521501995499,0.8735490018637944,False,
NA,H3_recent_volume,adjusted_sensitivity,12h_window,patch_15.23,0.009175333084096172,0.9175333084096172,0.013288672283084595,-0.01686998599310529,0.03522065216129763,-1.686998599310529,3.5220652161297634,0.690462740643821,0.48990323319618145,False,
NA,H3_recent_volume,adjusted_sensitivity,12h_window,patch_15.24,0.025472388508100408,2.5472388508100408,0.01431832428769159,-0.0025910114147402324,0.05353578843094105,-0.25910114147402324,5.3535788430941045,1.7790062577362595,0.07523873603000318,False,
NA,H3_recent_volume,adjusted_sensitivity,12h_window,patch_16.1,0.02264180572575855,2.2641805725758553,0.01711803783043622,-0.0109089319078906,0.0561925433594077,-1.09089319078906,5.61925433594077,1.3226869779140784,0.18593949583971317,False,
NA,H3_recent_volume,adjusted_sensitivity,24h_window,recent_games_1,0.008033336009123121,0.8033336009123121,0.007407684940361116,-0.006485459682804404,0.022552131701050644,-0.6485459682804404,2.2552131701050646,1.0844597298345016,0.2781610128349127,True,0 recent ranked games
NA,H3_recent_volume,adjusted_sensitivity,24h_window,recent_games_2,0.010288751534300243,1.0288751534300244,0.007604728391614792,-0.00461624222547396,0.02519374529407445,-0.46162422254739605,2.519374529407445,1.352941354966068,0.17607436637757792,True,0 recent ranked games
NA,H3_recent_volume,adjusted_sensitivity,24h_window,recent_games_3,0.011109377011270183,1.1109377011270183,0.008152142071171414,-0.004868527845079549,0.027087281867619915,-0.4868527845079549,2.7087281867619915,1.3627555695522653,0.17295955806622867,True,0 recent ranked games
NA,H3_recent_volume,adjusted_sensitivity,24h_window,recent_games_4,0.0029489389339825266,0.29489389339825267,0.008077116551747525,-0.012881918606374975,0.018779796474340027,-1.2881918606374976,1.8779796474340027,0.365097979593288,0.715038269019691,True,0 recent ranked games
NA,H3_recent_volume,adjusted_sensitivity,24h_window,recent_games_5,0.012214377869309104,1.2214377869309103,0.008406562806040019,-0.004262182464303309,0.02869093820292152,-0.4262182464303309,2.869093820292152,1.45295742756281,0.14623557458509628,True,0 recent ranked games
NA,H3_recent_volume,adjusted_sensitivity,24h_window,recent_games_6+,0.019007002946385975,1.9007002946385976,0.0073721452547313715,0.004557863758314625,0.03345614213445733,0.45578637583146253,3.345614213445733,2.5782187259790446,0.009931111410298019,True,0 recent ranked games
NA,H3_recent_volume,adjusted_sensitivity,24h_window,prior_win_rate,-0.314181977185133,-31.4181977185133,0.01935973129217555,-0.35212635326817016,-0.2762376011020959,-35.212635326817015,-27.623760110209588,-16.22863315835965,3.1642729158457413e-59,False,
NA,H3_recent_volume,adjusted_sensitivity,24h_window,log1p_prior_matches,-0.011583588558542275,-1.1583588558542275,0.0032655294513272083,-0.017983908673598448,-0.005183268443486104,-1.7983908673598448,-0.5183268443486104,-3.547231385046722,0.0003893025155240162,False,
NA,H3_recent_volume,adjusted_sensitivity,24h_window,log1p_prev_kda,0.006533418117464772,0.6533418117464772,0.0028705730731014983,0.0009071982791953714,0.012159637955734173,0.09071982791953714,1.2159637955734173,2.27599784122749,0.022846138821657497,False,
NA,H3_recent_volume,adjusted_sensitivity,24h_window,log1p_prev_loss_streak,0.0017341676020425497,0.17341676020425498,0.005806731947451695,-0.009646817882840903,0.013115153086926002,-0.9646817882840903,1.3115153086926001,0.298647779462869,0.7652088054196444,False,
NA,H3_recent_volume,adjusted_sensitivity,24h_window,prev_queue_was_flex440,-0.017934794592266715,-1.7934794592266716,0.014611102402663107,-0.046572029075913055,0.010702439891379624,-4.657202907591305,1.0702439891379625,-1.2274771675679867,0.21964329831882645,False,
NA,H3_recent_volume,adjusted_sensitivity,24h_window,prev_ranked_win,0.0021829873874201593,0.21829873874201594,0.006839160959764376,-0.011221521778190408,0.015587496553030726,-1.1221521778190409,1.5587496553030726,0.31918935674462734,0.7495829272768073,False,
NA,H3_recent_volume,adjusted_sensitivity,24h_window,log1p_gap_from_prev_ranked,0.0005213073234516443,0.05213073234516443,0.001037847989861073,-0.0015128373581033499,0.0025554520050066385,-0.151283735810335,0.25554520050066387,0.5022964138721575,0.6154590314273555,False,
NA,H3_recent_volume,adjusted_sensitivity,24h_window,session_depth_control,0.0005951741959477361,0.05951741959477361,0.0009559176149335015,-0.0012783899015093546,0.0024687382934048267,-0.12783899015093547,0.2468738293404827,0.6226208060713887,0.533533735351271,False,
NA,H3_recent_volume,adjusted_sensitivity,24h_window,patch_15.21,0.005111453987674668,0.5111453987674668,0.012089557364352667,-0.01858364303548754,0.028806551010836873,-1.858364303548754,2.880655101083687,0.4227991012099689,0.6724418434805552,False,
NA,H3_recent_volume,adjusted_sensitivity,24h_window,patch_15.22,0.0035099607247044994,0.35099607247044995,0.01240990709501824,-0.020813010233019336,0.027832931682428338,-2.0813010233019336,2.783293168242834,0.2828353748202932,0.7773030358342651,False,
NA,H3_recent_volume,adjusted_sensitivity,24h_window,patch_15.23,0.011123410680794723,1.1123410680794723,0.013388405476728146,-0.015117381864011254,0.0373642032256007,-1.5117381864011254,3.7364203225600705,0.830824156030346,0.40607297432110256,False,
NA,H3_recent_volume,adjusted_sensitivity,24h_window,patch_15.24,0.02788408882679876,2.788408882679876,0.014448185425371634,-0.00043383424888616615,0.05620201190248368,-0.043383424888616615,5.620201190248368,1.929937082468024,0.05361463401476349,False,
NA,H3_recent_volume,adjusted_sensitivity,24h_window,patch_16.1,0.02569553740829951,2.569553740829951,0.017314851273849616,-0.00824094748611321,0.05963202230271223,-0.824094748611321,5.963202230271223,1.4840172174685167,0.13780435297071683,False,
KR,H1_session_depth,behavior_only,30m_session_boundary,session_depth_2,0.0015148666760418424,0.15148666760418425,0.003988967074251443,-0.006303365125007097,0.009333098477090782,-0.6303365125007097,0.9333098477090782,0.37976414641780853,0.7041204989398029,True,session depth 1
KR,H1_session_depth,behavior_only,30m_session_boundary,session_depth_3,0.002018758264301375,0.2018758264301375,0.004894846651455977,-0.007574964882398824,0.011612481411001574,-0.7574964882398825,1.1612481411001574,0.41242523168747136,0.6800277724742037,True,session depth 1
KR,H1_session_depth,behavior_only,30m_session_boundary,session_depth_4,0.01668698344821144,1.6686983448211439,0.005945938909512609,0.005033157331291362,0.028340809565131516,0.5033157331291362,2.8340809565131515,2.8064505374440984,0.005009060199600257,True,session depth 1
KR,H1_session_depth,behavior_only,30m_session_boundary,session_depth_5,0.013209315250838117,1.3209315250838116,0.006836337791050335,-0.00018966060577065014,0.026608291107446884,-0.018966060577065014,2.660829110744688,1.9322209718968022,0.05333223774562571,True,session depth 1
KR,H1_session_depth,behavior_only,30m_session_boundary,session_depth_6,0.008575680546023395,0.8575680546023395,0.008534559468970065,-0.008151748637073221,0.02530310972912001,-0.8151748637073221,2.5303109729120012,1.004818183903087,0.3149844062666428,True,session depth 1
KR,H1_session_depth,behavior_only,30m_session_boundary,session_depth_7,0.009464139240387148,0.9464139240387147,0.00978109520110714,-0.009706455083140404,0.0286347335639147,-0.9706455083140404,2.86347335639147,0.9675950438879161,0.33324665343142584,True,session depth 1
KR,H1_session_depth,behavior_only,30m_session_boundary,session_depth_8+,0.016288337992311094,1.6288337992311095,0.006460887989624784,0.0036252302244991225,0.028951445760123068,0.36252302244991225,2.895144576012307,2.5210680046562826,0.011699923820329392,True,session depth 1
KR,H1_session_depth,adjusted,30m_session_boundary,session_depth_2,0.006895658106100251,0.6895658106100251,0.007173184641427991,-0.007163525445554472,0.020954841657754974,-0.7163525445554473,2.0954841657754972,0.9613105546280081,0.3363960425607767,True,session depth 1
KR,H1_session_depth,adjusted,30m_session_boundary,session_depth_3,0.006886274275798369,0.6886274275798369,0.007319124269338571,-0.007458945690478269,0.021231494242075006,-0.7458945690478269,2.1231494242075004,0.9408604120367915,0.3467763971818303,True,session depth 1
KR,H1_session_depth,adjusted,30m_session_boundary,session_depth_4,0.0211902420494079,2.11902420494079,0.008315842568780965,0.0048914901134921585,0.03748899398532364,0.48914901134921585,3.748899398532364,2.5481773944301853,0.010828739080771782,True,session depth 1
KR,H1_session_depth,adjusted,30m_session_boundary,session_depth_5,0.017333591049783843,1.7333591049783843,0.008969536019955468,-0.00024637650736361594,0.0349135586069313,-0.024637650736361594,3.49135586069313,1.9324958405005548,0.053298334955014785,True,session depth 1
KR,H1_session_depth,adjusted,30m_session_boundary,session_depth_6,0.012750560137632856,1.2750560137632856,0.01050797656289211,-0.007844695476026666,0.033345815751292376,-0.7844695476026666,3.3345815751292376,1.2134172608131055,0.22497033030350277,True,session depth 1
KR,H1_session_depth,adjusted,30m_session_boundary,session_depth_7,0.013912925100925037,1.3912925100925038,0.011692387822497057,-0.009003733924443902,0.036829584126293974,-0.9003733924443902,3.6829584126293975,1.1899130709772983,0.23408056048324402,True,session depth 1
KR,H1_session_depth,adjusted,30m_session_boundary,session_depth_8+,0.02119853297792164,2.119853297792164,0.008940675514015587,0.003675130972991953,0.03872193498285133,0.3675130972991953,3.872193498285133,2.371021400417718,0.017739003952105408,True,session depth 1
KR,H1_session_depth,adjusted,30m_session_boundary,prior_win_rate,-0.2529335702796587,-25.293357027965868,0.019659113870149816,-0.2914647254331242,-0.2144024151261932,-29.14647254331242,-21.44024151261932,-12.86597005085312,6.995808650418377e-38,False,
KR,H1_session_depth,adjusted,30m_session_boundary,log1p_prior_matches,-0.006805493991384365,-0.6805493991384365,0.003054229308949861,-0.012791673437452751,-0.0008193145453159805,-1.279167343745275,-0.08193145453159806,-2.2282197251667086,0.02586586633354803,False,
KR,H1_session_depth,adjusted,30m_session_boundary,log1p_prev_kda,0.005357723468594061,0.5357723468594061,0.003043622583284513,-0.0006076671771763449,0.011323114114364468,-0.06076671771763449,1.1323114114364468,1.7603113796101144,0.07835502577915733,False,
KR,H1_session_depth,adjusted,30m_session_boundary,log1p_prev_loss_streak,0.005958841262996563,0.5958841262996564,0.006067783165382295,-0.005933795207151182,0.017851477733144307,-0.5933795207151182,1.7851477733144308,0.982045847813537,0.3260772617283621,False,
KR,H1_session_depth,adjusted,30m_session_boundary,prev_queue_was_flex440,0.024133205650501775,2.4133205650501774,0.017229198069029256,-0.009635402047302608,0.05790181334830616,-0.9635402047302608,5.790181334830616,1.4007155500686348,0.16129915078050122,False,
KR,H1_session_depth,adjusted,30m_session_boundary,prev_ranked_win,0.014348768826285952,1.4348768826285951,0.007132449993008894,0.0003694237184555596,0.028328113934116345,0.03694237184555596,2.8328113934116343,2.0117587701772,0.04424537207230086,False,
KR,H1_session_depth,adjusted,30m_session_boundary,log1p_gap_from_prev_ranked,0.0011246836496652452,0.11246836496652453,0.0015869042533249607,-0.0019855915337651043,0.004234958833095595,-0.19855915337651042,0.42349588330955945,0.7087281083964279,0.4784932183469874,False,
KR,H1_session_depth,adjusted,30m_session_boundary,recent_volume_control,0.0004747138617576633,0.04747138617576633,0.0012874870668945118,-0.002048714419916691,0.0029981421434320176,-0.2048714419916691,0.29981421434320177,0.36871349931514164,0.7123412856481088,False,
KR,H1_session_depth,adjusted,30m_session_boundary,patch_15.21,0.002849234784481172,0.28492347844811716,0.012488287759391054,-0.021627359452497705,0.027325829021460045,-2.1627359452497705,2.7325829021460044,0.228152556969916,0.8195276427913241,False,
KR,H1_session_depth,adjusted,30m_session_boundary,patch_15.22,0.02034795023819053,2.034795023819053,0.012189707693697437,-0.0035434378235272533,0.04423933829990831,-0.35434378235272534,4.423933829990831,1.6692730252023376,0.09506328358656502,False,
KR,H1_session_depth,adjusted,30m_session_boundary,patch_15.23,0.016729736427113985,1.6729736427113986,0.013096320711858988,-0.008938580498115595,0.04239805335234356,-0.8938580498115596,4.239805335234356,1.2774378999412304,0.20144769149646974,False,
KR,H1_session_depth,adjusted,30m_session_boundary,patch_15.24,0.03209585926213124,3.2095859262131237,0.014391360615574042,0.0038893107670779324,0.06030240775718454,0.38893107670779326,6.030240775718454,2.2302171503782446,0.02573303022238647,False,
KR,H1_session_depth,adjusted_sensitivity,45m_session_boundary,session_depth_2,-0.008483946467596417,-0.8483946467596417,0.007724400832205902,-0.023623493900871206,0.006655600965678372,-2.362349390087121,0.6655600965678372,-1.0983306863392805,0.2720601169692054,True,session depth 1
KR,H1_session_depth,adjusted_sensitivity,45m_session_boundary,session_depth_3,-0.005380683105716791,-0.5380683105716791,0.008054509881186904,-0.02116723238596511,0.010405866174531531,-2.1167232385965113,1.040586617453153,-0.6680335843009605,0.5041121549388266,True,session depth 1
KR,H1_session_depth,adjusted_sensitivity,45m_session_boundary,session_depth_4,0.009335404972082196,0.9335404972082196,0.00921952345809198,-0.00873452896040026,0.027405338904564654,-0.873452896040026,2.7405338904564656,1.0125691435698347,0.31126600465707654,True,session depth 1
KR,H1_session_depth,adjusted_sensitivity,45m_session_boundary,session_depth_5,0.006324024003482535,0.6324024003482535,0.009435236697325721,-0.012168700108886526,0.024816748115851595,-1.2168700108886525,2.4816748115851595,0.6702559995421192,0.5026946110640075,True,session depth 1
KR,H1_session_depth,adjusted_sensitivity,45m_session_boundary,session_depth_6,0.00046723624511303723,0.04672362451130372,0.010852774400947488,-0.0208038107130823,0.021738283203308374,-2.08038107130823,2.1738283203308373,0.04305223971782236,0.9656598911540247,True,session depth 1
KR,H1_session_depth,adjusted_sensitivity,45m_session_boundary,session_depth_7,0.0061769747205518265,0.6176974720551827,0.012222218600589543,-0.01777813354777922,0.03013208298888287,-1.777813354777922,3.013208298888287,0.5053889905269635,0.6132856499742168,True,session depth 1
KR,H1_session_depth,adjusted_sensitivity,45m_session_boundary,session_depth_8+,0.008742185833149353,0.8742185833149353,0.009604594203098692,-0.010082472891046265,0.02756684455734497,-1.0082472891046266,2.7566844557344967,0.9102087655435663,0.36271242228686423,True,session depth 1
KR,H1_session_depth,adjusted_sensitivity,45m_session_boundary,prior_win_rate,-0.2529697266229486,-25.29697266229486,0.01965742379224296,-0.29149756928458553,-0.2144418839613116,-29.149756928458554,-21.44418839613116,-12.868915545422249,6.734098831406719e-38,False,
KR,H1_session_depth,adjusted_sensitivity,45m_session_boundary,log1p_prior_matches,-0.006766536884072426,-0.6766536884072426,0.003050863902294935,-0.012746120254303824,-0.000786953513841027,-1.2746120254303823,-0.07869535138410269,-2.217908468149782,0.026561074008218378,False,
KR,H1_session_depth,adjusted_sensitivity,45m_session_boundary,log1p_prev_kda,0.005321699260259329,0.5321699260259329,0.0030416468286052216,-0.0006398189774973802,0.011283217498016038,-0.06398189774973803,1.1283217498016038,1.7496111679407726,0.08018543133373371,False,
KR,H1_session_depth,adjusted_sensitivity,45m_session_boundary,log1p_prev_loss_streak,0.005871668214309183,0.5871668214309184,0.006065351710725743,-0.006016202692281678,0.017759539120900045,-0.6016202692281678,1.7759539120900045,0.9680672274826112,0.33301079589231214,False,
KR,H1_session_depth,adjusted_sensitivity,45m_session_boundary,prev_queue_was_flex440,0.025055092710448878,2.505509271044888,0.01721356741679799,-0.00868287947192736,0.05879306489282511,-0.8682879471927359,5.879306489282511,1.4555432992930144,0.1455189122024878,False,
KR,H1_session_depth,adjusted_sensitivity,45m_session_boundary,prev_ranked_win,0.014233060161052441,1.423306016105244,0.007126621857734897,0.0002651379884561107,0.02820098233364877,0.026513798845611072,2.820098233364877,1.9971678651091265,0.04580695064532473,False,
KR,H1_session_depth,adjusted_sensitivity,45m_session_boundary,log1p_gap_from_prev_ranked,-0.0016525036199893615,-0.16525036199893617,0.0016752437303040892,-0.004935920996711907,0.0016309137567331847,-0.4935920996711907,0.16309137567331847,-0.9864257899293257,0.32392421470821753,False,
KR,H1_session_depth,adjusted_sensitivity,45m_session_boundary,recent_volume_control,-0.00027845813016315243,-0.02784581301631524,0.0013979747988121139,-0.0030184383871295238,0.002461522126803219,-0.3018438387129524,0.2461522126803219,-0.19918680250871737,0.8421166226484813,False,
KR,H1_session_depth,adjusted_sensitivity,45m_session_boundary,patch_15.21,0.0033107121144401483,0.3310712114440148,0.01247142679695208,-0.021132835243413653,0.02775425947229395,-2.1132835243413655,2.775425947229395,0.26546378119697267,0.790652207625369,False,
KR,H1_session_depth,adjusted_sensitivity,45m_session_boundary,patch_15.22,0.020388711409103148,2.038871140910315,0.01219255099947063,-0.003508249429527127,0.04428567224773342,-0.3508249429527127,4.428567224773342,1.6722268711435675,0.09447959364894926,False,
KR,H1_session_depth,adjusted_sensitivity,45m_session_boundary,patch_15.23,0.016489297811565655,1.6489297811565655,0.01310277546246083,-0.009191670192372724,0.04217026581550404,-0.9191670192372724,4.217026581550404,1.2584583975209784,0.20822602374692215,False,
KR,H1_session_depth,adjusted_sensitivity,45m_session_boundary,patch_15.24,0.032097751970394904,3.2097751970394905,0.014384934305557038,0.0039037988115284174,0.060291705129261394,0.3903798811528417,6.0291705129261395,2.231345050911719,0.025658281662432256,False,
KR,H1_session_depth,adjusted_sensitivity,60m_session_boundary,session_depth_2,-0.008959303993906903,-0.8959303993906903,0.007881884122781187,-0.024407513004876105,0.006488905017062301,-2.4407513004876105,0.6488905017062301,-1.136695725836875,0.2556655067305056,True,session depth 1
KR,H1_session_depth,adjusted_sensitivity,60m_session_boundary,session_depth_3,-0.0026371478063732757,-0.26371478063732756,0.008287588019402459,-0.018880521843107734,0.01360622623036118,-1.8880521843107734,1.360622623036118,-0.31820450053734883,0.7503298191248695,True,session depth 1
KR,H1_session_depth,adjusted_sensitivity,60m_session_boundary,session_depth_4,0.011644687557425726,1.1644687557425726,0.009124780606592704,-0.00623955379832552,0.029528928913176974,-0.623955379832552,2.9528928913176973,1.276160826158645,0.20189867331087571,True,session depth 1
KR,H1_session_depth,adjusted_sensitivity,60m_session_boundary,session_depth_5,0.006842693769871501,0.6842693769871501,0.009852213499226865,-0.012467289856612496,0.026152677396355496,-1.2467289856612496,2.6152677396355495,0.6945336467189297,0.48734760768691465,True,session depth 1
KR,H1_session_depth,adjusted_sensitivity,60m_session_boundary,session_depth_6,0.0022633420371323595,0.22633420371323595,0.011097498397427592,-0.019487355140316687,0.02401403921458141,-1.9487355140316687,2.401403921458141,0.20395065230710047,0.8383920620423988,True,session depth 1
KR,H1_session_depth,adjusted_sensitivity,60m_session_boundary,session_depth_7,0.014251168936621171,1.425116893662117,0.012584677496389137,-0.010414345713353233,0.03891668358659557,-1.0414345713353232,3.8916683586595573,1.1324222603805456,0.2574569505393661,True,session depth 1
KR,H1_session_depth,adjusted_sensitivity,60m_session_boundary,session_depth_8+,0.015091832553524776,1.5091832553524775,0.01022544982643221,-0.004949680832003702,0.035133345939053255,-0.49496808320037017,3.5133345939053253,1.4759089144922741,0.1399683460548261,True,session depth 1
KR,H1_session_depth,adjusted_sensitivity,60m_session_boundary,prior_win_rate,-0.25303908864373015,-25.303908864373014,0.01966149983031922,-0.2915749201931962,-0.2145032570942641,-29.15749201931962,-21.45032570942641,-12.86977549156899,6.65954401059848e-38,False,
KR,H1_session_depth,adjusted_sensitivity,60m_session_boundary,log1p_prior_matches,-0.006932216836400076,-0.6932216836400076,0.003044206083896412,-0.012898751122354762,-0.0009656825504453896,-1.2898751122354761,-0.09656825504453896,-2.2771838191477594,0.022775250978736988,False,
KR,H1_session_depth,adjusted_sensitivity,60m_session_boundary,log1p_prev_kda,0.00532059859569214,0.532059859569214,0.0030416777322231875,-0.0006409802120427742,0.011282177403427053,-0.06409802120427742,1.1282177403427054,1.7492315307852389,0.08025100584506217,False,
KR,H1_session_depth,adjusted_sensitivity,60m_session_boundary,log1p_prev_loss_streak,0.0058168627634632855,0.5816862763463285,0.006064035216115609,-0.006068427861105871,0.01770215338803244,-0.6068427861105871,1.7702153388032442,0.9592396079766417,0.33743805130992743,False,
KR,H1_session_depth,adjusted_sensitivity,60m_session_boundary,prev_queue_was_flex440,0.024985736902266145,2.4985736902266145,0.01721406172231554,-0.008753204101121848,0.05872467790565414,-0.8753204101121848,5.8724677905654135,1.4514724825156025,0.1466483392684953,False,
KR,H1_session_depth,adjusted_sensitivity,60m_session_boundary,prev_ranked_win,0.01419441831859959,1.4194418318599589,0.007122846980030266,0.0002338947703503791,0.0281549418668488,0.02338947703503791,2.81549418668488,1.992801243434725,0.046283215561431716,False,
KR,H1_session_depth,adjusted_sensitivity,60m_session_boundary,log1p_gap_from_prev_ranked,-0.0017631216367777363,-0.17631216367777364,0.0017074692400530975,-0.005109699851991783,0.0015834565784363106,-0.5109699851991784,0.15834565784363105,-1.0325934988573546,0.30179417183731055,False,
KR,H1_session_depth,adjusted_sensitivity,60m_session_boundary,recent_volume_control,-0.0012398789948566155,-0.12398789948566155,0.0015021946511712795,-0.004184126408921033,0.0017043684192078023,-0.41841264089210334,0.17043684192078024,-0.8253783848117597,0.40915680264145604,False,
KR,H1_session_depth,adjusted_sensitivity,60m_session_boundary,patch_15.21,0.003344475863611067,0.3344475863611067,0.012470918434188799,-0.021098075121535623,0.027787026848757758,-2.109807512153562,2.7787026848757757,0.2681820012904781,0.7885592285991703,False,
KR,H1_session_depth,adjusted_sensitivity,60m_session_boundary,patch_15.22,0.020626419855604334,2.0626419855604334,0.01219118367609746,-0.003267861078459309,0.04452070078966798,-0.3267861078459309,4.452070078966798,1.6919128120467373,0.0906625987743896,False,
KR,H1_session_depth,adjusted_sensitivity,60m_session_boundary,patch_15.23,0.01686553848124263,1.6865538481242628,0.013101122521778166,-0.008812189818489146,0.042543266780974406,-0.8812189818489146,4.25432667809744,1.2873353755151,0.1979774184944311,False,
KR,H1_session_depth,adjusted_sensitivity,60m_session_boundary,patch_15.24,0.03246039271848022,3.2460392718480215,0.014369735839986872,0.004296228004751528,0.0606245574322089,0.42962280047515283,6.06245574322089,2.258941505949762,0.02388702369548991,False,
KR,H1_session_depth,adjusted_sensitivity,90m_session_boundary,session_depth_2,-0.017537065018010715,-1.7537065018010716,0.008397123855200937,-0.03399512534792669,-0.0010790046880947458,-3.399512534792669,-0.10790046880947458,-2.0884609207173668,0.03675627703878678,True,session depth 1
KR,H1_session_depth,adjusted_sensitivity,90m_session_boundary,session_depth_3,-0.012060866700591233,-1.2060866700591233,0.009246816359956249,-0.030184293737761242,0.006062560336578775,-3.018429373776124,0.6062560336578775,-1.3043264006865491,0.19212231750553624,True,session depth 1
KR,H1_session_depth,adjusted_sensitivity,90m_session_boundary,session_depth_4,-0.0006967779938874069,-0.06967779938874069,0.00960651652688343,-0.019525204403467736,0.018131648415692925,-1.9525204403467735,1.8131648415692925,-0.07253180608574432,0.9421786945229406,True,session depth 1
KR,H1_session_depth,adjusted_sensitivity,90m_session_boundary,session_depth_5,0.0007064921925731385,0.07064921925731385,0.010686932365230446,-0.020239510348493993,0.021652494733640268,-2.023951034849399,2.165249473364027,0.0661080437705104,0.9472918068599776,True,session depth 1
KR,H1_session_depth,adjusted_sensitivity,90m_session_boundary,session_depth_6,-0.006649351396847933,-0.6649351396847933,0.011809248181220703,-0.02979505251653565,0.01649634972283978,-2.979505251653565,1.649634972283978,-0.563063058275112,0.573391945576237,True,session depth 1
KR,H1_session_depth,adjusted_sensitivity,90m_session_boundary,session_depth_7,0.001360836392122166,0.13608363921221658,0.013486347214842688,-0.025071918431971568,0.0277935912162159,-2.5071918431971567,2.77935912162159,0.10090474243644479,0.9196260784059364,True,session depth 1
KR,H1_session_depth,adjusted_sensitivity,90m_session_boundary,session_depth_8+,0.0029945902833561624,0.2994590283356162,0.011434545029899766,-0.019416706154848855,0.02540588672156118,-1.9416706154848855,2.540588672156118,0.26188976260320984,0.793406432501488,True,session depth 1
KR,H1_session_depth,adjusted_sensitivity,90m_session_boundary,prior_win_rate,-0.2532175065271732,-25.321750652717316,0.019664779507876838,-0.2917597661265331,-0.21467524692781328,-29.175976612653308,-21.46752469278133,-12.876702046201203,6.088197562675975e-38,False,
KR,H1_session_depth,adjusted_sensitivity,90m_session_boundary,log1p_prior_matches,-0.006928167779198034,-0.6928167779198035,0.003041972107589927,-0.012890323552049693,-0.0009660120063463744,-1.2890323552049692,-0.09660120063463744,-2.277525083780941,0.022754888473205767,False,
KR,H1_session_depth,adjusted_sensitivity,90m_session_boundary,log1p_prev_kda,0.005345310032693941,0.5345310032693941,0.0030418676112771124,-0.0006166409311480847,0.011307260996535968,-0.06166409311480847,1.1307260996535968,1.7572461118548615,0.07887586861217954,False,
KR,H1_session_depth,adjusted_sensitivity,90m_session_boundary,log1p_prev_loss_streak,0.0059057154768134765,0.5905715476813477,0.006066148801634151,-0.005983717699250268,0.01779514865287722,-0.5983717699250268,1.7795148652877222,0.9735526888530239,0.3302786870166528,False,
KR,H1_session_depth,adjusted_sensitivity,90m_session_boundary,prev_queue_was_flex440,0.025459556785594306,2.5459556785594306,0.01721888649542386,-0.008288840599319572,0.059207954170508184,-0.8288840599319571,5.920795417050819,1.4785832285008969,0.1392517378869829,False,
KR,H1_session_depth,adjusted_sensitivity,90m_session_boundary,prev_ranked_win,0.014342077774241735,1.4342077774241735,0.007129114911316813,0.00036926930641332026,0.02831488624207015,0.036926930641332026,2.8314886242070147,2.011761341015139,0.04424510094009195,False,
KR,H1_session_depth,adjusted_sensitivity,90m_session_boundary,log1p_gap_from_prev_ranked,-0.003361057006137601,-0.3361057006137601,0.0017505260342130886,-0.006792024987194985,6.991097491978321e-05,-0.6792024987194986,0.006991097491978321,-1.9200268607535975,0.05485450662949253,False,
KR,H1_session_depth,adjusted_sensitivity,90m_session_boundary,recent_volume_control,-0.0010696799182835545,-0.10696799182835545,0.001777607216657283,-0.004553726041590318,0.0024143662050232096,-0.4553726041590318,0.24143662050232095,-0.6017526865665203,0.5473387734938652,False,
KR,H1_session_depth,adjusted_sensitivity,90m_session_boundary,patch_15.21,0.0035719673766104634,0.3571967376610463,0.012462311105660942,-0.020853713554618524,0.027997648307839452,-2.0853713554618523,2.7997648307839453,0.2866215861829926,0.774402084227765,False,
KR,H1_session_depth,adjusted_sensitivity,90m_session_boundary,patch_15.22,0.02074808699126917,2.074808699126917,0.012176659378773389,-0.0031177268431385394,0.04461390082567688,-0.31177268431385396,4.4613900825676875,1.7039227546627178,0.08839551931346103,False,
KR,H1_session_depth,adjusted_sensitivity,90m_session_boundary,patch_15.23,0.016700030616018144,1.6700030616018144,0.01310179484803904,-0.008979015418970806,0.0423790766510071,-0.8979015418970806,4.2379076651007095,1.274636857752177,0.20243780540330827,False,
KR,H1_session_depth,adjusted_sensitivity,90m_session_boundary,patch_15.24,0.03238211577274638,3.2382115772746376,0.014372724620492126,0.004212093156869694,0.060552138388623056,0.42120931568696945,6.055213838862306,2.253025548585067,0.02425753812508845,False,
KR,H2_post_loss_requeue,behavior_only,categorical_requeue_gap,post_loss_gap_5-10m,-0.00861990270379546,-0.861990270379546,0.007111147962671083,-0.022557496599366164,0.005317691191775244,-2.2557496599366162,0.5317691191775245,-1.2121675359652704,0.22544825570740737,True,<=5m
KR,H2_post_loss_requeue,behavior_only,categorical_requeue_gap,post_loss_gap_10-20m,-0.019836070415464778,-1.9836070415464777,0.008976913671743936,-0.03743049790440811,-0.002241642926521445,-3.743049790440811,-0.2241642926521445,-2.2096759689136283,0.027127658712320576,True,<=5m
KR,H2_post_loss_requeue,behavior_only,categorical_requeue_gap,post_loss_gap_20-30m,0.0056181937906990605,0.5618193790699061,0.013138467635144603,-0.020132729586229497,0.031369117167627615,-2.0132729586229496,3.1369117167627616,0.42761408306633364,0.6689321110284441,True,<=5m
KR,H2_post_loss_requeue,behavior_only,categorical_requeue_gap,post_loss_gap_30-60m,-0.012542605409577839,-1.2542605409577838,0.011256054635821869,-0.034604067103803815,0.009518856284648138,-3.4604067103803815,0.9518856284648137,-1.114298554456335,0.265151126935754,True,<=5m
KR,H2_post_loss_requeue,behavior_only,categorical_requeue_gap,post_loss_gap_1-2h,-0.0022048288574794367,-0.22048288574794367,0.011483217354317747,-0.024711521298587547,0.020301863583628673,-2.471152129858755,2.0301863583628674,-0.19200445218868994,0.8477387179707481,True,<=5m
KR,H2_post_loss_requeue,behavior_only,categorical_requeue_gap,post_loss_gap_2-6h,-0.01549928171670009,-1.549928171670009,0.011615925333421285,-0.038266077017312224,0.007267513583912045,-3.8266077017312226,0.7267513583912045,-1.3343131323430284,0.18210125552845363,True,<=5m
KR,H2_post_loss_requeue,behavior_only,categorical_requeue_gap,post_loss_gap_6-24h,-0.0025778391432956013,-0.2577839143295601,0.009136478681133688,-0.020485008303835643,0.015329330017244439,-2.0485008303835643,1.5329330017244438,-0.2821479952247569,0.7778300326644128,True,<=5m
KR,H2_post_loss_requeue,behavior_only,categorical_requeue_gap,post_loss_gap_>24h,-0.009496452116096309,-0.9496452116096309,0.009360517086345034,-0.027842728482004378,0.00884982424981176,-2.784272848200438,0.8849824249811761,-1.0145221709973238,0.31033365563989235,True,<=5m
KR,H2_post_loss_requeue,adjusted,categorical_requeue_gap,post_loss_gap_5-10m,-0.006419616594132655,-0.6419616594132654,0.007148690949560987,-0.02043079339187963,0.00759156020361432,-2.0430793391879627,0.7591560203614319,-0.8980128864749558,0.3691786793610114,True,<=5m
KR,H2_post_loss_requeue,adjusted,categorical_requeue_gap,post_loss_gap_10-20m,-0.016606758125758573,-1.6606758125758574,0.009025797124405772,-0.03429699542135907,0.001083479169841927,-3.429699542135907,0.1083479169841927,-1.8399214935658001,0.06577976396502208,True,<=5m
KR,H2_post_loss_requeue,adjusted,categorical_requeue_gap,post_loss_gap_20-30m,0.008189919919439185,0.8189919919439185,0.013137103047016098,-0.017558328913903774,0.03393816875278215,-1.7558328913903773,3.3938168752782145,0.623419020930905,0.5330092017267589,True,<=5m
KR,H2_post_loss_requeue,adjusted,categorical_requeue_gap,post_loss_gap_30-60m,-0.0069279862624715,-0.6927986262471499,0.012315420494696862,-0.031065766886543805,0.017209794361600805,-3.1065766886543806,1.7209794361600805,-0.5625456528629905,0.5737443082605584,True,<=5m
KR,H2_post_loss_requeue,adjusted,categorical_requeue_gap,post_loss_gap_1-2h,0.0036384761642525992,0.3638476164252599,0.012560381037855383,-0.020979418302043775,0.028256370630548974,-2.0979418302043773,2.8256370630548973,0.28967880459093537,0.7720619728905488,True,<=5m
KR,H2_post_loss_requeue,adjusted,categorical_requeue_gap,post_loss_gap_2-6h,-0.006643110621943469,-0.6643110621943469,0.01243165095371671,-0.031008698759601237,0.017722477515714298,-3.100869875960124,1.7722477515714299,-0.5343707482357657,0.5930850529993414,True,<=5m
KR,H2_post_loss_requeue,adjusted,categorical_requeue_gap,post_loss_gap_6-24h,0.010121156454584881,1.012115645458488,0.010367386840452325,-0.01019854836649618,0.03044086127566594,-1.019854836649618,3.0440861275665942,0.9762495226948914,0.3289408274706935,True,<=5m
KR,H2_post_loss_requeue,adjusted,categorical_requeue_gap,post_loss_gap_>24h,-0.003175538483035747,-0.3175538483035747,0.010761315346476329,-0.024267328988407527,0.01791625202233603,-2.426732898840753,1.791625202233603,-0.2950883215289794,0.7679264107893999,True,<=5m
KR,H2_post_loss_requeue,adjusted,categorical_requeue_gap,prior_win_rate,-0.3273750910031933,-32.73750910031933,0.030042964438108746,-0.38625821929070403,-0.26849196271568254,-38.625821929070405,-26.849196271568253,-10.896897064789192,1.1925501792763807e-27,False,
KR,H2_post_loss_requeue,adjusted,categorical_requeue_gap,log1p_prior_matches,0.009441021316385996,0.9441021316385997,0.0044024929759213,0.0008122936413896848,0.018069748991382306,0.08122936413896847,1.8069748991382306,2.144471636416477,0.03199511571564154,False,
KR,H2_post_loss_requeue,adjusted,categorical_requeue_gap,log1p_prev_kda,0.005134201186957452,0.5134201186957452,0.005766066252983958,-0.006167081001362926,0.01643548337527783,-0.6167081001362926,1.643548337527783,0.8904166136316047,0.3732422248578842,False,
KR,H2_post_loss_requeue,adjusted,categorical_requeue_gap,log1p_prev_loss_streak,0.020535255774883552,2.0535255774883554,0.006323004745455064,0.008142394199715774,0.03292811735005133,0.8142394199715774,3.2928117350051327,3.2477052606427605,0.0011633971609324393,False,
KR,H2_post_loss_requeue,adjusted,categorical_requeue_gap,prev_queue_was_flex440,0.006126235351560599,0.6126235351560599,0.027174469924050256,-0.0471347469985448,0.059387217701666,-4.71347469985448,5.9387217701666,0.2254408409320503,0.8216363427920036,False,
KR,H2_post_loss_requeue,adjusted,categorical_requeue_gap,session_depth_control,0.00011144823634688745,0.011144823634688744,0.0019370937217129806,-0.0036851856928892084,0.003908082165582983,-0.36851856928892085,0.39080821655829834,0.05753373473759095,0.9541200341694631,False,
KR,H2_post_loss_requeue,adjusted,categorical_requeue_gap,recent_volume_control,0.002855883884515089,0.28558838845150886,0.0018626132691340743,-0.0007947710401141075,0.0065065388091442855,-0.07947710401141074,0.6506538809144286,1.533267228275886,0.1252100257717611,False,
KR,H2_post_loss_requeue,adjusted,categorical_requeue_gap,patch_15.21,0.03152166381123147,3.152166381123147,0.017854958118969273,-0.003473411047419335,0.06651673866988228,-0.34734110474193347,6.651673866988228,1.765429165456432,0.07749166528904415,False,
KR,H2_post_loss_requeue,adjusted,categorical_requeue_gap,patch_15.22,0.05387471980396509,5.387471980396509,0.01790254983192686,0.018786366901954843,0.08896307270597534,1.8786366901954843,8.896307270597534,3.009332207409168,0.0026182265614436507,False,
KR,H2_post_loss_requeue,adjusted,categorical_requeue_gap,patch_15.23,0.036865660860230826,3.6865660860230824,0.018177003491558635,0.001239388669917088,0.07249193305054456,0.12393886699170881,7.249193305054456,2.028148417166293,0.042545102660616126,False,
KR,H2_post_loss_requeue,adjusted,categorical_requeue_gap,patch_15.24,0.048673991029923126,4.867399102992312,0.020405503136776262,0.008679939795422552,0.08866804226442371,0.8679939795422552,8.86680422644237,2.3853364802458294,0.017063506316599374,False,
KR,H2_post_loss_requeue,adjusted_continuous_sensitivity,log2_1plus_gap,log2_1plus_post_loss_gap,0.0011293685680261022,0.11293685680261023,0.0009044302647909899,-0.0006432821774922624,0.002902019313544467,-0.06432821774922624,0.2902019313544467,1.248707182844102,0.21177219274400128,True,continuous: effect per doubling of (1+gap minutes)
KR,H2_post_loss_requeue,adjusted_continuous_sensitivity,log2_1plus_gap,prior_win_rate,-0.32539199557879056,-32.53919955787906,0.030083948510743228,-0.38435545117260467,-0.26642853998497645,-38.43554511726047,-26.642853998497646,-10.816133243366986,2.8870225666604065e-27,False,
KR,H2_post_loss_requeue,adjusted_continuous_sensitivity,log2_1plus_gap,log1p_prior_matches,0.010088256939753147,1.0088256939753146,0.004398703748550808,0.001466956013932234,0.01870955786557406,0.1466956013932234,1.8709557865574058,2.293461327800676,0.021821459350420735,False,
KR,H2_post_loss_requeue,adjusted_continuous_sensitivity,log2_1plus_gap,log1p_prev_kda,0.005148209569677785,0.5148209569677785,0.0057620099011445785,-0.006145122315128785,0.016441541454484357,-0.6145122315128785,1.6441541454484356,0.8934746135467648,0.37160306118097325,False,
KR,H2_post_loss_requeue,adjusted_continuous_sensitivity,log2_1plus_gap,log1p_prev_loss_streak,0.020704863064241037,2.0704863064241037,0.006335761167692991,0.008286999360915336,0.03312272676756674,0.8286999360915336,3.312272676756674,3.2679361668205362,0.0010833479642467982,False,
KR,H2_post_loss_requeue,adjusted_continuous_sensitivity,log2_1plus_gap,prev_queue_was_flex440,0.004438634295762907,0.44386342957629066,0.027238788214575187,-0.048948409587318546,0.057825678178844354,-4.894840958731854,5.782567817884435,0.16295270776355023,0.8705556706007282,False,
KR,H2_post_loss_requeue,adjusted_continuous_sensitivity,log2_1plus_gap,session_depth_control,0.00021705092739979226,0.021705092739979226,0.0016447360345485066,-0.003006572464390507,0.0034406743191900914,-0.3006572464390507,0.3440674319190091,0.13196702865416,0.895010370939365,False,
KR,H2_post_loss_requeue,adjusted_continuous_sensitivity,log2_1plus_gap,recent_volume_control,0.0024499005618633662,0.24499005618633662,0.001616687422641016,-0.0007187485607719098,0.005618549684498642,-0.07187485607719098,0.5618549684498643,1.515382953781638,0.12967545169498812,False,
KR,H2_post_loss_requeue,adjusted_continuous_sensitivity,log2_1plus_gap,patch_15.21,0.030184881826638164,3.0184881826638166,0.017864002591332487,-0.004827919872103709,0.06519768352538004,-0.48279198721037087,6.519768352538004,1.6897042906433353,0.0910845420001378,False,
KR,H2_post_loss_requeue,adjusted_continuous_sensitivity,log2_1plus_gap,patch_15.22,0.05285049905539803,5.285049905539803,0.01789572660656651,0.017775519429352474,0.08792547868144358,1.7775519429352473,8.792547868144359,2.9532468961615397,0.003144503536974975,False,
KR,H2_post_loss_requeue,adjusted_continuous_sensitivity,log2_1plus_gap,patch_15.23,0.03608467954401147,3.608467954401147,0.01813845505420795,0.0005339609025653766,0.07163539818545755,0.05339609025653766,7.163539818545756,1.9894020431271608,0.046656844318741696,False,
KR,H2_post_loss_requeue,adjusted_continuous_sensitivity,log2_1plus_gap,patch_15.24,0.0479157950797991,4.79157950797991,0.020347858374493818,0.008034725503269488,0.08779686465632872,0.8034725503269489,8.77968646563287,2.35483234637911,0.018531064319098015,False,
KR,H3_recent_volume,behavior_only,6h_window,recent_games_1,-0.002986270049995957,-0.2986270049995957,0.004618883656309933,-0.012039115665144106,0.006066575565152193,-1.2039115665144107,0.6066575565152192,-0.6465350227898389,0.517932923208422,True,0 recent ranked games
KR,H3_recent_volume,behavior_only,6h_window,recent_games_2,0.0011935992772450308,0.11935992772450307,0.0051012360398103845,-0.008804639637421056,0.011191838191911118,-0.8804639637421057,1.1191838191911119,0.23398236582861542,0.8149986687404668,True,0 recent ranked games
KR,H3_recent_volume,behavior_only,6h_window,recent_games_3,0.004797537881757758,0.4797537881757758,0.005762941598316645,-0.006497620095950561,0.01609269585946608,-0.649762009595056,1.609269585946608,0.8324807392042839,0.4051376455012884,True,0 recent ranked games
KR,H3_recent_volume,behavior_only,6h_window,recent_games_4,0.01085159573901125,1.085159573901125,0.006006890834419872,-0.000921693955515451,0.022624885433537953,-0.0921693955515451,2.262488543353795,1.806524546247937,0.07083644353249847,True,0 recent ranked games
KR,H3_recent_volume,behavior_only,6h_window,recent_games_5,-0.006773965895200541,-0.6773965895200541,0.006737045472298876,-0.019978332383114975,0.006430400592713894,-1.9978332383114976,0.6430400592713894,-1.0054802098417583,0.31466567416888136,True,0 recent ranked games
KR,H3_recent_volume,behavior_only,6h_window,recent_games_6+,0.011229863296691428,1.1229863296691427,0.004906646573808128,0.0016130127271606447,0.02084671386622221,0.16130127271606448,2.084671386622221,2.288704337629875,0.022096536832407504,True,0 recent ranked games
KR,H3_recent_volume,adjusted,6h_window,recent_games_1,-0.007324640918001967,-0.7324640918001968,0.008194444286014143,-0.023385456591909725,0.008736174755905792,-2.3385456591909723,0.8736174755905792,-0.893854502190379,0.37139974371244905,True,0 recent ranked games
KR,H3_recent_volume,adjusted,6h_window,recent_games_2,-0.004401402373688655,-0.44014023736886554,0.008579929401558597,-0.021217754990639805,0.012414950243262494,-2.1217754990639803,1.2414950243262495,-0.5129881806357419,0.6079595884756164,True,0 recent ranked games
KR,H3_recent_volume,adjusted,6h_window,recent_games_3,-0.0021962365635366716,-0.21962365635366715,0.008758612086809071,-0.01936280080823966,0.014970327681166315,-1.936280080823966,1.4970327681166316,-0.2507516649634842,0.8020061135505603,True,0 recent ranked games
KR,H3_recent_volume,adjusted,6h_window,recent_games_4,0.002562101630150872,0.2562101630150872,0.009022227321821398,-0.015121138980952338,0.020245342241254082,-1.5121138980952338,2.024534224125408,0.28397662115585415,0.7764282970245601,True,0 recent ranked games
KR,H3_recent_volume,adjusted,6h_window,recent_games_5,-0.015844675921054856,-1.5844675921054856,0.009552589255688424,-0.03456740682130845,0.0028780549791987374,-3.4567406821308446,0.28780549791987375,-1.6586786573723546,0.09718056230850615,True,0 recent ranked games
KR,H3_recent_volume,adjusted,6h_window,recent_games_6+,-0.0006458611154627645,-0.06458611154627646,0.009020095587999957,-0.01832492360505132,0.01703320137412579,-1.8324923605051322,1.703320137412579,-0.07160246908269989,0.9429182750775179,True,0 recent ranked games
KR,H3_recent_volume,adjusted,6h_window,prior_win_rate,-0.2530328921911988,-25.30328921911988,0.019657066269566915,-0.2915600341212671,-0.21450575026113053,-29.156003412126708,-21.450575026113054,-12.87236298241231,6.440128973245549e-38,False,
KR,H3_recent_volume,adjusted,6h_window,log1p_prior_matches,-0.007079939993678362,-0.7079939993678362,0.0030457615170037685,-0.013049522872503827,-0.0011103571148528965,-1.3049522872503827,-0.11103571148528965,-2.3245221118438613,0.020097527864542285,False,
KR,H3_recent_volume,adjusted,6h_window,log1p_prev_kda,0.00535992345646119,0.535992345646119,0.003044169022039674,-0.0006065381895890894,0.01132638510251147,-0.060653818958908944,1.132638510251147,1.7607180868261707,0.07828612991464766,False,
KR,H3_recent_volume,adjusted,6h_window,log1p_prev_loss_streak,0.005938052395817279,0.5938052395817279,0.006064226293516873,-0.005947612733576614,0.017823717525211173,-0.5947612733576614,1.7823717525211173,0.9791937352610862,0.327484263465449,False,
KR,H3_recent_volume,adjusted,6h_window,prev_queue_was_flex440,0.024640093927806618,2.4640093927806617,0.01723078131725162,-0.00913161687949219,0.058411804735105426,-0.9131616879492189,5.841180473510542,1.4300044480941048,0.1527157424340479,False,
KR,H3_recent_volume,adjusted,6h_window,prev_ranked_win,0.014366996942294968,1.4366996942294967,0.007125742128663583,0.00040079900699456494,0.02833319487759537,0.040079900699456494,2.833319487759537,2.016210618189949,0.043777956578909545,False,
KR,H3_recent_volume,adjusted,6h_window,log1p_gap_from_prev_ranked,-0.0008564516797869172,-0.08564516797869172,0.0015651173490852952,-0.003924025315572899,0.0022111219559990646,-0.3924025315572899,0.22111219559990647,-0.5472124376408294,0.5842327922757574,False,
KR,H3_recent_volume,adjusted,6h_window,session_depth_control,0.0022833600947229312,0.22833600947229313,0.001233607262789323,-0.0001344657114111798,0.004701185900857042,-0.013446571141117981,0.47011859008570417,1.850961941939285,0.06417502845480459,False,
KR,H3_recent_volume,adjusted,6h_window,patch_15.21,0.003286162425321376,0.32861624253213756,0.01247060534908966,-0.021155774924306904,0.02772809977494966,-2.1155774924306905,2.772809977494966,0.26351266304496296,0.7921554646584901,False,
KR,H3_recent_volume,adjusted,6h_window,patch_15.22,0.020774859678624448,2.0774859678624447,0.012172846026181051,-0.003083480122041928,0.04463319947929083,-0.30834801220419283,4.463319947929083,1.7066559154648306,0.08788602565575564,False,
KR,H3_recent_volume,adjusted,6h_window,patch_15.23,0.017111004695711005,1.7111004695711005,0.013080591996110096,-0.008526484513127677,0.042748493904549684,-0.8526484513127677,4.2748493904549685,1.3081215820201006,0.1908320743344497,False,
KR,H3_recent_volume,adjusted,6h_window,patch_15.24,0.03276359700637501,3.276359700637501,0.014364860260208607,0.0046089882534154705,0.06091820575933455,0.460898825341547,6.091820575933455,2.280815574456498,0.022559362383972454,False,
KR,H3_recent_volume,adjusted_sensitivity,3h_window,recent_games_1,-0.003727696013920249,-0.3727696013920249,0.007848808836217866,-0.019111078654447004,0.011655686626606505,-1.9111078654447005,1.1655686626606505,-0.47493780160869953,0.6348313067584004,True,0 recent ranked games
KR,H3_recent_volume,adjusted_sensitivity,3h_window,recent_games_2,-0.004818822599852313,-0.4818822599852313,0.008640483635952413,-0.02175385933532674,0.012116214135622111,-2.1753859335326737,1.2116214135622112,-0.5577028790149603,0.5770472914131776,True,0 recent ranked games
KR,H3_recent_volume,adjusted_sensitivity,3h_window,recent_games_3,0.004450120405997716,0.44501204059977156,0.00846367764518257,-0.012138382955316895,0.021038623767312328,-1.2138382955316895,2.1038623767312328,0.5257903942656268,0.5990338493411964,True,0 recent ranked games
KR,H3_recent_volume,adjusted_sensitivity,3h_window,recent_games_4,-0.001570823894122386,-0.1570823894122386,0.009672997470877222,-0.02052955055958877,0.017387902771344,-2.0529550559588774,1.7387902771344,-0.16239267081912423,0.8709966420738053,True,0 recent ranked games
KR,H3_recent_volume,adjusted_sensitivity,3h_window,recent_games_5,-0.006442580343673591,-0.6442580343673591,0.011810236629821955,-0.029590218787020332,0.016705058099673147,-2.9590218787020333,1.6705058099673147,-0.545508150734717,0.585404076252714,True,0 recent ranked games
KR,H3_recent_volume,adjusted_sensitivity,3h_window,recent_games_6+,-0.011643384306900205,-1.1643384306900204,0.015813106377064148,-0.04263650328964659,0.019349734675846178,-4.263650328964659,1.9349734675846177,-0.73631227345616,0.4615406786149717,True,0 recent ranked games
KR,H3_recent_volume,adjusted_sensitivity,3h_window,prior_win_rate,-0.2531691496661985,-25.31691496661985,0.01965923723924313,-0.2917005466186437,-0.21463775271375335,-29.17005466186437,-21.463775271375336,-12.877872451777046,5.996587742134903e-38,False,
KR,H3_recent_volume,adjusted_sensitivity,3h_window,log1p_prior_matches,-0.006953323748555021,-0.695332374855502,0.0030598256479697746,-0.012950471817547713,-0.0009561756795623284,-1.2950471817547713,-0.09561756795623283,-2.2724575020046065,0.02305889204161543,False,
KR,H3_recent_volume,adjusted_sensitivity,3h_window,log1p_prev_kda,0.005341436097439554,0.5341436097439554,0.0030448686519329343,-0.0006263967980040235,0.01130926899288313,-0.06263967980040236,1.130926899288313,1.7542418764266627,0.07938907050728289,False,
KR,H3_recent_volume,adjusted_sensitivity,3h_window,log1p_prev_loss_streak,0.005949526882729764,0.5949526882729764,0.006066280324942019,-0.005940164074280529,0.01783921783974006,-0.594016407428053,1.783921783974006,0.9807537014515777,0.32671421471412826,False,
KR,H3_recent_volume,adjusted_sensitivity,3h_window,prev_queue_was_flex440,0.024510205524365558,2.451020552436556,0.017225907387258377,-0.00925195255568332,0.058272363604414436,-0.9251952555683319,5.827236360441444,1.4228687623442824,0.15477420320562638,False,
KR,H3_recent_volume,adjusted_sensitivity,3h_window,prev_ranked_win,0.014358801525325164,1.4358801525325164,0.007130812553689685,0.0003826657395872915,0.028334937311063037,0.03826657395872915,2.8334937311063038,2.0136276780821443,0.04404863825864279,False,
KR,H3_recent_volume,adjusted_sensitivity,3h_window,log1p_gap_from_prev_ranked,-0.00016093275256134757,-0.016093275256134756,0.0016875724677494343,-0.003468514010651621,0.0031466485055289253,-0.3468514010651621,0.3146648505528925,-0.09536346179904755,0.9240261370335815,False,
KR,H3_recent_volume,adjusted_sensitivity,3h_window,session_depth_control,0.00326922597372149,0.326922597372149,0.0016628753646645887,1.0050148199987168e-05,0.006528401799242993,0.0010050148199987168,0.6528401799242992,1.9660078218675825,0.049297707088169426,False,
KR,H3_recent_volume,adjusted_sensitivity,3h_window,patch_15.21,0.0031674646531185038,0.31674646531185036,0.012471463719170744,-0.02127615507095411,0.02761108437719112,-2.127615507095411,2.7611084377191117,0.25397697691647664,0.7995133447982085,False,
KR,H3_recent_volume,adjusted_sensitivity,3h_window,patch_15.22,0.020673229816209737,2.0673229816209737,0.012187271349080321,-0.00321338309780457,0.04455984273022404,-0.321338309780457,4.455984273022405,1.6962968349572183,0.08982967958750508,False,
KR,H3_recent_volume,adjusted_sensitivity,3h_window,patch_15.23,0.01707158637874775,1.7071586378747752,0.013115640504036111,-0.008634596643337787,0.04277776940083329,-0.8634596643337787,4.277776940083329,1.3016204868907673,0.19304615290266916,False,
KR,H3_recent_volume,adjusted_sensitivity,3h_window,patch_15.24,0.03252222288394324,3.252222288394324,0.014379170987921033,0.004339565620074787,0.060704880147811696,0.4339565620074787,6.070488014781169,2.2617592426756006,0.023712282261436037,False,
KR,H3_recent_volume,adjusted_sensitivity,12h_window,recent_games_1,-0.004246199045809013,-0.42461990458090126,0.008026695440417638,-0.01997823302389945,0.011485834932281426,-1.997823302389945,1.1485834932281427,-0.5290096126517637,0.5967987815780258,True,0 recent ranked games
KR,H3_recent_volume,adjusted_sensitivity,12h_window,recent_games_2,2.317538588372456e-05,0.002317538588372456,0.008364554460339799,-0.01637105010310615,0.0164174008748736,-1.637105010310615,1.64174008748736,0.0027706659085800357,0.9977893312768009,True,0 recent ranked games
KR,H3_recent_volume,adjusted_sensitivity,12h_window,recent_games_3,-0.0035382290351897096,-0.35382290351897094,0.00835981920242679,-0.019923173589212577,0.012846715518833159,-1.9923173589212577,1.2846715518833158,-0.42324229143168424,0.6721184937617861,True,0 recent ranked games
KR,H3_recent_volume,adjusted_sensitivity,12h_window,recent_games_4,-2.4656296795926207e-05,-0.002465629679592621,0.009214705231105184,-0.018085146677914922,0.01803583408432307,-1.8085146677914923,1.803583408432307,-0.0026757553473003505,0.9978650586674817,True,0 recent ranked games
KR,H3_recent_volume,adjusted_sensitivity,12h_window,recent_games_5,-0.006560353787318558,-0.6560353787318558,0.009063281509871417,-0.02432405912841434,0.011203351553777222,-2.432405912841434,1.1203351553777223,-0.7238386869229698,0.469164775298696,True,0 recent ranked games
KR,H3_recent_volume,adjusted_sensitivity,12h_window,recent_games_6+,-0.00047062806237704446,-0.047062806237704445,0.008325139942517244,-0.0167876025159667,0.015846346391212608,-1.6787602515966698,1.584634639121261,-0.05653094910435131,0.9549188411187131,True,0 recent ranked games
KR,H3_recent_volume,adjusted_sensitivity,12h_window,prior_win_rate,-0.2530105597680039,-25.30105597680039,0.0196515143259024,-0.29152682008844555,-0.2144942994475623,-29.152682008844554,-21.44942994475623,-12.874863258477442,6.234940517529097e-38,False,
KR,H3_recent_volume,adjusted_sensitivity,12h_window,log1p_prior_matches,-0.00693648608396586,-0.6936486083965859,0.0030575838490590453,-0.012929240307832941,-0.0009437318600987784,-1.292924030783294,-0.09437318600987785,-2.268616798882073,0.02329163914227717,False,
KR,H3_recent_volume,adjusted_sensitivity,12h_window,log1p_prev_kda,0.005391624818556632,0.5391624818556632,0.0030441769831284445,-0.0005748524309409156,0.011358102068054179,-0.05748524309409156,1.1358102068054179,1.7711272532570554,0.0765395429483155,False,
KR,H3_recent_volume,adjusted_sensitivity,12h_window,log1p_prev_loss_streak,0.005979109000755945,0.5979109000755944,0.0060649318751062765,-0.005907939043141334,0.017866157044653223,-0.5907939043141335,1.7866157044653224,0.9858493259087386,0.32420705656544924,False,
KR,H3_recent_volume,adjusted_sensitivity,12h_window,prev_queue_was_flex440,0.024428456432020948,2.442845643202095,0.017237974662616017,-0.009357353073120432,0.05821426593716233,-0.9357353073120432,5.821426593716232,1.4171303131683401,0.15644483135612908,False,
KR,H3_recent_volume,adjusted_sensitivity,12h_window,prev_ranked_win,0.014369798275752525,1.4369798275752526,0.0071189405132582855,0.0004169312616831983,0.02832266528982185,0.04169312616831983,2.832266528982185,2.018530460956974,0.0435360450495221,False,
KR,H3_recent_volume,adjusted_sensitivity,12h_window,log1p_gap_from_prev_ranked,-0.00028668462546985424,-0.028668462546985424,0.001455045185358097,-0.003138520784650132,0.002565151533710423,-0.3138520784650132,0.2565151533710423,-0.19702798810285682,0.8438056357175983,False,
KR,H3_recent_volume,adjusted_sensitivity,12h_window,session_depth_control,0.002617616735589237,0.26176167355892366,0.0011407273809426273,0.0003818321527629849,0.004853401318415489,0.03818321527629849,0.4853401318415489,2.294690895756529,0.021750844925415014,False,
KR,H3_recent_volume,adjusted_sensitivity,12h_window,patch_15.21,0.003081989488549323,0.3081989488549323,0.012473326964006487,-0.021365282128295728,0.027529261105394373,-2.136528212829573,2.752926110539437,0.24708640264484613,0.8048413566598663,False,
KR,H3_recent_volume,adjusted_sensitivity,12h_window,patch_15.22,0.020574805137484303,2.0574805137484304,0.01218832495018877,-0.0033138727967566353,0.04446348307172524,-0.3313872796756635,4.446348307172524,1.6880748767012193,0.09139685644731317,False,
KR,H3_recent_volume,adjusted_sensitivity,12h_window,patch_15.23,0.016895160727415256,1.6895160727415255,0.013095685320655125,-0.008771910853938657,0.04256223230876917,-0.8771910853938657,4.256223230876917,1.2901318498213623,0.19700488314207049,False,
KR,H3_recent_volume,adjusted_sensitivity,12h_window,patch_15.24,0.03252629479382414,3.2526294793824144,0.014386053752048692,0.0043301475601513935,0.060722442027496895,0.43301475601513933,6.0722442027496895,2.2609601878619516,0.023761722489303274,False,
KR,H3_recent_volume,adjusted_sensitivity,24h_window,recent_games_1,0.0091625436782649,0.91625436782649,0.007811199215352358,-0.006147125459893252,0.02447221281642305,-0.6147125459893252,2.447221281642305,1.1730008959772233,0.24079544639326136,True,0 recent ranked games
KR,H3_recent_volume,adjusted_sensitivity,24h_window,recent_games_2,0.0028405607849533217,0.28405607849533215,0.008024219069429883,-0.012886619595188756,0.0185677411650954,-1.2886619595188755,1.8567741165095402,0.35399840911311786,0.7233400754861481,True,0 recent ranked games
KR,H3_recent_volume,adjusted_sensitivity,24h_window,recent_games_3,0.001066601944043502,0.10666019440435019,0.00834125720649124,-0.015281961766464508,0.017415165654551513,-1.528196176646451,1.7415165654551514,0.1278706455920653,0.8982513417318636,True,0 recent ranked games
KR,H3_recent_volume,adjusted_sensitivity,24h_window,recent_games_4,0.006996868744712224,0.6996868744712224,0.008620623916656661,-0.009899243656199453,0.023892981145623902,-0.9899243656199452,2.3892981145623904,0.8116429637062536,0.4169965308725942,True,0 recent ranked games
KR,H3_recent_volume,adjusted_sensitivity,24h_window,recent_games_5,0.00911954257322151,0.911954257322151,0.0087841692848684,-0.008097112859223515,0.026336198005666535,-0.8097112859223515,2.6336198005666533,1.038179283376383,0.2991865956053135,True,0 recent ranked games
KR,H3_recent_volume,adjusted_sensitivity,24h_window,recent_games_6+,0.013084122321869967,1.3084122321869966,0.0076487974148395565,-0.0019072451362586347,0.028075489779998568,-0.19072451362586346,2.807548977999857,1.7106116964851557,0.0871528183392541,True,0 recent ranked games
KR,H3_recent_volume,adjusted_sensitivity,24h_window,prior_win_rate,-0.2530897705604415,-25.308977056044153,0.019651541887180417,-0.2916060848999954,-0.2145734562208876,-29.16060848999954,-21.45734562208876,-12.878875968788146,5.919132613043679e-38,False,
KR,H3_recent_volume,adjusted_sensitivity,24h_window,log1p_prior_matches,-0.008004007305763715,-0.8004007305763715,0.0031378301253994793,-0.014154041341151495,-0.0018539732703759344,-1.4154041341151495,-0.18539732703759343,-2.5508096314629904,0.010747301162146585,False,
KR,H3_recent_volume,adjusted_sensitivity,24h_window,log1p_prev_kda,0.005328424963054278,0.5328424963054278,0.0030437366783336497,-0.0006371893049032509,0.011294039231011806,-0.06371893049032509,1.1294039231011805,1.7506195594986302,0.08001146380504742,False,
KR,H3_recent_volume,adjusted_sensitivity,24h_window,log1p_prev_loss_streak,0.0061164669405176205,0.6116466940517621,0.006060077962341261,-0.005761067609176129,0.01799400149021137,-0.5761067609176129,1.799400149021137,1.009304992200888,0.3128283866743358,False,
KR,H3_recent_volume,adjusted_sensitivity,24h_window,prev_queue_was_flex440,0.024867394130784926,2.4867394130784923,0.017220937208960233,-0.008885022578802852,0.0586198108403727,-0.8885022578802853,5.861981084037271,1.4440209513014286,0.14873308198056318,False,
KR,H3_recent_volume,adjusted_sensitivity,24h_window,prev_ranked_win,0.014387825288182087,1.4387825288182088,0.007118231444974028,0.00043634802241248466,0.02833930255395169,0.043634802241248466,2.833930255395169,2.0212640456276403,0.04325243896686885,False,
KR,H3_recent_volume,adjusted_sensitivity,24h_window,log1p_gap_from_prev_ranked,0.0009222219872708602,0.09222219872708602,0.0011010891325376126,-0.0012358730562713107,0.003080317030813031,-0.12358730562713108,0.30803170308130307,0.837554345074201,0.4022810430728647,False,
KR,H3_recent_volume,adjusted_sensitivity,24h_window,session_depth_control,0.0026332774110446764,0.26332774110446766,0.000996573625101912,0.000680028997902407,0.004586525824186945,0.0680028997902407,0.45865258241869455,2.6423310277506,0.008233753819935406,False,
KR,H3_recent_volume,adjusted_sensitivity,24h_window,patch_15.21,0.004340493721883742,0.4340493721883742,0.012457196590622657,-0.020075162944071818,0.0287561503878393,-2.0075162944071816,2.87561503878393,0.34843262609752135,0.7275153037231856,False,
KR,H3_recent_volume,adjusted_sensitivity,24h_window,patch_15.22,0.022215765195185644,2.2215765195185644,0.012211438384912957,-0.0017182142386737188,0.046149744629045,-0.17182142386737187,4.614974462904501,1.8192586732970686,0.06887197515894478,False,
KR,H3_recent_volume,adjusted_sensitivity,24h_window,patch_15.23,0.0188184436354526,1.8818443635452602,0.013134991058767772,-0.006925665776987864,0.04456255304789307,-0.6925665776987864,4.456255304789307,1.4326955801687473,0.15194485315060685,False,
KR,H3_recent_volume,adjusted_sensitivity,24h_window,patch_15.24,0.03449214752630769,3.4492147526307693,0.014413695516408902,0.006241823430019788,0.0627424716225956,0.6241823430019787,6.2742471622595595,2.393012082643274,0.01671069077021182,False,
EU,H1_session_depth,behavior_only,30m_session_boundary,session_depth_2,0.000892851199914843,0.0892851199914843,0.001424080493669554,-0.001898295278763503,0.003683997678593189,-0.18982952787635032,0.3683997678593189,0.6269668069212538,0.530680993472137,True,session depth 1
EU,H1_session_depth,behavior_only,30m_session_boundary,session_depth_3,0.0007755502488841761,0.07755502488841762,0.001727655780465101,-0.00261059285850986,0.004161693356278213,-0.26105928585098603,0.41616933562782127,0.4489032234623675,0.6535014706346572,True,session depth 1
EU,H1_session_depth,behavior_only,30m_session_boundary,session_depth_4,0.0003416107276393184,0.034161072763931835,0.0020709307028376586,-0.003717338864400713,0.00440056031967935,-0.3717338864400713,0.440056031967935,0.16495517072166244,0.8689792671747321,True,session depth 1
EU,H1_session_depth,behavior_only,30m_session_boundary,session_depth_5,0.006056644567059698,0.6056644567059698,0.002540131749559805,0.0010780778219357636,0.011035211312183633,0.10780778219357635,1.1035211312183633,2.384382057391035,0.017107830870006894,True,session depth 1
EU,H1_session_depth,behavior_only,30m_session_boundary,session_depth_6,0.004594534303351637,0.4594534303351637,0.0030386648331439787,-0.0013611393306989733,0.010550207937402249,-0.13611393306989733,1.055020793740225,1.512024048600933,0.13052774478531967,True,session depth 1
EU,H1_session_depth,behavior_only,30m_session_boundary,session_depth_7,0.0031170023367203836,0.31170023367203836,0.003511262793120094,-0.0037649462780505153,0.009998950951491283,-0.37649462780505155,0.9998950951491283,0.887715480261911,0.3746938167592272,True,session depth 1
EU,H1_session_depth,behavior_only,30m_session_boundary,session_depth_8+,0.0044864334824489226,0.44864334824489227,0.0024312149748910088,-0.00027866030701190637,0.00925152727190975,-0.027866030701190637,0.9251527271909751,1.8453462687519226,0.0649871839138364,True,session depth 1
EU,H1_session_depth,adjusted,30m_session_boundary,session_depth_2,-0.004083233467308022,-0.4083233467308022,0.002370310130631488,-0.008728955955536168,0.0005624890209201252,-0.8728955955536167,0.056248902092012526,-1.7226578980279614,0.0849504081740369,True,session depth 1
EU,H1_session_depth,adjusted,30m_session_boundary,session_depth_3,-0.004101710342064157,-0.4101710342064157,0.0025122151226741668,-0.009025561503922398,0.0008221408197940832,-0.9025561503922398,0.08221408197940831,-1.6327066520075826,0.10253070773378432,True,session depth 1
EU,H1_session_depth,adjusted,30m_session_boundary,session_depth_4,-0.004472725047223252,-0.44727250472232516,0.002738027777098466,-0.009839160879006508,0.0008937107845600045,-0.9839160879006508,0.08937107845600045,-1.633557221235744,0.10235185646819497,True,session depth 1
EU,H1_session_depth,adjusted,30m_session_boundary,session_depth_5,0.001191790899919199,0.1191790899919199,0.003135069565500829,-0.004952832537490062,0.00733641433732846,-0.49528325374900617,0.733641433732846,0.3801481514266844,0.7038354442941571,True,session depth 1
EU,H1_session_depth,adjusted,30m_session_boundary,session_depth_6,-0.0003059359008621624,-0.03059359008621624,0.0035825923520755136,-0.0073276878822188096,0.0067158160804944855,-0.732768788221881,0.6715816080494486,-0.08539511917534343,0.931947273324386,True,session depth 1
EU,H1_session_depth,adjusted,30m_session_boundary,session_depth_7,-0.0018073279478848833,-0.18073279478848833,0.004065708383584501,-0.009775969951353065,0.006161314055583299,-0.9775969951353065,0.6161314055583299,-0.4445296556885534,0.6566596929817883,True,session depth 1
EU,H1_session_depth,adjusted,30m_session_boundary,session_depth_8+,-0.00019876288184647885,-0.019876288184647886,0.003167963055639555,-0.006407856375253465,0.006010330611560508,-0.6407856375253466,0.6010330611560508,-0.06274154033856061,0.9499723181297232,True,session depth 1
EU,H1_session_depth,adjusted,30m_session_boundary,prior_win_rate,-0.2698288240796156,-26.98288240796156,0.007735947278922967,-0.28499100213260525,-0.254666646026626,-28.499100213260526,-25.466664602662597,-34.87986853462403,1.5015513100808826e-266,False,
EU,H1_session_depth,adjusted,30m_session_boundary,log1p_prior_matches,-0.011164367799594612,-1.1164367799594612,0.0012179559004918525,-0.013551517499316693,-0.008777218099872532,-1.3551517499316692,-0.8777218099872532,-9.166479504788356,4.887190271063475e-20,False,
EU,H1_session_depth,adjusted,30m_session_boundary,log1p_prev_kda,0.006696317131297572,0.6696317131297572,0.001063423780762166,0.004612044820700308,0.008780589441894835,0.4612044820700308,0.8780589441894835,6.29694130640774,3.0357616001969373e-10,False,
EU,H1_session_depth,adjusted,30m_session_boundary,log1p_prev_loss_streak,-0.004660382381924209,-0.46603823819242085,0.0021195568508759663,-0.008814637472826237,-0.0005061272910221806,-0.8814637472826237,-0.05061272910221806,-2.1987531874873634,0.027895476770313007,False,
EU,H1_session_depth,adjusted,30m_session_boundary,prev_queue_was_flex440,-0.002552290280270405,-0.2552290280270405,0.0051499174706375744,-0.012645943046073662,0.007541362485532853,-1.2645943046073662,0.7541362485532853,-0.49559828770506964,0.6201778611307535,False,
EU,H1_session_depth,adjusted,30m_session_boundary,prev_ranked_win,0.0002594136280859067,0.02594136280859067,0.0024713851988373893,-0.004584412353560736,0.00510323960973255,-0.45844123535607356,0.5103239609732549,0.10496689395402317,0.9164020783582028,False,
EU,H1_session_depth,adjusted,30m_session_boundary,log1p_gap_from_prev_ranked,-0.0014242189750289036,-0.14242189750289036,0.0005399113879961889,-0.002482425850344465,-0.00036601209971334216,-0.2482425850344465,-0.03660120997133422,-2.6378754119536314,0.00834272262360781,False,
EU,H1_session_depth,adjusted,30m_session_boundary,recent_volume_control,0.00022715582239720645,0.022715582239720644,0.00041116543163456366,-0.0005787136152944041,0.001033025260088817,-0.05787136152944041,0.10330252600888169,0.5524681914385702,0.5806276216621082,False,
EU,H1_session_depth,adjusted,30m_session_boundary,patch_15.21,0.006432843979826059,0.643284397982606,0.003919146329223577,-0.0012485416755945097,0.014114229635246629,-0.12485416755945097,1.411422963524663,1.6413890779884381,0.10071667563173961,False,
EU,H1_session_depth,adjusted,30m_session_boundary,patch_15.22,0.01791254817655877,1.7912548176558771,0.00407010744778528,0.009935284165691383,0.02588981218742616,0.9935284165691384,2.588981218742616,4.401001301895791,1.0775247807553922e-05,False,
EU,H1_session_depth,adjusted,30m_session_boundary,patch_15.23,0.02392347883104537,2.392347883104537,0.004485269185409712,0.015132512766675028,0.03271444489541571,1.5132512766675028,3.271444489541571,5.33378886352393,9.618435590484071e-08,False,
EU,H1_session_depth,adjusted,30m_session_boundary,patch_15.24,0.038269112301769326,3.8269112301769326,0.004872665897460398,0.028718862634050407,0.047819361969488244,2.871886263405041,4.781936196948824,7.85383465788511,4.035061590503118e-15,False,
EU,H1_session_depth,adjusted,30m_session_boundary,patch_16.1,0.04806130158966164,4.806130158966164,0.005408761851654666,0.03746032315946432,0.05866228001985896,3.746032315946432,5.8662280019858954,8.885823208311265,6.344918542608474e-19,False,
EU,H1_session_depth,adjusted,30m_session_boundary,patch_16.2,0.03633018043826989,3.633018043826989,0.006139897348384127,0.024296202766664023,0.04836415810987575,2.429620276666402,4.8364158109875754,5.917066422589478,3.277343652608982e-09,False,
EU,H1_session_depth,adjusted_sensitivity,45m_session_boundary,session_depth_2,-0.007006597677053513,-0.7006597677053513,0.0025505082549086883,-0.012005501998946646,-0.0020076933551603808,-1.2005501998946646,-0.20076933551603807,-2.7471378159896833,0.00601178669775227,True,session depth 1
EU,H1_session_depth,adjusted_sensitivity,45m_session_boundary,session_depth_3,-0.006361583403012894,-0.6361583403012895,0.0026909414373370876,-0.011635731704700033,-0.0010874351013257563,-1.1635731704700032,-0.10874351013257563,-2.364073522650948,0.01807522504346927,True,session depth 1
EU,H1_session_depth,adjusted_sensitivity,45m_session_boundary,session_depth_4,-0.005844218067547077,-0.5844218067547078,0.0028703471136997385,-0.01146999503352706,-0.00021844110156709392,-1.146999503352706,-0.021844110156709392,-2.036066662339721,0.041743661796723855,True,session depth 1
EU,H1_session_depth,adjusted_sensitivity,45m_session_boundary,session_depth_5,-0.0002879634910001856,-0.028796349100018562,0.00321265138753949,-0.006584644505460218,0.006008717523459847,-0.6584644505460218,0.6008717523459847,-0.08963421680829538,0.9285778927556857,True,session depth 1
EU,H1_session_depth,adjusted_sensitivity,45m_session_boundary,session_depth_6,-0.003852476289481647,-0.3852476289481647,0.003650269810497992,-0.01100687365191156,0.0033019210729482652,-1.100687365191156,0.3301921072948265,-1.0553949405060743,0.29124473588955546,True,session depth 1
EU,H1_session_depth,adjusted_sensitivity,45m_session_boundary,session_depth_7,-0.003714866909505705,-0.3714866909505705,0.004030616684297481,-0.011614730446215017,0.0041849966272036075,-1.1614730446215016,0.41849966272036077,-0.9216621674738067,0.3567048202386926,True,session depth 1
EU,H1_session_depth,adjusted_sensitivity,45m_session_boundary,session_depth_8+,-0.003203257730857453,-0.3203257730857453,0.0032335312812818637,-0.009540862585053562,0.0031343471233386553,-0.9540862585053562,0.31343471233386555,-0.9906376194349326,0.32186256131257407,True,session depth 1
EU,H1_session_depth,adjusted_sensitivity,45m_session_boundary,prior_win_rate,-0.26996370429455396,-26.996370429455396,0.007735082002927137,-0.2851241864377551,-0.2548032221513528,-28.51241864377551,-25.48032221513528,-34.90120779487449,7.127317910219109e-267,False,
EU,H1_session_depth,adjusted_sensitivity,45m_session_boundary,log1p_prior_matches,-0.011231413750155282,-1.1231413750155284,0.0012175093257284835,-0.013617688179424756,-0.00884513932088581,-1.3617688179424756,-0.884513932088581,-9.224909832567473,2.837995752013056e-20,False,
EU,H1_session_depth,adjusted_sensitivity,45m_session_boundary,log1p_prev_kda,0.006706687600186149,0.670668760018615,0.0010634275149737622,0.004622407970668646,0.008790967229703652,0.46224079706686466,0.8790967229703652,6.306671123091659,2.851007353058795e-10,False,
EU,H1_session_depth,adjusted_sensitivity,45m_session_boundary,log1p_prev_loss_streak,-0.0046774773456667185,-0.46774773456667185,0.002118552491363694,-0.008829763928097163,-0.0005251907632362737,-0.8829763928097163,-0.05251907632362737,-2.2078647400687563,0.027253703430705777,False,
EU,H1_session_depth,adjusted_sensitivity,45m_session_boundary,prev_queue_was_flex440,-0.0025137999225347558,-0.25137999225347557,0.005150476138695993,-0.012608547657611827,0.007580947812542316,-1.2608547657611828,0.7580947812542316,-0.48807136560605524,0.6254992924699497,False,
EU,H1_session_depth,adjusted_sensitivity,45m_session_boundary,prev_ranked_win,0.00026717014941018106,0.026717014941018108,0.002470790709246242,-0.00457549065404863,0.005109830952868992,-0.457549065404863,0.5109830952868992,0.10813143679485746,0.9138914313914808,False,
EU,H1_session_depth,adjusted_sensitivity,45m_session_boundary,log1p_gap_from_prev_ranked,-0.0019288852043583943,-0.19288852043583943,0.0005688959619062489,-0.0030439008006449128,-0.0008138696080718759,-0.30439008006449125,-0.08138696080718759,-3.3905763681203007,0.0006974581964063398,False,
EU,H1_session_depth,adjusted_sensitivity,45m_session_boundary,recent_volume_control,0.00013617990332833263,0.013617990332833263,0.0004500786171424539,-0.0007459579764824688,0.001018317783139134,-0.07459579764824688,0.1018317783139134,0.3025691471257575,0.7622182299699243,False,
EU,H1_session_depth,adjusted_sensitivity,45m_session_boundary,patch_15.21,0.006524617176546438,0.6524617176546438,0.003917711156745186,-0.001153955592504881,0.014203189945597758,-0.1153955592504881,1.4203189945597758,1.6654155744261288,0.09582987432193603,False,
EU,H1_session_depth,adjusted_sensitivity,45m_session_boundary,patch_15.22,0.01804146444618084,1.804146444618084,0.004068724054146469,0.010066911837021963,0.026016017055339714,1.0066911837021963,2.6016017055339713,4.434182364319999,9.242237069858716e-06,False,
EU,H1_session_depth,adjusted_sensitivity,45m_session_boundary,patch_15.23,0.024075205067735275,2.4075205067735275,0.004482584432688552,0.015289501022005802,0.032860909113464745,1.5289501022005803,3.2860909113464745,5.370831365087197,7.837447466809551e-08,False,
EU,H1_session_depth,adjusted_sensitivity,45m_session_boundary,patch_15.24,0.03845018268688966,3.8450182686889662,0.004870511553914631,0.02890415545493077,0.04799620991884855,2.890415545493077,4.799620991884855,7.894485468571707,2.9151535677075665e-15,False,
EU,H1_session_depth,adjusted_sensitivity,45m_session_boundary,patch_16.1,0.04825416907857691,4.825416907857691,0.005406219167346474,0.0376581742180477,0.058850163939106116,3.76581742180477,5.885016393910612,8.925677554848637,4.429791854156023e-19,False,
EU,H1_session_depth,adjusted_sensitivity,45m_session_boundary,patch_16.2,0.03655184482524551,3.655184482524551,0.006136490426849714,0.02452454459714525,0.048579145053345776,2.452454459714525,4.857914505334578,5.956473860908491,2.5773831317288974e-09,False,
EU,H1_session_depth,adjusted_sensitivity,60m_session_boundary,session_depth_2,-0.01104926166752316,-1.104926166752316,0.0026755765025038066,-0.016293295250312263,-0.0058052280847340565,-1.6293295250312263,-0.5805228084734056,-4.129675102611811,3.632762361830104e-05,True,session depth 1
EU,H1_session_depth,adjusted_sensitivity,60m_session_boundary,session_depth_3,-0.008614016040118584,-0.8614016040118584,0.0028042490754123573,-0.014110243231606551,-0.003117788848630618,-1.4110243231606552,-0.31177888486306177,-3.07177280208318,0.0021279162169395207,True,session depth 1
EU,H1_session_depth,adjusted_sensitivity,60m_session_boundary,session_depth_4,-0.008127762723035867,-0.8127762723035867,0.002953698201206078,-0.013916904818600521,-0.0023386206274712126,-1.3916904818600522,-0.23386206274712126,-2.751724167254824,0.005928243063355352,True,session depth 1
EU,H1_session_depth,adjusted_sensitivity,60m_session_boundary,session_depth_5,-0.0015837140816529875,-0.15837140816529874,0.0033160619735401135,-0.008083076120294424,0.004915647956988449,-0.8083076120294423,0.4915647956988449,-0.4775888069312133,0.6329428990559678,True,session depth 1
EU,H1_session_depth,adjusted_sensitivity,60m_session_boundary,session_depth_6,-0.004867784071658362,-0.48677840716583626,0.003657788899174429,-0.012036918577090654,0.002301350433773929,-1.2036918577090654,0.23013504337739288,-1.3307996185228272,0.18325495351599483,True,session depth 1
EU,H1_session_depth,adjusted_sensitivity,60m_session_boundary,session_depth_7,-0.005895597511504415,-0.5895597511504415,0.0041283956658307395,-0.01398710433046392,0.002195909307455091,-1.398710433046392,0.21959093074550912,-1.428060193043069,0.15327453386938936,True,session depth 1
EU,H1_session_depth,adjusted_sensitivity,60m_session_boundary,session_depth_8+,-0.0024665451310244475,-0.24665451310244474,0.0033367217092701764,-0.009006399507626921,0.004073309245578027,-0.9006399507626921,0.40733092455780273,-0.7392121207386941,0.45977820192095764,True,session depth 1
EU,H1_session_depth,adjusted_sensitivity,60m_session_boundary,prior_win_rate,-0.27008392207355675,-27.008392207355676,0.007734707655227567,-0.28524367050874905,-0.25492417363836445,-28.524367050874904,-25.492417363836445,-34.91843959881513,3.9035365665310026e-267,False,
EU,H1_session_depth,adjusted_sensitivity,60m_session_boundary,log1p_prior_matches,-0.011392727734567964,-1.1392727734567965,0.001218200196729313,-0.013780356246117027,-0.009005099223018901,-1.3780356246117027,-0.9005099223018901,-9.352098091229792,8.592602949235836e-21,False,
EU,H1_session_depth,adjusted_sensitivity,60m_session_boundary,log1p_prev_kda,0.00672316586362726,0.672316586362726,0.001063358321893116,0.004639021850055803,0.008807309877198716,0.4639021850055803,0.8807309877198716,6.3225779355898455,2.5723520941323136e-10,False,
EU,H1_session_depth,adjusted_sensitivity,60m_session_boundary,log1p_prev_loss_streak,-0.004712425576596187,-0.47124255765961864,0.002117907098344714,-0.008863447211953555,-0.0005614039412388172,-0.8863447211953556,-0.05614039412388172,-2.225038850986081,0.026078630139933685,False,
EU,H1_session_depth,adjusted_sensitivity,60m_session_boundary,prev_queue_was_flex440,-0.0024716894487084224,-0.24716894487084223,0.005149844022391851,-0.012565198258595334,0.00762181936117849,-1.2565198258595334,0.762181936117849,-0.47995423511107493,0.6312599352032146,False,
EU,H1_session_depth,adjusted_sensitivity,60m_session_boundary,prev_ranked_win,0.0002838236800871325,0.02838236800871325,0.0024705527441614096,-0.004558370720375828,0.005126018080550093,-0.45583707203758284,0.5126018080550093,0.11488266371073652,0.9085381264599337,False,
EU,H1_session_depth,adjusted_sensitivity,60m_session_boundary,log1p_gap_from_prev_ranked,-0.0026609906264955904,-0.26609906264955907,0.0005855838129720731,-0.0038087138098504927,-0.0015132674431406882,-0.38087138098504925,-0.1513267443140688,-4.544166979257835,5.515292594062e-06,False,
EU,H1_session_depth,adjusted_sensitivity,60m_session_boundary,recent_volume_control,-0.00037792605441282754,-0.03779260544128275,0.0004931886827788019,-0.0013445581102420289,0.0005887060014163738,-0.1344558110242029,0.05887060014163738,-0.7662910111470049,0.4435031656071925,False,
EU,H1_session_depth,adjusted_sensitivity,60m_session_boundary,patch_15.21,0.006745874401717461,0.6745874401717461,0.003917871142252404,-0.0009330119331660541,0.014424760736600976,-0.09330119331660541,1.4424760736600977,1.7218214067753193,0.08510187551913424,False,
EU,H1_session_depth,adjusted_sensitivity,60m_session_boundary,patch_15.22,0.018371537581871218,1.8371537581871218,0.004068947731520968,0.010396546573114169,0.02634652859062827,1.039654657311417,2.634652859062827,4.515058632862791,6.329925008832268e-06,False,
EU,H1_session_depth,adjusted_sensitivity,60m_session_boundary,patch_15.23,0.02443410971440277,2.4434109714402767,0.004481607982695453,0.015650319475492475,0.03321789995331306,1.5650319475492473,3.321789995331306,5.452085458779223,4.978252047577863e-08,False,
EU,H1_session_depth,adjusted_sensitivity,60m_session_boundary,patch_15.24,0.03882637707667428,3.882637707667428,0.004869634398950157,0.029282069036854617,0.04837068511649394,2.928206903685462,4.837068511649394,7.973160589847329,1.5466698542060953e-15,False,
EU,H1_session_depth,adjusted_sensitivity,60m_session_boundary,patch_16.1,0.048623039536005816,4.862303953600581,0.005406614387146666,0.03802627005890225,0.05921980901310938,3.8026270058902254,5.921980901310938,8.993250869083447,2.400235688320399e-19,False,
EU,H1_session_depth,adjusted_sensitivity,60m_session_boundary,patch_16.2,0.03699002541532664,3.6990025415326637,0.0061371064022062004,0.024961517897712296,0.04901853293294098,2.4961517897712295,4.9018532932940975,6.027274580416149,1.6674757999204101e-09,False,
EU,H1_session_depth,adjusted_sensitivity,90m_session_boundary,session_depth_2,-0.008589396641049905,-0.8589396641049905,0.0027496653778927337,-0.01397864175125638,-0.003200151530843429,-1.397864175125638,-0.3200151530843429,-3.1237970664025223,0.0017853354317992657,True,session depth 1
EU,H1_session_depth,adjusted_sensitivity,90m_session_boundary,session_depth_3,-0.005605341027467412,-0.5605341027467412,0.002925531212538006,-0.011339276839689699,0.0001285947847548749,-1.1339276839689698,0.01285947847548749,-1.9160079384709663,0.055364085242058436,True,session depth 1
EU,H1_session_depth,adjusted_sensitivity,90m_session_boundary,session_depth_4,-0.004871405249368678,-0.4871405249368678,0.0031423436866400587,-0.011030285702230011,0.0012874752034926547,-1.1030285702230012,0.12874752034926548,-1.550245846779864,0.12108251959333431,True,session depth 1
EU,H1_session_depth,adjusted_sensitivity,90m_session_boundary,session_depth_5,0.0017514062322767827,0.17514062322767826,0.00352684212280711,-0.005161077307583944,0.00866388977213751,-0.5161077307583943,0.866388977213751,0.49659331812754653,0.6194758660437267,True,session depth 1
EU,H1_session_depth,adjusted_sensitivity,90m_session_boundary,session_depth_6,-0.0010873096347999475,-0.10873096347999475,0.003943529178280815,-0.008816484796213178,0.006641865526613284,-0.8816484796213178,0.6641865526613283,-0.27571994161685426,0.7827631779217706,True,session depth 1
EU,H1_session_depth,adjusted_sensitivity,90m_session_boundary,session_depth_7,-0.0036947353944260914,-0.36947353944260913,0.004419359709204061,-0.012356521259193459,0.004967050470341275,-1.2356521259193458,0.49670504703412754,-0.8360340948783106,0.4031357225670431,True,session depth 1
EU,H1_session_depth,adjusted_sensitivity,90m_session_boundary,session_depth_8+,0.0007215427534930121,0.0721542753493012,0.003757298966967844,-0.006642627900913512,0.008085713407899537,-0.6642627900913513,0.8085713407899536,0.19203762059831508,0.8477127368405288,True,session depth 1
EU,H1_session_depth,adjusted_sensitivity,90m_session_boundary,prior_win_rate,-0.2700288706574681,-27.002887065746812,0.007734368383312652,-0.2851879541319262,-0.25486978718301,-28.51879541319262,-25.486978718301,-34.91285354859371,4.7449611053748495e-267,False,
EU,H1_session_depth,adjusted_sensitivity,90m_session_boundary,log1p_prior_matches,-0.01136774691850731,-1.1367746918507309,0.0012170901917323768,-0.013753199860239717,-0.008982293976774903,-1.3753199860239718,-0.8982293976774903,-9.3401023159399,9.624107038183658e-21,False,
EU,H1_session_depth,adjusted_sensitivity,90m_session_boundary,log1p_prev_kda,0.006723139101734249,0.6723139101734249,0.0010635240572992512,0.004638670252735804,0.008807607950732694,0.46386702527358037,0.8807607950732694,6.321567486500696,2.58923251510464e-10,False,
EU,H1_session_depth,adjusted_sensitivity,90m_session_boundary,log1p_prev_loss_streak,-0.004686250624346148,-0.4686250624346148,0.002117733289564203,-0.008836931600753519,-0.0005355696479387769,-0.8836931600753519,-0.05355696479387769,-2.212861575836354,0.026907190481484558,False,
EU,H1_session_depth,adjusted_sensitivity,90m_session_boundary,prev_queue_was_flex440,-0.0026110143879522767,-0.2611014387952277,0.005150538779013566,-0.01270588489579577,0.007483856119891217,-1.270588489579577,0.7483856119891217,-0.5069400503479637,0.6121968830815876,False,
EU,H1_session_depth,adjusted_sensitivity,90m_session_boundary,prev_ranked_win,0.0003358054552729152,0.03358054552729152,0.002470726064017891,-0.004506728645866555,0.005178339556412386,-0.4506728645866555,0.5178339556412387,0.1359136733785974,0.8918895259899758,False,
EU,H1_session_depth,adjusted_sensitivity,90m_session_boundary,log1p_gap_from_prev_ranked,-0.0021668252757995623,-0.21668252757995624,0.0005901111551591446,-0.0033234218867868133,-0.0010102286648123113,-0.3323421886786813,-0.10102286648123113,-3.6718934337297866,0.00024076007966881182,False,
EU,H1_session_depth,adjusted_sensitivity,90m_session_boundary,recent_volume_control,-0.0006085053699813526,-0.06085053699813526,0.0005987754853256831,-0.0017820837560451833,0.000565073016082478,-0.17820837560451833,0.0565073016082478,-1.0162496376256573,0.30951052442615196,False,
EU,H1_session_depth,adjusted_sensitivity,90m_session_boundary,patch_15.21,0.006711345125338654,0.6711345125338654,0.003918296647906839,-0.0009683751853027719,0.01439106543598008,-0.0968375185302772,1.439106543598008,1.7128221082811241,0.08674527153894182,False,
EU,H1_session_depth,adjusted_sensitivity,90m_session_boundary,patch_15.22,0.018254306148584316,1.8254306148584316,0.004067311765714838,0.010282521573887218,0.026226090723281414,1.0282521573887218,2.6226090723281414,4.488051863262093,7.187743293125595e-06,False,
EU,H1_session_depth,adjusted_sensitivity,90m_session_boundary,patch_15.23,0.024274585856953336,2.4274585856953337,0.004480468394093378,0.015493029170660302,0.03305614254324637,1.5493029170660302,3.3056142543246367,5.417867892775369,6.031395359729098e-08,False,
EU,H1_session_depth,adjusted_sensitivity,90m_session_boundary,patch_15.24,0.03863364978333787,3.863364978333787,0.004868684066742627,0.02909120436041832,0.04817609520625743,2.909120436041832,4.8176095206257425,7.935131804349251,2.1027189788651255e-15,False,
EU,H1_session_depth,adjusted_sensitivity,90m_session_boundary,patch_16.1,0.04842490928644065,4.842490928644065,0.005404251435876206,0.03783277110872441,0.05901704746415689,3.7832771108724415,5.901704746415689,8.960521149140313,3.2314746060888817e-19,False,
EU,H1_session_depth,adjusted_sensitivity,90m_session_boundary,patch_16.2,0.03677959872103175,3.677959872103175,0.006134093579598396,0.024756996227220517,0.04880220121484299,2.475699622722052,4.880220121484299,5.9959304897724985,2.0232355628133503e-09,False,
EU,H2_post_loss_requeue,behavior_only,categorical_requeue_gap,post_loss_gap_5-10m,-0.0028761468595907835,-0.28761468595907835,0.002546274322816106,-0.007866752827069466,0.0021144591078879,-0.7866752827069466,0.21144591078879,-1.1295510596870206,0.25866544294019955,True,<=5m
EU,H2_post_loss_requeue,behavior_only,categorical_requeue_gap,post_loss_gap_10-20m,-0.008808152376006222,-0.8808152376006222,0.0033247262280905803,-0.015324496041519461,-0.002291808710492984,-1.5324496041519462,-0.2291808710492984,-2.6492865191684736,0.008066191478716631,True,<=5m
EU,H2_post_loss_requeue,behavior_only,categorical_requeue_gap,post_loss_gap_20-30m,-0.0018459366700958602,-0.18459366700958602,0.0052386306951302695,-0.012113464160857216,0.008421590820665495,-1.2113464160857215,0.8421590820665495,-0.35237007102100315,0.7245607442995616,True,<=5m
EU,H2_post_loss_requeue,behavior_only,categorical_requeue_gap,post_loss_gap_30-60m,-0.003893065294876475,-0.3893065294876475,0.0037843748286765103,-0.011310303663082373,0.0035241730733294226,-1.1310303663082373,0.35241730733294224,-1.0287208511631436,0.3036108688277989,True,<=5m
EU,H2_post_loss_requeue,behavior_only,categorical_requeue_gap,post_loss_gap_1-2h,-0.0001232698836972101,-0.01232698836972101,0.00416553053009582,-0.008287559699187057,0.008041019931792638,-0.8287559699187057,0.8041019931792638,-0.029592841249533347,0.9763917746701212,True,<=5m
EU,H2_post_loss_requeue,behavior_only,categorical_requeue_gap,post_loss_gap_2-6h,-0.004091188342091002,-0.4091188342091002,0.0038491434384716793,-0.01163537085282416,0.003452994168642155,-1.1635370852824158,0.3452994168642155,-1.0628827965204195,0.28783510558416253,True,<=5m
EU,H2_post_loss_requeue,behavior_only,categorical_requeue_gap,post_loss_gap_6-24h,0.004861477782370888,0.4861477782370888,0.0030323183205182747,-0.0010817569155059147,0.01080471248024769,-0.10817569155059147,1.080471248024769,1.6032214525353587,0.10888577083697723,True,<=5m
EU,H2_post_loss_requeue,behavior_only,categorical_requeue_gap,post_loss_gap_>24h,-0.0014773790415916793,-0.14773790415916793,0.0033824137819213444,-0.008106788234969431,0.005152030151786072,-0.8106788234969431,0.5152030151786071,-0.4367824686287997,0.6622691143262245,True,<=5m
EU,H2_post_loss_requeue,adjusted,categorical_requeue_gap,post_loss_gap_5-10m,-0.001639045962812796,-0.1639045962812796,0.0025518389413617024,-0.006640558382228551,0.003362466456602959,-0.6640558382228551,0.33624664566029594,-0.6422999258480532,0.5206784624157944,True,<=5m
EU,H2_post_loss_requeue,adjusted,categorical_requeue_gap,post_loss_gap_10-20m,-0.006711802878911742,-0.6711802878911742,0.003340664432269516,-0.01325938485059394,-0.0001642209072295446,-1.325938485059394,-0.01642209072295446,-2.0091221417147866,0.044524182030798276,True,<=5m
EU,H2_post_loss_requeue,adjusted,categorical_requeue_gap,post_loss_gap_20-30m,3.746269113180217e-05,0.003746269113180217,0.005237948421494994,-0.010228727567876815,0.010303652950140418,-1.0228727567876814,1.0303652950140418,0.007152168772427452,0.9942934436120046,True,<=5m
EU,H2_post_loss_requeue,adjusted,categorical_requeue_gap,post_loss_gap_30-60m,-0.0036229091058305233,-0.36229091058305235,0.004217504089555878,-0.011889065226010435,0.004643247014349388,-1.1889065226010436,0.46432470143493876,-0.8590173308431888,0.39033095446890675,True,<=5m
EU,H2_post_loss_requeue,adjusted,categorical_requeue_gap,post_loss_gap_1-2h,0.0007672469669755123,0.07672469669755123,0.004473877820026962,-0.008001392431509904,0.00953588636546093,-0.8001392431509904,0.9535886365460929,0.17149484135239268,0.8638346863613049,True,<=5m
EU,H2_post_loss_requeue,adjusted,categorical_requeue_gap,post_loss_gap_2-6h,-0.0023646196936358806,-0.23646196936358807,0.004164378825042092,-0.010526652208699607,0.005797412821427847,-1.0526652208699607,0.5797412821427846,-0.5678205064862176,0.5701568539997698,True,<=5m
EU,H2_post_loss_requeue,adjusted,categorical_requeue_gap,post_loss_gap_6-24h,0.008631407853058253,0.8631407853058253,0.0035441516900042804,0.0016849981849030972,0.01557781752121341,0.16849981849030973,1.557781752121341,2.4353945903054246,0.01487555803931273,True,<=5m
EU,H2_post_loss_requeue,adjusted,categorical_requeue_gap,post_loss_gap_>24h,-0.004348975013011758,-0.4348975013011758,0.003916253556933336,-0.012024690938927978,0.003326740912904463,-1.2024690938927978,0.3326740912904463,-1.1104937281990672,0.26678632924220835,True,<=5m
EU,H2_post_loss_requeue,adjusted,categorical_requeue_gap,prior_win_rate,-0.29613522819177224,-29.613522819177224,0.01170871468028461,-0.3190838872703855,-0.273186569113159,-31.90838872703855,-27.318656911315898,-25.29186475868365,3.9253489758192604e-141,False,
EU,H2_post_loss_requeue,adjusted,categorical_requeue_gap,log1p_prior_matches,0.002949974942130645,0.2949974942130645,0.0018673650096610829,-0.0007099932227953676,0.006609943107056657,-0.07099932227953676,0.6609943107056657,1.5797527140481498,0.11416350839659135,False,
EU,H2_post_loss_requeue,adjusted,categorical_requeue_gap,log1p_prev_kda,0.009701436225615962,0.9701436225615963,0.0019992261522150576,0.005783024970323857,0.013619847480908068,0.5783024970323857,1.3619847480908067,4.852595698024049,1.2185594989727548e-06,False,
EU,H2_post_loss_requeue,adjusted,categorical_requeue_gap,log1p_prev_loss_streak,0.00998003631682714,0.998003631682714,0.0021851430097115454,0.005697234716723054,0.014262837916931226,0.5697234716723054,1.4262837916931226,4.56722341396986,4.942271662997887e-06,False,
EU,H2_post_loss_requeue,adjusted,categorical_requeue_gap,prev_queue_was_flex440,-0.003659678056409054,-0.3659678056409054,0.007592751168989461,-0.01854119689120279,0.011221840778384683,-1.8541196891202791,1.1221840778384684,-0.48199631134443327,0.6298085666243116,False,
EU,H2_post_loss_requeue,adjusted,categorical_requeue_gap,session_depth_control,-0.0008580724642528655,-0.08580724642528655,0.0006968812314439943,-0.002223934579385016,0.0005077896508792851,-0.2223934579385016,0.05077896508792851,-1.2313037366135833,0.21820928488719216,False,
EU,H2_post_loss_requeue,adjusted,categorical_requeue_gap,recent_volume_control,0.0013153636201563487,0.13153636201563487,0.0006446959789054848,5.178272052380403e-05,0.0025789445197888935,0.005178272052380403,0.2578944519788893,2.040285131589423,0.041321934834031515,False,
EU,H2_post_loss_requeue,adjusted,categorical_requeue_gap,patch_15.21,0.019584569195474483,1.9584569195474484,0.006064787705313397,0.007697803719178905,0.03147133467177006,0.7697803719178905,3.147133467177006,3.229225843852098,0.0012412582911080945,False,
EU,H2_post_loss_requeue,adjusted,categorical_requeue_gap,patch_15.22,0.03155056774161382,3.155056774161382,0.006247148477060654,0.01930638172050069,0.04379475376272695,1.9306381720500692,4.379475376272695,5.050395049432006,4.408972956210575e-07,False,
EU,H2_post_loss_requeue,adjusted,categorical_requeue_gap,patch_15.23,0.032772577857880326,3.2772577857880325,0.006724168045872799,0.019593450661974567,0.04595170505378608,1.9593450661974567,4.595170505378608,4.873848725121568,1.0944480855570155e-06,False,
EU,H2_post_loss_requeue,adjusted,categorical_requeue_gap,patch_15.24,0.043615244768668064,4.361524476866807,0.007234650296377485,0.029435590747026168,0.05779489879030996,2.9435590747026166,5.779489879030996,6.028659711514595,1.6532497022233167e-09,False,
EU,H2_post_loss_requeue,adjusted,categorical_requeue_gap,patch_16.1,0.04850466669984002,4.850466669984002,0.008093277973824335,0.03264213335427302,0.06436720004540702,3.2642133354273017,6.436720004540702,5.993204095635431,2.0574636543904373e-09,False,
EU,H2_post_loss_requeue,adjusted,categorical_requeue_gap,patch_16.2,0.033066487434311745,3.3066487434311744,0.009482437211712531,0.014481252013692773,0.05165172285493072,1.4481252013692774,5.165172285493072,3.487129595065352,0.0004882347107757801,False,
EU,H2_post_loss_requeue,adjusted_continuous_sensitivity,log2_1plus_gap,log2_1plus_post_loss_gap,0.0002537177158089352,0.025371771580893522,0.0003275928551792765,-0.00038835248193509243,0.0008957879135529629,-0.038835248193509246,0.08957879135529628,0.7744909933096288,0.4386404923514593,True,continuous: effect per doubling of (1+gap minutes)
EU,H2_post_loss_requeue,adjusted_continuous_sensitivity,log2_1plus_gap,prior_win_rate,-0.29401634734991794,-29.401634734991795,0.011700929229950698,-0.3169497472262733,-0.2710829474735626,-31.69497472262733,-27.10829474735626,-25.12760666882153,2.483536233096623e-139,False,
EU,H2_post_loss_requeue,adjusted_continuous_sensitivity,log2_1plus_gap,log1p_prior_matches,0.0035719191921498167,0.35719191921498167,0.001861659362877779,-7.686611057241329e-05,0.007220704494872047,-0.007686611057241329,0.7220704494872047,1.9186749538477836,0.055025483159668195,False,
EU,H2_post_loss_requeue,adjusted_continuous_sensitivity,log2_1plus_gap,log1p_prev_kda,0.00968879073080898,0.968879073080898,0.0019983427740951094,0.005772110864816705,0.013605470596801256,0.5772110864816705,1.3605470596801257,4.848412823068487,1.244532008060907e-06,False,
EU,H2_post_loss_requeue,adjusted_continuous_sensitivity,log2_1plus_gap,log1p_prev_loss_streak,0.010095656081549297,1.0095656081549296,0.0021847123161233845,0.0058136986253663776,0.014377613537732216,0.5813698625366378,1.4377613537732215,4.621045987172955,3.81810121631584e-06,False,
EU,H2_post_loss_requeue,adjusted_continuous_sensitivity,log2_1plus_gap,prev_queue_was_flex440,-0.0034859640206941615,-0.34859640206941617,0.007601180016179065,-0.018384003092410714,0.011412075051022392,-1.8384003092410715,1.1412075051022392,-0.4586082704625214,0.6465154964475499,False,
EU,H2_post_loss_requeue,adjusted_continuous_sensitivity,log2_1plus_gap,session_depth_control,-0.0007462961367068754,-0.07462961367068754,0.0005883303220537526,-0.0018994023789450816,0.0004068101055313307,-0.18994023789450815,0.04068101055313307,-1.268498509649636,0.20461998260767544,False,
EU,H2_post_loss_requeue,adjusted_continuous_sensitivity,log2_1plus_gap,recent_volume_control,0.0006977794148923799,0.069777941489238,0.0005737856850854156,-0.000426819862719676,0.0018223786925044359,-0.0426819862719676,0.18223786925044358,1.2160976354586228,0.2239477311880224,False,
EU,H2_post_loss_requeue,adjusted_continuous_sensitivity,log2_1plus_gap,patch_15.21,0.01886067706105034,1.8860677061050342,0.006066931717223746,0.006969709398628055,0.030751644723472627,0.6969709398628056,3.0751644723472626,3.1087669913122196,0.0018786981663136445,False,
EU,H2_post_loss_requeue,adjusted_continuous_sensitivity,log2_1plus_gap,patch_15.22,0.03054076082006843,3.054076082006843,0.006248871177744361,0.01829319836765909,0.042788323272477766,1.8293198367659091,4.278832327247777,4.8874044529579574,1.0217405413976065e-06,False,
EU,H2_post_loss_requeue,adjusted_continuous_sensitivity,log2_1plus_gap,patch_15.23,0.031676600534664645,3.1676600534664647,0.006723632257757902,0.01849852346416743,0.04485467760516186,1.849852346416743,4.485467760516186,4.7112333513058156,2.4622210595667935e-06,False,
EU,H2_post_loss_requeue,adjusted_continuous_sensitivity,log2_1plus_gap,patch_15.24,0.04235480393488992,4.2354803934889915,0.007227876548345158,0.02818842621543173,0.05652118165434811,2.818842621543173,5.6521181654348105,5.859923540695665,4.630803366967689e-09,False,
EU,H2_post_loss_requeue,adjusted_continuous_sensitivity,log2_1plus_gap,patch_16.1,0.047478829823608654,4.747882982360865,0.008085293999403545,0.0316319447803599,0.06332571486685741,3.1631944780359897,6.332571486685741,5.872245316881635,4.299318986682659e-09,False,
EU,H2_post_loss_requeue,adjusted_continuous_sensitivity,log2_1plus_gap,patch_16.2,0.03173989282936402,3.173989282936402,0.009473704336572682,0.013171773529500636,0.050308012129227406,1.3171773529500634,5.03080121292274,3.3503149034147093,0.0008071973695400775,False,
EU,H3_recent_volume,behavior_only,6h_window,recent_games_1,-6.934937601881524e-05,-0.006934937601881523,0.0016411710050494553,-0.0032859854383871507,0.00314728668634952,-0.32859854383871506,0.314728668634952,-0.042256032921277116,0.9662945946028431,True,0 recent ranked games
EU,H3_recent_volume,behavior_only,6h_window,recent_games_2,0.001484190090857685,0.1484190090857685,0.0017729274982912157,-0.001990683952993796,0.004959064134709166,-0.19906839529937959,0.4959064134709166,0.8371408826859407,0.4025133825772295,True,0 recent ranked games
EU,H3_recent_volume,behavior_only,6h_window,recent_games_3,0.002106152835447439,0.2106152835447439,0.0019272580989105118,-0.001671203627330297,0.005883509298225176,-0.16712036273302971,0.5883509298225176,1.0928234452033474,0.274471325636386,True,0 recent ranked games
EU,H3_recent_volume,behavior_only,6h_window,recent_games_4,0.004964774585096596,0.49647745850965963,0.0020838634603091684,0.0008804772541916132,0.009049071916001579,0.08804772541916132,0.9049071916001579,2.3824855513134278,0.017196206792692532,True,0 recent ranked games
EU,H3_recent_volume,behavior_only,6h_window,recent_games_5,0.003024066369125435,0.3024066369125435,0.0023052861306421357,-0.0014942114209928487,0.007542344159243718,-0.14942114209928486,0.7542344159243718,1.3117965396699296,0.18958879279299126,True,0 recent ranked games
EU,H3_recent_volume,behavior_only,6h_window,recent_games_6+,0.003674424916470699,0.36744249164706994,0.0017223990539380677,0.0002985848037462247,0.007050265029195174,0.02985848037462247,0.7050265029195174,2.1333180066893025,0.03289864806019732,True,0 recent ranked games
EU,H3_recent_volume,adjusted,6h_window,recent_games_1,-0.006213158177276687,-0.6213158177276688,0.002821518073737439,-0.011743231983530895,-0.000683084371022478,-1.1743231983530895,-0.0683084371022478,-2.2020621576407673,0.027660918105735025,True,0 recent ranked games
EU,H3_recent_volume,adjusted,6h_window,recent_games_2,-0.004378130652320461,-0.43781306523204605,0.002861428903728276,-0.009986428247949812,0.0012301669433088898,-0.9986428247949812,0.12301669433088898,-1.5300504746478274,0.12600423564394245,True,0 recent ranked games
EU,H3_recent_volume,adjusted,6h_window,recent_games_3,-0.0035523518832208823,-0.3552351883220882,0.002992109230219942,-0.009416778212261834,0.002312074445820069,-0.9416778212261834,0.23120744458200693,-1.1872400403509864,0.2351329513068298,True,0 recent ranked games
EU,H3_recent_volume,adjusted,6h_window,recent_games_4,-0.000685093814200682,-0.06850938142006821,0.003121287531780002,-0.006802704961883405,0.005432517333482041,-0.6802704961883405,0.5432517333482041,-0.21949077335082554,0.8262677664447686,True,0 recent ranked games
EU,H3_recent_volume,adjusted,6h_window,recent_games_5,-0.002555608451723807,-0.2555608451723807,0.0032739795970054887,-0.008972490547973524,0.003861273644525911,-0.8972490547973524,0.3861273644525911,-0.780581667051703,0.43504857776890266,True,0 recent ranked games
EU,H3_recent_volume,adjusted,6h_window,recent_games_6+,-0.0018202578391282671,-0.1820257839128267,0.00302266707272208,-0.007744576438918656,0.0041040607606621215,-0.7744576438918657,0.41040607606621216,-0.6022025566610033,0.5470393140559604,True,0 recent ranked games
EU,H3_recent_volume,adjusted,6h_window,prior_win_rate,-0.2699221240733557,-26.99221240733557,0.007735080249415714,-0.28508260277973757,-0.2547616453669738,-28.508260277973758,-25.476164536697382,-34.89584016839966,8.59697838022265e-267,False,
EU,H3_recent_volume,adjusted,6h_window,log1p_prior_matches,-0.011275888373437364,-1.1275888373437364,0.0012184543904910352,-0.013664015095604496,-0.008887761651270231,-1.3664015095604496,-0.8887761651270232,-9.254255605655619,2.1572832578948337e-20,False,
EU,H3_recent_volume,adjusted,6h_window,log1p_prev_kda,0.006725105528261905,0.6725105528261905,0.0010637410839457325,0.004640211314852671,0.00880999974167114,0.4640211314852671,0.880999974167114,6.322126342358128,2.5798830214930235e-10,False,
EU,H3_recent_volume,adjusted,6h_window,log1p_prev_loss_streak,-0.004593637770959615,-0.4593637770959615,0.0021188353053663185,-0.008746478658649526,-0.0004407968832697033,-0.8746478658649526,-0.04407968832697033,-2.1680013351322915,0.030158584954567903,False,
EU,H3_recent_volume,adjusted,6h_window,prev_queue_was_flex440,-0.002788094759591609,-0.2788094759591609,0.005151128771836173,-0.01288412163211855,0.007307932112935332,-1.288412163211855,0.7307932112935331,-0.54125899061882,0.5883290824761627,False,
EU,H3_recent_volume,adjusted,6h_window,prev_ranked_win,0.0004377216093080472,0.043772160930804715,0.002471561635388338,-0.004406450181624012,0.005281893400240106,-0.4406450181624012,0.5281893400240106,0.1771032544932958,0.859427285620744,False,
EU,H3_recent_volume,adjusted,6h_window,log1p_gap_from_prev_ranked,-0.0015601817741820812,-0.15601817741820811,0.0005713533895150877,-0.002680013840076538,-0.00044034970828762433,-0.26800138400765383,-0.04403497082876243,-2.7306773755314904,0.0063204311173969616,False,
EU,H3_recent_volume,adjusted,6h_window,session_depth_control,-1.1852389602127955e-05,-0.0011852389602127955,0.00043393899479114115,-0.0008623571908802787,0.0008386524116760229,-0.08623571908802787,0.08386524116760229,-0.027313492782165428,0.9782096952000703,False,
EU,H3_recent_volume,adjusted,6h_window,patch_15.21,0.006478875040157497,0.6478875040157497,0.00391914776428287,-0.001202513427927601,0.014160263508242597,-0.1202513427927601,1.4160263508242596,1.6531336478819927,0.09830366668780519,False,
EU,H3_recent_volume,adjusted,6h_window,patch_15.22,0.01790957048428643,1.790957048428643,0.004069055813127771,0.009934367639472655,0.025884773329100205,0.9934367639472654,2.5884773329100206,4.401406937330711,1.0755119643848647e-05,False,
EU,H3_recent_volume,adjusted,6h_window,patch_15.23,0.023883160411577394,2.3883160411577395,0.004479823545464541,0.01510286760537236,0.032663453217782426,1.510286760537236,3.2663453217782425,5.331272575625699,9.752690385673119e-08,False,
EU,H3_recent_volume,adjusted,6h_window,patch_15.24,0.03818965233583854,3.818965233583854,0.004867736246230761,0.028649064606986054,0.04773024006469103,2.8649064606986054,4.773024006469103,7.845464586420428,4.313535621506672e-15,False,
EU,H3_recent_volume,adjusted,6h_window,patch_16.1,0.04800358584747714,4.8003585847477135,0.005403872769799061,0.037412189841634275,0.05859498185332,3.7412189841634276,5.859498185332,8.883182097801706,6.49744740588248e-19,False,
EU,H3_recent_volume,adjusted,6h_window,patch_16.2,0.03631087693515487,3.6310876935154868,0.006134772075513516,0.02428694461378634,0.0483348092565234,2.428694461378634,4.83348092565234,5.918863241894026,3.2417437382553377e-09,False,
EU,H3_recent_volume,adjusted_sensitivity,3h_window,recent_games_1,-0.005601253619564496,-0.5601253619564496,0.0028245536521635138,-0.011137277050206059,-6.523018892293318e-05,-1.1137277050206058,-0.006523018892293318,-1.9830579657334966,0.047360955121250096,True,0 recent ranked games
EU,H3_recent_volume,adjusted_sensitivity,3h_window,recent_games_2,-0.0026968417493512488,-0.26968417493512487,0.0029458771684530423,-0.008470654902398046,0.003076971403695548,-0.8470654902398046,0.3076971403695548,-0.9154630675818135,0.35994858253540596,True,0 recent ranked games
EU,H3_recent_volume,adjusted_sensitivity,3h_window,recent_games_3,-0.0023580099560008396,-0.23580099560008397,0.003106188873156272,-0.008446028276566188,0.003730008364564508,-0.8446028276566188,0.37300083645645077,-0.7591328319983356,0.4477731008285633,True,0 recent ranked games
EU,H3_recent_volume,adjusted_sensitivity,3h_window,recent_games_4,0.0031727359718589235,0.3172735971858924,0.0035104273041593193,-0.0037075751146393764,0.010053047058357224,-0.37075751146393765,1.0053047058357225,0.9038033541101156,0.36609968290500805,True,0 recent ranked games
EU,H3_recent_volume,adjusted_sensitivity,3h_window,recent_games_5,0.0053037832106042565,0.5303783210604257,0.004387288360314688,-0.0032951439654043202,0.013902710386612834,-0.329514396540432,1.3902710386612833,1.2088977917612487,0.22670211464548326,True,0 recent ranked games
EU,H3_recent_volume,adjusted_sensitivity,3h_window,recent_games_6+,3.1502391566784176e-05,0.0031502391566784176,0.007490220268584928,-0.014649059571131606,0.014712064354265173,-1.4649059571131606,1.4712064354265173,0.00420580309218806,0.9966442645401133,True,0 recent ranked games
EU,H3_recent_volume,adjusted_sensitivity,3h_window,prior_win_rate,-0.2699498674283746,-26.99498674283746,0.007733920859251344,-0.2851080737717903,-0.25479166108495893,-28.51080737717903,-25.479166108495892,-34.90465862544477,6.317933503317795e-267,False,
EU,H3_recent_volume,adjusted_sensitivity,3h_window,log1p_prior_matches,-0.011246896966746396,-1.1246896966746396,0.0012184476908231278,-0.013635010557805721,-0.00885878337568707,-1.363501055780572,-0.885878337568707,-9.230512767559603,2.6933940291541042e-20,False,
EU,H3_recent_volume,adjusted_sensitivity,3h_window,log1p_prev_kda,0.0067392639403617335,0.6739263940361734,0.0010644079469130446,0.004653062699553944,0.008825465181169523,0.46530626995539437,0.8825465181169523,6.3314671408708385,2.428408915103132e-10,False,
EU,H3_recent_volume,adjusted_sensitivity,3h_window,log1p_prev_loss_streak,-0.004665404870063013,-0.46654048700630124,0.0021182353360904363,-0.008817069839580364,-0.0005137399005456606,-0.8817069839580364,-0.05137399005456607,-2.202496007206551,0.0276302908614026,False,
EU,H3_recent_volume,adjusted_sensitivity,3h_window,prev_queue_was_flex440,-0.0026406902282156454,-0.2640690228215645,0.0051501323917782236,-0.012734764231714091,0.007453383775282801,-1.273476423171409,0.74533837752828,-0.5127422029832276,0.6081316640870166,False,
EU,H3_recent_volume,adjusted_sensitivity,3h_window,prev_ranked_win,0.0003304368873829719,0.03304368873829719,0.0024712614043740744,-0.004513146461574089,0.005174020236340032,-0.4513146461574089,0.5174020236340032,0.13371183105037224,0.8936304493545816,False,
EU,H3_recent_volume,adjusted_sensitivity,3h_window,log1p_gap_from_prev_ranked,-0.0017005729470455713,-0.17005729470455713,0.0006053781996915802,-0.002887092415466765,-0.0005140534786243773,-0.2887092415466765,-0.05140534786243773,-2.8091083357675517,0.00496789260729955,False,
EU,H3_recent_volume,adjusted_sensitivity,3h_window,session_depth_control,-0.0009177766981365238,-0.09177766981365237,0.0005854094927703481,-0.002065158220174267,0.0002296048239012196,-0.2065158220174267,0.02296048239012196,-1.5677516498635953,0.11693910265597582,False,
EU,H3_recent_volume,adjusted_sensitivity,3h_window,patch_15.21,0.006549762640457807,0.6549762640457807,0.003918805946262795,-0.0011309558766186764,0.01423048115753429,-0.11309558766186764,1.4230481157534292,1.6713669240764648,0.09464922492324805,False,
EU,H3_recent_volume,adjusted_sensitivity,3h_window,patch_15.22,0.018010270791233213,1.8010270791233212,0.00407177154436767,0.010029745210997545,0.02599079637146888,1.0029745210997545,2.599079637146888,4.423202676030818,9.72484328254714e-06,False,
EU,H3_recent_volume,adjusted_sensitivity,3h_window,patch_15.23,0.023973569402896296,2.3973569402896295,0.0044850757898821205,0.015182982386794806,0.032764156418997784,1.5182982386794805,3.2764156418997783,5.345187133064341,9.032368767632748e-08,False,
EU,H3_recent_volume,adjusted_sensitivity,3h_window,patch_15.24,0.038275006427258944,3.8275006427258944,0.004872213276052039,0.02872564388119904,0.04782436897331885,2.872564388119904,4.782436897331885,7.855774010425347,3.973108768147844e-15,False,
EU,H3_recent_volume,adjusted_sensitivity,3h_window,patch_16.1,0.04805629292154502,4.805629292154502,0.0054092034953787576,0.037454448885554485,0.05865813695753556,3.7454448885554483,5.865813695753555,8.884171757006541,6.43987311747712e-19,False,
EU,H3_recent_volume,adjusted_sensitivity,3h_window,patch_16.2,0.03633610849026879,3.633610849026879,0.006142644451059554,0.024296746596357253,0.04837547038418033,2.4296746596357255,4.837547038418033,5.915385267659618,3.3109964228759474e-09,False,
EU,H3_recent_volume,adjusted_sensitivity,12h_window,recent_games_1,-0.003889235263170669,-0.3889235263170669,0.002639036509413465,-0.00906165177550736,0.0012831812491660216,-0.906165177550736,0.12831812491660216,-1.473733026920141,0.14055348677802024,True,0 recent ranked games
EU,H3_recent_volume,adjusted_sensitivity,12h_window,recent_games_2,-0.0020706103965565507,-0.20706103965565506,0.0027355060600979322,-0.007432103753839559,0.0032908829607264573,-0.743210375383956,0.3290882960726457,-0.7569386983856369,0.4490865895067155,True,0 recent ranked games
EU,H3_recent_volume,adjusted_sensitivity,12h_window,recent_games_3,-0.0005081744444908759,-0.05081744444908759,0.002813597141381989,-0.006022723508604425,0.0050063746196226735,-0.6022723508604425,0.5006374619622673,-0.18061379044523396,0.8566707306986111,True,0 recent ranked games
EU,H3_recent_volume,adjusted_sensitivity,12h_window,recent_games_4,0.0020233617536674626,0.20233617536674625,0.0029702448126029224,-0.003798211104301187,0.007844934611636113,-0.37982111043011874,0.7844934611636113,0.6812104325819274,0.4957383476877661,True,0 recent ranked games
EU,H3_recent_volume,adjusted_sensitivity,12h_window,recent_games_5,0.00016112924922161343,0.016112924922161345,0.0030966959180709452,-0.0059082832212696374,0.006230541719712864,-0.5908283221269638,0.6230541719712864,0.05203263526177515,0.9585026894471728,True,0 recent ranked games
EU,H3_recent_volume,adjusted_sensitivity,12h_window,recent_games_6+,0.0024986968238326834,0.24986968238326834,0.0026945632558964183,-0.0027825501117892818,0.007779943759454649,-0.2782550111789282,0.7779943759454648,0.927310508805044,0.35376533965998425,True,0 recent ranked games
EU,H3_recent_volume,adjusted_sensitivity,12h_window,prior_win_rate,-0.26990955757104407,-26.990955757104405,0.007736271176670448,-0.28507237045195344,-0.2547467446901347,-28.507237045195343,-25.47467446901347,-34.88884391552679,1.0976170670525906e-266,False,
EU,H3_recent_volume,adjusted_sensitivity,12h_window,log1p_prior_matches,-0.011429778523501915,-1.1429778523501914,0.0012211279754079773,-0.013823145375815863,-0.009036411671187967,-1.3823145375815864,-0.9036411671187967,-9.360016929989046,7.972391668214557e-21,False,
EU,H3_recent_volume,adjusted_sensitivity,12h_window,log1p_prev_kda,0.006705851479397271,0.6705851479397271,0.0010636728222727025,0.0046210910564087,0.008790611902385842,0.46210910564087,0.8790611902385842,6.304430590855161,2.892553106929432e-10,False,
EU,H3_recent_volume,adjusted_sensitivity,12h_window,log1p_prev_loss_streak,-0.004628895037824578,-0.46288950378245775,0.0021188379868818602,-0.008781741181188376,-0.00047604889446078037,-0.8781741181188376,-0.04760488944607803,-2.184638498310381,0.02891536284216291,False,
EU,H3_recent_volume,adjusted_sensitivity,12h_window,prev_queue_was_flex440,-0.0028847699821393656,-0.2884769982139366,0.00515152115902417,-0.012981565919422774,0.007212025955144044,-1.2981565919422775,0.7212025955144044,-0.5599841082057819,0.5754902774052706,False,
EU,H3_recent_volume,adjusted_sensitivity,12h_window,prev_ranked_win,0.0003580334338585903,0.03580334338585903,0.002470693136030469,-0.00448443612961145,0.00520050299732863,-0.448443612961145,0.520050299732863,0.14491214171332645,0.884780239928018,False,
EU,H3_recent_volume,adjusted_sensitivity,12h_window,log1p_gap_from_prev_ranked,-0.0010101501973956435,-0.10101501973956435,0.000504783203257936,-0.00199950709578196,-2.079329900932735e-05,-0.199950709578196,-0.002079329900932735,-2.0011565180378503,0.045375525189053675,False,
EU,H3_recent_volume,adjusted_sensitivity,12h_window,session_depth_control,-6.651516428582558e-05,-0.006651516428582558,0.00039079641001898567,-0.0008324620532105854,0.0006994317246389343,-0.08324620532105854,0.06994317246389342,-0.17020413335576481,0.8648496012025445,False,
EU,H3_recent_volume,adjusted_sensitivity,12h_window,patch_15.21,0.006515177901447658,0.6515177901447659,0.003919440527235121,-0.0011667843714798596,0.014197140174375176,-0.11667843714798595,1.4197140174375176,1.6622724228561367,0.09645816455209451,False,
EU,H3_recent_volume,adjusted_sensitivity,12h_window,patch_15.22,0.01800628896353874,1.8006288963538741,0.004070248312106947,0.010028748863674178,0.025983829063403303,1.0028748863674177,2.5983829063403303,4.423879720060091,9.694400704497895e-06,False,
EU,H3_recent_volume,adjusted_sensitivity,12h_window,patch_15.23,0.02401657898488643,2.4016578984886428,0.004482753014143313,0.015230544525577164,0.032802613444195695,1.5230544525577163,3.2802613444195696,5.357551243424053,8.435744660991559e-08,False,
EU,H3_recent_volume,adjusted_sensitivity,12h_window,patch_15.24,0.038427706725984744,3.8427706725984745,0.004870489839198549,0.02888172205408731,0.04797369139788218,2.888172205408731,4.797369139788218,7.8899059426655365,3.0241437216264344e-15,False,
EU,H3_recent_volume,adjusted_sensitivity,12h_window,patch_16.1,0.04817357499343966,4.8173574993439665,0.005406201815836513,0.03757761414124505,0.05876953584563427,3.7577614141245053,5.876953584563427,8.910798493005512,5.06663284062241e-19,False,
EU,H3_recent_volume,adjusted_sensitivity,12h_window,patch_16.2,0.036673053260699084,3.6673053260699087,0.006138894540097114,0.024641041057219162,0.048705065464179007,2.4641041057219164,4.870506546417901,5.973885529579229,2.3166838696497717e-09,False,
EU,H3_recent_volume,adjusted_sensitivity,24h_window,recent_games_1,0.007334266508298863,0.7334266508298863,0.0027117208573568343,0.0020193912917533903,0.012649141724844336,0.20193912917533902,1.2649141724844337,2.7046539426804097,0.00683755795588262,True,0 recent ranked games
EU,H3_recent_volume,adjusted_sensitivity,24h_window,recent_games_2,0.007611380543035806,0.7611380543035806,0.0028568556327455688,0.0020120463938241035,0.013210714692247508,0.20120463938241034,1.3210714692247507,2.664251023325572,0.007715996069923061,True,0 recent ranked games
EU,H3_recent_volume,adjusted_sensitivity,24h_window,recent_games_3,0.009127658810534428,0.9127658810534428,0.002968914866920221,0.0033086925982052677,0.014946625022863588,0.3308692598205268,1.4946625022863587,3.0744090752601907,0.002109200031944496,True,0 recent ranked games
EU,H3_recent_volume,adjusted_sensitivity,24h_window,recent_games_4,0.013161352124278054,1.3161352124278054,0.003039775122525287,0.007203502363027661,0.019119201885528448,0.7203502363027662,1.9119201885528447,4.3297124273272845,1.4930418544317286e-05,True,0 recent ranked games
EU,H3_recent_volume,adjusted_sensitivity,24h_window,recent_games_5,0.013820736189678247,1.3820736189678247,0.003077541949888869,0.0077888648069848925,0.019852607572371603,0.7788864806984892,1.9852607572371603,4.490836003121686,7.094416153097833e-06,True,0 recent ranked games
EU,H3_recent_volume,adjusted_sensitivity,24h_window,recent_games_6+,0.01620163035755539,1.620163035755539,0.0027092105138987847,0.01089167532377652,0.02151158539133426,1.089167532377652,2.151158539133426,5.980203559095105,2.2285894781029777e-09,True,0 recent ranked games
EU,H3_recent_volume,adjusted_sensitivity,24h_window,prior_win_rate,-0.27029957078443295,-27.029957078443296,0.007735204817708397,-0.2854602936401821,-0.2551388479286838,-28.54602936401821,-25.51388479286838,-34.94407415891941,1.5931335942825245e-267,False,
EU,H3_recent_volume,adjusted_sensitivity,24h_window,log1p_prior_matches,-0.01269614252766714,-1.269614252766714,0.0012477411895914124,-0.01514167032129347,-0.010250614734040809,-1.514167032129347,-1.0250614734040808,-10.175301283293086,2.5560774451676632e-24,False,
EU,H3_recent_volume,adjusted_sensitivity,24h_window,log1p_prev_kda,0.006624251857024086,0.6624251857024086,0.0010636706096124732,0.004539495770769874,0.008709007943278297,0.4539495770769874,0.8709007943278297,6.227728581724654,4.732459902525617e-10,False,
EU,H3_recent_volume,adjusted_sensitivity,24h_window,log1p_prev_loss_streak,-0.004590601432175831,-0.45906014321758315,0.0021179136349915514,-0.008741635879125582,-0.00043956698522608015,-0.8741635879125582,-0.043956698522608015,-2.1675111564188705,0.030195899945953123,False,
EU,H3_recent_volume,adjusted_sensitivity,24h_window,prev_queue_was_flex440,-0.002786396289541506,-0.27863962895415056,0.005147898403117552,-0.012876091755723164,0.007303299176640153,-1.2876091755723165,0.7303299176640153,-0.541268702555216,0.5883223893499803,False,
EU,H3_recent_volume,adjusted_sensitivity,24h_window,prev_ranked_win,0.00021480054542693164,0.021480054542693163,0.002470267772186327,-0.004626835320228265,0.005056436411082128,-0.4626835320228265,0.5056436411082128,0.08695435686991171,0.9307077925661374,False,
EU,H3_recent_volume,adjusted_sensitivity,24h_window,log1p_gap_from_prev_ranked,0.00042741710508134974,0.042741710508134974,0.00037824686491192983,-0.00031393312741121983,0.0011687673375739194,-0.03139331274112198,0.11687673375739194,1.1299951030152453,0.2584782879336146,False,
EU,H3_recent_volume,adjusted_sensitivity,24h_window,session_depth_control,0.0004374143655067821,0.043741436550678206,0.0003535618973819765,-0.00025555421966753835,0.0011303829506811025,-0.025555421966753835,0.11303829506811025,1.2371648889365874,0.21602587362393874,False,
EU,H3_recent_volume,adjusted_sensitivity,24h_window,patch_15.21,0.007112781488428054,0.7112781488428055,0.003921067022879035,-0.0005723686573825462,0.014797931634238655,-0.057236865738254615,1.4797931634238655,1.8139913056639134,0.06967906431988044,False,
EU,H3_recent_volume,adjusted_sensitivity,24h_window,patch_15.22,0.018921266950321015,1.8921266950321016,0.00407271668124184,0.010938888935851513,0.026903644964790516,1.0938888935851514,2.6903644964790514,4.645858877802322,3.386644667357943e-06,False,
EU,H3_recent_volume,adjusted_sensitivity,24h_window,patch_15.23,0.025067396319239026,2.5067396319239026,0.004484939368169889,0.01627707668478022,0.03385771595369783,1.627707668478022,3.3857715953697833,5.5892386187303025,2.2806737686499993e-08,False,
EU,H3_recent_volume,adjusted_sensitivity,24h_window,patch_15.24,0.04004697746148365,4.004697746148365,0.004881452254088781,0.030479506851217773,0.04961444807174952,3.0479506851217772,4.961444807174952,8.20390641492799,2.3269927413872664e-16,False,
EU,H3_recent_volume,adjusted_sensitivity,24h_window,patch_16.1,0.04971557239792487,4.971557239792487,0.005412169238919061,0.03910791561140796,0.06032322918444179,3.9107915611407957,6.032322918444179,9.185886509316596,4.08151352309459e-20,False,
EU,H3_recent_volume,adjusted_sensitivity,24h_window,patch_16.2,0.03872887023227542,3.872887023227542,0.006152751034885402,0.026669699798058485,0.050788040666492354,2.6669699798058484,5.078804066649235,6.294561572975585,3.0826989663073815e-10,False,
