source,hypothesis,specification,parameter_setting,term,estimate,estimate_percentage_points,std_error,ci_low,ci_high,ci_low_percentage_points,ci_high_percentage_points,z_value,p_value_two_sided,is_behavior_term,reference_category
NA,H1_session_depth,behavior_only,30m_session_boundary,session_depth_2,-0.0006615412139841864,-0.06615412139841864,0.0037987687396612547,-0.008106991129316858,0.006783908701348486,-0.8106991129316858,0.6783908701348487,-0.17414621929398566,0.8617505503669703,True,session depth 1
NA,H1_session_depth,behavior_only,30m_session_boundary,session_depth_3,0.007642782694590426,0.7642782694590425,0.004708423085928556,-0.0015855569778064835,0.016871122366987335,-0.15855569778064835,1.6871122366987334,1.6232149395052038,0.10454346532062561,True,session depth 1
NA,H1_session_depth,behavior_only,30m_session_boundary,session_depth_4,-0.000567681062308218,-0.056768106230821805,0.005868858267897358,-0.012070431897757165,0.010935069773140729,-1.2070431897757166,1.0935069773140729,-0.09672768303392709,0.9229426550255253,True,session depth 1
NA,H1_session_depth,behavior_only,30m_session_boundary,session_depth_5,0.002866571210984171,0.2866571210984171,0.007139233942532745,-0.011126070193585906,0.01685921261555425,-1.1126070193585906,1.6859212615554249,0.401523641620184,0.6880346356906847,True,session depth 1
NA,H1_session_depth,behavior_only,30m_session_boundary,session_depth_6,0.005995046462672765,0.5995046462672765,0.008216815974736134,-0.010109616915403435,0.022099709840748966,-1.0109616915403437,2.2099709840748964,0.7296070011918799,0.4656304414732467,True,session depth 1
NA,H1_session_depth,behavior_only,30m_session_boundary,session_depth_7,0.001963462470527859,0.1963462470527859,0.009889331843959182,-0.01741927177479722,0.021346196715852937,-1.741927177479722,2.134619671585294,0.19854349125995038,0.8426198608510562,True,session depth 1
NA,H1_session_depth,behavior_only,30m_session_boundary,session_depth_8+,0.0047795574958185635,0.4779557495818564,0.006228540803895264,-0.007428158156054309,0.016987273147691436,-0.7428158156054309,1.6987273147691435,0.7673639213906215,0.4428651731024157,True,session depth 1
NA,H1_session_depth,adjusted,30m_session_boundary,session_depth_2,-0.005905472625055115,-0.5905472625055115,0.006616317218925986,-0.01887321608444226,0.00706227083433203,-1.8873216084442261,0.7062270834332031,-0.8925618935202352,0.3720918336199074,True,session depth 1
NA,H1_session_depth,adjusted,30m_session_boundary,session_depth_3,0.0033589163979517393,0.33589163979517395,0.00704116249377996,-0.010441508499151214,0.01715934129505469,-1.0441508499151213,1.715934129505469,0.47704003435781345,0.6333336139837697,True,session depth 1
NA,H1_session_depth,adjusted,30m_session_boundary,session_depth_4,-0.004040040353467529,-0.4040040353467529,0.007771921257453737,-0.019272726108758104,0.011192645401823045,-1.9272726108758103,1.1192645401823045,-0.5198251783100464,0.6031854287319526,True,session depth 1
NA,H1_session_depth,adjusted,30m_session_boundary,session_depth_5,0.0003124750277439066,0.031247502774390663,0.009179349784589773,-0.01767871995154755,0.018303670007035366,-1.7678719951547552,1.8303670007035366,0.034041085161444384,0.9728443884512834,True,session depth 1
NA,H1_session_depth,adjusted,30m_session_boundary,session_depth_6,0.0038443749906428393,0.3844374990642839,0.009978883466371935,-0.015713877209368364,0.023402627190654043,-1.5713877209368363,2.340262719065404,0.38525101566704184,0.7000514496586634,True,session depth 1
NA,H1_session_depth,adjusted,30m_session_boundary,session_depth_7,0.00033586003939930977,0.033586003939930976,0.011393535306225167,-0.02199505881738755,0.022666778896186172,-2.199505881738755,2.266677889618617,0.029478123371926845,0.9764832663786029,True,session depth 1
NA,H1_session_depth,adjusted,30m_session_boundary,session_depth_8+,0.004484049343078506,0.4484049343078506,0.008451942731548668,-0.012081454010151968,0.021049552696308982,-1.2081454010151969,2.1049552696308984,0.5305347522458761,0.5957412206578795,True,session depth 1
NA,H1_session_depth,adjusted,30m_session_boundary,prior_win_rate,-0.3136800821238533,-31.36800821238533,0.01935952036436369,-0.35162404479597587,-0.2757361194517307,-35.16240447959758,-27.57361194517307,-16.202885000253637,4.811578620403061e-59,False,
NA,H1_session_depth,adjusted,30m_session_boundary,log1p_prior_matches,-0.009602257650344498,-0.9602257650344498,0.0031474036152737478,-0.015771055381092206,-0.0034334599195967926,-1.5771055381092205,-0.34334599195967924,-3.050850422788669,0.002281942242189102,False,
NA,H1_session_depth,adjusted,30m_session_boundary,log1p_prev_kda,0.006625253318121992,0.6625253318121992,0.0028723858804480386,0.0009954804427424625,0.01225502619350152,0.09954804427424624,1.2255026193501521,2.3065331727255867,0.02108085875782888,False,
NA,H1_session_depth,adjusted,30m_session_boundary,log1p_prev_loss_streak,0.0014479231268345694,0.14479231268345694,0.005815627877244915,-0.00995049806005259,0.012846344313721728,-0.995049806005259,1.284634431372173,0.2489710754190321,0.8033831555026214,False,
NA,H1_session_depth,adjusted,30m_session_boundary,prev_queue_was_flex440,-0.01776740158842515,-1.7767401588425151,0.014628335322408849,-0.046438411974121616,0.010903608797271314,-4.643841197412161,1.0903608797271314,-1.2145880714948905,0.2245232406614687,False,
NA,H1_session_depth,adjusted,30m_session_boundary,prev_ranked_win,0.0020172257835296297,0.20172257835296298,0.0068491308375456346,-0.01140682398346247,0.015441275550521728,-1.1406823983462469,1.5441275550521727,0.29452288638896795,0.7683583777292396,False,
NA,H1_session_depth,adjusted,30m_session_boundary,log1p_gap_from_prev_ranked,-0.0015040430080600212,-0.15040430080600212,0.0014103558217786931,-0.004268289624132651,0.0012602036080126085,-0.42682896241326507,0.12602036080126083,-1.0664280494571738,0.28623018762396013,False,
NA,H1_session_depth,adjusted,30m_session_boundary,recent_volume_control,-0.00024831509819749043,-0.024831509819749045,0.0012638457810704728,-0.002725407311108511,0.0022287771147135303,-0.2725407311108511,0.22287771147135302,-0.19647578993947223,0.8442377801884993,False,
NA,H1_session_depth,adjusted,30m_session_boundary,patch_15.21,0.003470578058374177,0.3470578058374177,0.012059170438053863,-0.020164961683641503,0.027106117800389854,-2.0164961683641502,2.7106117800389855,0.2877957547910955,0.7735030871418344,False,
NA,H1_session_depth,adjusted,30m_session_boundary,patch_15.22,0.000903115230705456,0.0903115230705456,0.01230708577149276,-0.023218329636065696,0.02502456009747661,-2.3218329636065698,2.502456009747661,0.07338172882465535,0.9415023566776003,False,
NA,H1_session_depth,adjusted,30m_session_boundary,patch_15.23,0.007773058100338136,0.7773058100338136,0.013287983873989188,-0.018270911719829697,0.03381702792050597,-1.8270911719829697,3.381702792050597,0.5849689594787704,0.5585685885587138,False,
NA,H1_session_depth,adjusted,30m_session_boundary,patch_15.24,0.024024818555407213,2.4024818555407212,0.014329063087801614,-0.00405962902888625,0.052109266139700676,-0.40596290288862497,5.210926613970067,1.6766496461209408,0.09361101253436929,False,
NA,H1_session_depth,adjusted,30m_session_boundary,patch_16.1,0.020745573638165267,2.0745573638165267,0.017137536272223232,-0.012843380239141083,0.05433452751547162,-1.2843380239141085,5.433452751547161,1.2105341928168516,0.2260739784974566,False,
NA,H1_session_depth,adjusted_sensitivity,45m_session_boundary,session_depth_2,-0.010240750496278478,-1.024075049627848,0.007223763098577324,-0.024399066002339497,0.003917565009782541,-2.43990660023395,0.3917565009782541,-1.4176476106055211,0.1562936725550862,True,session depth 1
NA,H1_session_depth,adjusted_sensitivity,45m_session_boundary,session_depth_3,-0.0049711334701190045,-0.49711334701190046,0.007631113794605334,-0.019927841669472247,0.009985574729234236,-1.9927841669472246,0.9985574729234236,-0.6514296083008551,0.5147692029154098,True,session depth 1
NA,H1_session_depth,adjusted_sensitivity,45m_session_boundary,session_depth_4,-0.009768935673667456,-0.9768935673667456,0.00814728085642646,-0.025737312724195965,0.0061994413768610545,-2.5737312724195966,0.6199441376861055,-1.199042459173585,0.23051143627493495,True,session depth 1
NA,H1_session_depth,adjusted_sensitivity,45m_session_boundary,session_depth_5,-0.005470732459305844,-0.5470732459305844,0.009160877095377834,-0.0234257216330443,0.012484256714432611,-2.34257216330443,1.248425671443261,-0.597184352802433,0.5503843048057664,True,session depth 1
NA,H1_session_depth,adjusted_sensitivity,45m_session_boundary,session_depth_6,0.0035457792639281907,0.35457792639281904,0.009708260625196726,-0.015482061913985701,0.022573620441842083,-1.54820619139857,2.2573620441842084,0.3652332174442772,0.7149373245281672,True,session depth 1
NA,H1_session_depth,adjusted_sensitivity,45m_session_boundary,session_depth_7,-0.0016846492855718623,-0.16846492855718623,0.011561247851106899,-0.024344278690082474,0.020974980118938752,-2.4344278690082475,2.097498011893875,-0.14571517774446557,0.8841462391543073,True,session depth 1
NA,H1_session_depth,adjusted_sensitivity,45m_session_boundary,session_depth_8+,0.0029529830328551988,0.29529830328551987,0.008640516965332598,-0.013982119027004017,0.019888085092714412,-1.3982119027004016,1.9888085092714411,0.3417599947668791,0.7325315182246392,True,session depth 1
NA,H1_session_depth,adjusted_sensitivity,45m_session_boundary,prior_win_rate,-0.31380401445257977,-31.380401445257977,0.019358864555824574,-0.3517466917635849,-0.2758613371415746,-35.17466917635849,-27.586133714157462,-16.209835734305212,4.297156139855888e-59,False,
NA,H1_session_depth,adjusted_sensitivity,45m_session_boundary,log1p_prior_matches,-0.009748995469543609,-0.9748995469543609,0.003148387210294659,-0.015919721011107675,-0.0035782699279795433,-1.5919721011107675,-0.3578269927979543,-3.0965045969143024,0.0019581682582862805,False,
NA,H1_session_depth,adjusted_sensitivity,45m_session_boundary,log1p_prev_kda,0.006635263755246631,0.6635263755246631,0.0028727285440930637,0.001004819271464041,0.01226570823902922,0.10048192714640411,1.226570823902922,2.3097426900603377,0.020902403842987312,False,
NA,H1_session_depth,adjusted_sensitivity,45m_session_boundary,log1p_prev_loss_streak,0.0015627301480934113,0.15627301480934114,0.005804918056890462,-0.009814700176618127,0.012940160472804949,-0.9814700176618127,1.294016047280495,0.2692079600053,0.7877696551228197,False,
NA,H1_session_depth,adjusted_sensitivity,45m_session_boundary,prev_queue_was_flex440,-0.017683336202689158,-1.7683336202689157,0.0146230257862286,-0.046343940088697716,0.010977267683319403,-4.634394008869772,1.0977267683319403,-1.2092802448138087,0.22655519784691225,False,
NA,H1_session_depth,adjusted_sensitivity,45m_session_boundary,prev_ranked_win,0.0021705234322245016,0.21705234322245015,0.006831419424011898,-0.011218812602126179,0.015559859466575182,-1.1218812602126178,1.555985946657518,0.31772656566734636,0.7506923581292011,False,
NA,H1_session_depth,adjusted_sensitivity,45m_session_boundary,log1p_gap_from_prev_ranked,-0.0026554581398528735,-0.26554581398528737,0.0014926490104698077,-0.005580996441933047,0.00027008016222729954,-0.5580996441933047,0.027008016222729955,-1.7790238168697639,0.07523585733911514,False,
NA,H1_session_depth,adjusted_sensitivity,45m_session_boundary,recent_volume_control,-0.0007990912976787837,-0.07990912976787837,0.0013568326720694239,-0.0034584344679821,0.0018602518726245328,-0.34584344679821,0.1860251872624533,-0.5889387203950652,0.5559023820413628,False,
NA,H1_session_depth,adjusted_sensitivity,45m_session_boundary,patch_15.21,0.0037465970138721542,0.37465970138721544,0.01206320005994536,-0.019896840641922174,0.027390034669666483,-1.9896840641922173,2.7390034669666483,0.31058069129702587,0.7561194078542849,False,
NA,H1_session_depth,adjusted_sensitivity,45m_session_boundary,patch_15.22,0.001158557601775893,0.11585576017758929,0.012301696968031685,-0.02295232540429179,0.025269440607843578,-2.295232540429179,2.526944060784358,0.09417868159056646,0.9249672191206701,False,
NA,H1_session_depth,adjusted_sensitivity,45m_session_boundary,patch_15.23,0.0080628618486705,0.80628618486705,0.01328134064755699,-0.01796808748694908,0.03409381118429008,-1.7968087486949078,3.4093811184290077,0.6070819251333341,0.5437965447189874,False,
NA,H1_session_depth,adjusted_sensitivity,45m_session_boundary,patch_15.24,0.02452058748870722,2.452058748870722,0.014323335602125217,-0.003552634429938535,0.052593809407352976,-0.3552634429938535,5.259380940735298,1.7119327627196692,0.0869090601006702,False,
NA,H1_session_depth,adjusted_sensitivity,45m_session_boundary,patch_16.1,0.02131946360434906,2.131946360434906,0.01712884641719711,-0.012252458470075216,0.05489138567877334,-1.2252458470075216,5.489138567877334,1.2446526219620158,0.21325946840163829,False,
NA,H1_session_depth,adjusted_sensitivity,60m_session_boundary,session_depth_2,-0.015562308238977314,-1.5562308238977314,0.00745351592876972,-0.030170931017561575,-0.0009536854603930528,-3.0170931017561573,-0.09536854603930528,-2.087915070914195,0.03680549644536025,True,session depth 1
NA,H1_session_depth,adjusted_sensitivity,60m_session_boundary,session_depth_3,-0.010159422624316973,-1.0159422624316972,0.008004223325443252,-0.02584741206640117,0.005528566817767226,-2.5847412066401168,0.5528566817767225,-1.2692577669619647,0.20434914388297004,True,session depth 1
NA,H1_session_depth,adjusted_sensitivity,60m_session_boundary,session_depth_4,-0.01323455803557483,-1.323455803557483,0.008684404593857584,-0.03025567826670989,0.0037865621955602297,-3.025567826670989,0.37865621955602297,-1.523945354288944,0.12752236246803936,True,session depth 1
NA,H1_session_depth,adjusted_sensitivity,60m_session_boundary,session_depth_5,-0.013046139649937796,-1.3046139649937796,0.009514079952672165,-0.03169339370320978,0.00560111440333419,-3.1693393703209782,0.560111440333419,-1.371245534495808,0.1702984279911247,True,session depth 1
NA,H1_session_depth,adjusted_sensitivity,60m_session_boundary,session_depth_6,-0.0023487678867424085,-0.23487678867424086,0.010112463465293566,-0.02216883207369491,0.01747129630021009,-2.216883207369491,1.747129630021009,-0.23226465982334438,0.8163324592925716,True,session depth 1
NA,H1_session_depth,adjusted_sensitivity,60m_session_boundary,session_depth_7,-0.0029390152956747582,-0.29390152956747584,0.011881670643863236,-0.026226661833813537,0.02034863124246402,-2.622666183381354,2.034863124246402,-0.24735707492386438,0.8046318913506901,True,session depth 1
NA,H1_session_depth,adjusted_sensitivity,60m_session_boundary,session_depth_8+,-0.002112277386293464,-0.21122773862934638,0.009423587205837594,-0.020582168914907592,0.01635761414232066,-2.0582168914907593,1.6357614142320662,-0.22414791099773337,0.8226422131910045,True,session depth 1
NA,H1_session_depth,adjusted_sensitivity,60m_session_boundary,prior_win_rate,-0.3139561838374479,-31.39561838374479,0.01935771303351588,-0.3518966042062006,-0.27601576346869516,-35.18966042062006,-27.601576346869518,-16.218660917943417,3.72221715561245e-59,False,
NA,H1_session_depth,adjusted_sensitivity,60m_session_boundary,log1p_prior_matches,-0.009836889574569223,-0.9836889574569223,0.0031434217396951332,-0.015997882972591925,-0.003675896176546522,-1.5997882972591926,-0.3675896176546522,-3.129357238435101,0.001751891781755589,False,
NA,H1_session_depth,adjusted_sensitivity,60m_session_boundary,log1p_prev_kda,0.006661277045893197,0.6661277045893197,0.0028719147882453337,0.001032427494264367,0.012290126597522027,0.10324274942643671,1.2290126597522026,2.319454975877981,0.020370379717694342,False,
NA,H1_session_depth,adjusted_sensitivity,60m_session_boundary,log1p_prev_loss_streak,0.0015698986811358855,0.15698986811358853,0.005804657276961596,-0.009807020524307184,0.012946817886578955,-0.9807020524307184,1.2946817886578956,0.2704550167615816,0.7868102192012043,False,
NA,H1_session_depth,adjusted_sensitivity,60m_session_boundary,prev_queue_was_flex440,-0.017642021726228554,-1.7642021726228554,0.01462055891615663,-0.04629779063574152,0.01101374718328441,-4.629779063574152,1.101374718328441,-1.2066585024142285,0.22756368658344206,False,
NA,H1_session_depth,adjusted_sensitivity,60m_session_boundary,prev_ranked_win,0.002219546117832497,0.2219546117832497,0.00682843108561476,-0.011163932880886176,0.01560302511655117,-1.1163932880886176,1.560302511655117,0.32504481483431014,0.7451471542963087,False,
NA,H1_session_depth,adjusted_sensitivity,60m_session_boundary,log1p_gap_from_prev_ranked,-0.003647902981355562,-0.3647902981355562,0.0015311429815751077,-0.006648888080424049,-0.0006469178822870753,-0.6648888080424049,-0.06469178822870753,-2.382470497695071,0.01719690988032739,False,
NA,H1_session_depth,adjusted_sensitivity,60m_session_boundary,recent_volume_control,-0.0009774749216142184,-0.09774749216142184,0.0014640728218221252,-0.0038470049231295114,0.0018920550799010746,-0.3847004923129511,0.18920550799010746,-0.6676409172036218,0.5043628325057445,False,
NA,H1_session_depth,adjusted_sensitivity,60m_session_boundary,patch_15.21,0.003964775788065441,0.3964775788065441,0.012065828115227606,-0.01968381276143147,0.027613364337562347,-1.968381276143147,2.761336433756235,0.32859541427262,0.7424615146486309,False,
NA,H1_session_depth,adjusted_sensitivity,60m_session_boundary,patch_15.22,0.001324571372757268,0.1324571372757268,0.01230359063384514,-0.02279002315010354,0.02543916589561808,-2.279002315010354,2.543916589561808,0.10765730201666428,0.9142675406431293,False,
NA,H1_session_depth,adjusted_sensitivity,60m_session_boundary,patch_15.23,0.008215795025257624,0.8215795025257624,0.01328063005868085,-0.017813761581756907,0.03424535163227216,-1.7813761581756908,3.424535163227216,0.6186299135625264,0.5361601908367291,False,
NA,H1_session_depth,adjusted_sensitivity,60m_session_boundary,patch_15.24,0.02475780430597782,2.475780430597782,0.014325718298661822,-0.003320087612065769,0.052835696224021414,-0.3320087612065769,5.283569622402141,1.7282068368111405,0.08395114844404925,False,
NA,H1_session_depth,adjusted_sensitivity,60m_session_boundary,patch_16.1,0.02158358637444523,2.158358637444523,0.017125734295085866,-0.011982236052725515,0.05514940880161598,-1.1982236052725515,5.514940880161598,1.2603013688375697,0.20756066638721918,False,
NA,H1_session_depth,adjusted_sensitivity,90m_session_boundary,session_depth_2,-0.011638450943196562,-1.1638450943196563,0.007979170319112789,-0.027277337395168598,0.004000435508775475,-2.72773373951686,0.4000435508775475,-1.45860415027344,0.14467409065343828,True,session depth 1
NA,H1_session_depth,adjusted_sensitivity,90m_session_boundary,session_depth_3,-0.00538368633029592,-0.538368633029592,0.008294588118742834,-0.021640780309625716,0.010873407649033873,-2.1640780309625716,1.0873407649033873,-0.6490601164548117,0.5162995198228657,True,session depth 1
NA,H1_session_depth,adjusted_sensitivity,90m_session_boundary,session_depth_4,-0.0026268423271154926,-0.2626842327115493,0.00884212303063078,-0.019957085014023972,0.014703400359792989,-1.9957085014023972,1.4703400359792989,-0.2970827614607505,0.7664033249304995,True,session depth 1
NA,H1_session_depth,adjusted_sensitivity,90m_session_boundary,session_depth_5,-0.008915010685853321,-0.8915010685853322,0.010132990534653392,-0.02877530718945924,0.010945285817752596,-2.877530718945924,1.0945285817752595,-0.8798005539791286,0.37896736451767415,True,session depth 1
NA,H1_session_depth,adjusted_sensitivity,90m_session_boundary,session_depth_6,0.007372638895661485,0.7372638895661485,0.011175459041703258,-0.014530858336779405,0.029276136128102377,-1.4530858336779406,2.9276136128102377,0.6597168732084421,0.5094355365955368,True,session depth 1
NA,H1_session_depth,adjusted_sensitivity,90m_session_boundary,session_depth_7,0.0010549566514919478,0.10549566514919477,0.013077517805014871,-0.024576507253518502,0.026686420556502395,-2.4576507253518503,2.6686420556502397,0.0806694869180297,0.935704803617598,True,session depth 1
NA,H1_session_depth,adjusted_sensitivity,90m_session_boundary,session_depth_8+,0.00975805383567631,0.975805383567631,0.010953465737117552,-0.011710344514967568,0.03122645218632019,-1.1710344514967568,3.122645218632019,0.8908645053418665,0.37300186437041183,True,session depth 1
NA,H1_session_depth,adjusted_sensitivity,90m_session_boundary,prior_win_rate,-0.3139892752574337,-31.39892752574337,0.019361632462875217,-0.3519373775665707,-0.2760411729482967,-35.193737756657065,-27.60411729482967,-16.217086852541463,3.8188289863996965e-59,False,
NA,H1_session_depth,adjusted_sensitivity,90m_session_boundary,log1p_prior_matches,-0.010007962197918429,-1.000796219791843,0.0031450559445608487,-0.016172158578621292,-0.003843765817215564,-1.6172158578621292,-0.3843765817215564,-3.1821253339631332,0.0014619853657724,False,
NA,H1_session_depth,adjusted_sensitivity,90m_session_boundary,log1p_prev_kda,0.0066662168503567425,0.6666216850356742,0.002872164320846477,0.0010368782238167036,0.012295555476896782,0.10368782238167036,1.2295555476896782,2.3209733516890467,0.020288282125960178,False,
NA,H1_session_depth,adjusted_sensitivity,90m_session_boundary,log1p_prev_loss_streak,0.0016595103548795323,0.16595103548795323,0.0058055900993965286,-0.009719237148939977,0.01303825785869904,-0.9719237148939976,1.303825785869904,0.2858469727396071,0.7749953293749458,False,
NA,H1_session_depth,adjusted_sensitivity,90m_session_boundary,prev_queue_was_flex440,-0.017870553531614604,-1.7870553531614604,0.014619314375394538,-0.046523883186056575,0.010782776122827367,-4.652388318605658,1.0782776122827367,-1.2223934086602692,0.2215588906510733,False,
NA,H1_session_depth,adjusted_sensitivity,90m_session_boundary,prev_ranked_win,0.002354192194922553,0.2354192194922553,0.0068248876127302875,-0.011022341724562358,0.015730726114407463,-1.1022341724562357,1.5730726114407463,0.3449422655006566,0.7301377751399063,False,
NA,H1_session_depth,adjusted_sensitivity,90m_session_boundary,log1p_gap_from_prev_ranked,-0.00306794423903052,-0.306794423903052,0.0016008842873406757,-0.006205619785634315,6.97313075732754e-05,-0.6205619785634315,0.00697313075732754,-1.9164059909207212,0.055313438855886486,False,
NA,H1_session_depth,adjusted_sensitivity,90m_session_boundary,recent_volume_control,-0.0022091257531583375,-0.22091257531583375,0.0018224754491577137,-0.005781111996215915,0.0013628604898992397,-0.5781111996215915,0.13628604898992397,-1.212156659876719,0.22545241816988204,False,
NA,H1_session_depth,adjusted_sensitivity,90m_session_boundary,patch_15.21,0.003908469541736127,0.3908469541736127,0.012070613794232318,-0.019749498766251587,0.02756643784972384,-1.9749498766251588,2.756643784972384,0.3238003972593096,0.7460891554168989,False,
NA,H1_session_depth,adjusted_sensitivity,90m_session_boundary,patch_15.22,0.0015531009538588033,0.15531009538588034,0.012314008117765302,-0.02258191146229505,0.025688113370012654,-2.258191146229505,2.5688113370012653,0.126124730388813,0.899633191766213,False,
NA,H1_session_depth,adjusted_sensitivity,90m_session_boundary,patch_15.23,0.008588967316392382,0.8588967316392382,0.013281702005558706,-0.017442690267896084,0.03462062490068085,-1.7442690267896084,3.462062490068085,0.6466767070062027,0.5178412014318418,False,
NA,H1_session_depth,adjusted_sensitivity,90m_session_boundary,patch_15.24,0.025033057124796414,2.503305712479641,0.014337851560740656,-0.0030686155499366763,0.053134729799529504,-0.30686155499366763,5.313472979952951,1.7459419926860558,0.08082103201224031,False,
NA,H1_session_depth,adjusted_sensitivity,90m_session_boundary,patch_16.1,0.02176849102429448,2.176849102429448,0.01713661661297603,-0.011818660354009306,0.05535564240259827,-1.1818660354009307,5.535564240259827,1.2702910682970607,0.20398096854960932,False,
NA,H2_post_loss_requeue,behavior_only,categorical_requeue_gap,post_loss_gap_5-10m,-0.0034853008897073744,-0.34853008897073745,0.006925580691962001,-0.017059189617978882,0.010088587838564134,-1.7059189617978883,1.0088587838564134,-0.5032503474766383,0.6147882709195676,True,<=5m
NA,H2_post_loss_requeue,behavior_only,categorical_requeue_gap,post_loss_gap_10-20m,-0.017865110321723353,-1.7865110321723352,0.008402889243204209,-0.034334470604482636,-0.0013957500389640727,-3.4334470604482634,-0.13957500389640726,-2.12606757088601,0.03349763366219716,True,<=5m
NA,H2_post_loss_requeue,behavior_only,categorical_requeue_gap,post_loss_gap_20-30m,-0.011730427833656378,-1.1730427833656378,0.014070522445212624,-0.039308145069935574,0.01584728940262282,-3.930814506993557,1.5847289402622822,-0.8336881504814029,0.40445673716941655,True,<=5m
NA,H2_post_loss_requeue,behavior_only,categorical_requeue_gap,post_loss_gap_30-60m,-0.02356179350679942,-2.356179350679942,0.011482930207636287,-0.04606792315075359,-0.001055663862845252,-4.606792315075358,-0.1055663862845252,-2.051897301538116,0.04017964417241226,True,<=5m
NA,H2_post_loss_requeue,behavior_only,categorical_requeue_gap,post_loss_gap_1-2h,0.002256855815114844,0.2256855815114844,0.012288955706440261,-0.021829054777116046,0.02634276640734573,-2.1829054777116044,2.634276640734573,0.18364911299436906,0.8542887317281793,True,<=5m
NA,H2_post_loss_requeue,behavior_only,categorical_requeue_gap,post_loss_gap_2-6h,0.005051615018153777,0.5051615018153777,0.010888803624141609,-0.016290047919892994,0.026393277956200546,-1.6290047919892994,2.6393277956200545,0.4639274609520757,0.6426997174948289,True,<=5m
NA,H2_post_loss_requeue,behavior_only,categorical_requeue_gap,post_loss_gap_6-24h,0.006263782417774633,0.6263782417774634,0.008472952571156753,-0.010342899464408653,0.02287046429995792,-1.0342899464408652,2.287046429995792,0.7392679665288724,0.4597442968404167,True,<=5m
NA,H2_post_loss_requeue,behavior_only,categorical_requeue_gap,post_loss_gap_>24h,-0.009776237574324158,-0.9776237574324158,0.008647085790916442,-0.026724214295748432,0.007171739147100117,-2.672421429574843,0.7171739147100117,-1.1305817717911233,0.25823116323298523,True,<=5m
NA,H2_post_loss_requeue,adjusted,categorical_requeue_gap,post_loss_gap_5-10m,-0.0027442736139572867,-0.27442736139572865,0.006909074948389555,-0.016285811679288748,0.010797264451374173,-1.6285811679288749,1.0797264451374173,-0.39719841432563313,0.6912211514120985,True,<=5m
NA,H2_post_loss_requeue,adjusted,categorical_requeue_gap,post_loss_gap_10-20m,-0.015908239374173194,-1.5908239374173194,0.008384048141012188,-0.032340671775207074,0.0005241930268606865,-3.2340671775207075,0.05241930268606865,-1.8974413203038487,0.05776971648963475,True,<=5m
NA,H2_post_loss_requeue,adjusted,categorical_requeue_gap,post_loss_gap_20-30m,-0.009903578540774737,-0.9903578540774737,0.014006096308593168,-0.03735502286961674,0.01754786578806727,-3.7355022869616743,1.754786578806727,-0.7070905641780136,0.4795101993822735,True,<=5m
NA,H2_post_loss_requeue,adjusted,categorical_requeue_gap,post_loss_gap_30-60m,-0.023789140789033287,-2.3789140789033287,0.012343431090197669,-0.04798182117147269,0.00040353959340612075,-4.798182117147269,0.040353959340612075,-1.9272713247392808,0.053945825259662565,True,<=5m
NA,H2_post_loss_requeue,adjusted,categorical_requeue_gap,post_loss_gap_1-2h,0.002355946427516165,0.2355946427516165,0.01287377855831612,-0.02287619589172741,0.02758808874675974,-2.287619589172741,2.758808874675974,0.18300349169780353,0.854795278907799,True,<=5m
NA,H2_post_loss_requeue,adjusted,categorical_requeue_gap,post_loss_gap_2-6h,0.0054756483123357715,0.5475648312335771,0.011746263815781368,-0.017546605719501736,0.02849790234417328,-1.7546605719501736,2.849790234417328,0.4661608489483367,0.6411003709044714,True,<=5m
NA,H2_post_loss_requeue,adjusted,categorical_requeue_gap,post_loss_gap_6-24h,0.009423418051448848,0.9423418051448849,0.009802840927127522,-0.009789797111896328,0.028636633214794024,-0.9789797111896328,2.8636633214794025,0.9612946003613408,0.3364040621212833,True,<=5m
NA,H2_post_loss_requeue,adjusted,categorical_requeue_gap,post_loss_gap_>24h,-0.016593588195151835,-1.6593588195151836,0.009884103322478927,-0.03596607472668322,0.002778898336379551,-3.596607472668322,0.2778898336379551,-1.6788157361137512,0.09318796079564101,True,<=5m
NA,H2_post_loss_requeue,adjusted,categorical_requeue_gap,prior_win_rate,-0.3833677294821705,-38.33677294821705,0.02996577228763346,-0.4420995639348605,-0.32463589502948054,-44.20995639348605,-32.463589502948054,-12.793520747682585,1.7821359228150914e-37,False,
NA,H2_post_loss_requeue,adjusted,categorical_requeue_gap,log1p_prior_matches,0.006628490151851973,0.6628490151851972,0.004595416760090146,-0.0023783611918764547,0.0156353414955804,-0.23783611918764547,1.56353414955804,1.4424132778159484,0.14918582030889024,False,
NA,H2_post_loss_requeue,adjusted,categorical_requeue_gap,log1p_prev_kda,0.007221474808753525,0.7221474808753525,0.0053719595900268745,-0.0033073725141037026,0.017750322131610752,-0.33073725141037025,1.7750322131610752,1.3442906052681975,0.17885443234557113,False,
NA,H2_post_loss_requeue,adjusted,categorical_requeue_gap,log1p_prev_loss_streak,0.01874551514763379,1.8745515147633791,0.006202307606714595,0.0065892156174343665,0.030901814677833216,0.6589215617434366,3.0901814677833217,3.02234528441317,0.002508242644139785,False,
NA,H2_post_loss_requeue,adjusted,categorical_requeue_gap,prev_queue_was_flex440,-0.020711103400532005,-2.0711103400532007,0.021826013286985056,-0.0634893033691154,0.022067096568051385,-6.34893033691154,2.2067096568051383,-0.9489182989218706,0.3426621669223172,False,
NA,H2_post_loss_requeue,adjusted,categorical_requeue_gap,session_depth_control,-0.0011579947557759098,-0.11579947557759099,0.0019177949063185504,-0.004916803701894635,0.002600814190342816,-0.49168037018946353,0.2600814190342816,-0.6038157427369681,0.5459661517523735,False,
NA,H2_post_loss_requeue,adjusted,categorical_requeue_gap,recent_volume_control,0.0014847998851906974,0.14847998851906974,0.0019616194007855228,-0.002359903491723969,0.005329503262105364,-0.2359903491723969,0.5329503262105364,0.7569255710848471,0.44909445456235214,False,
NA,H2_post_loss_requeue,adjusted,categorical_requeue_gap,patch_15.21,0.01594075875448913,1.594075875448913,0.017051615016278544,-0.01747979255565918,0.04936131006463744,-1.747979255565918,4.936131006463744,0.934853310919293,0.3498639012172843,False,
NA,H2_post_loss_requeue,adjusted,categorical_requeue_gap,patch_15.22,0.02508144257588679,2.508144257588679,0.018040170202761205,-0.010276641296497819,0.0604395264482714,-1.027664129649782,6.04395264482714,1.39031075061852,0.164434534703375,False,
NA,H2_post_loss_requeue,adjusted,categorical_requeue_gap,patch_15.23,0.032368668925828084,3.2368668925828086,0.01900705585560458,-0.004884476003298034,0.0696218138549542,-0.4884476003298034,6.96218138549542,1.702981733295827,0.08857148689630222,False,
NA,H2_post_loss_requeue,adjusted,categorical_requeue_gap,patch_15.24,0.03902741509035343,3.902741509035343,0.020610849151138536,-0.0013691069366660452,0.0794239371173729,-0.13691069366660452,7.9423937117372905,1.8935374668053193,0.05828643057447201,False,
NA,H2_post_loss_requeue,adjusted,categorical_requeue_gap,patch_16.1,0.03776226800558746,3.7762268005587463,0.025003339749989018,-0.011243377397609736,0.08676791340878466,-1.1243377397609735,8.676791340878466,1.510288960721899,0.1309697073394894,False,
NA,H2_post_loss_requeue,adjusted_continuous_sensitivity,log2_1plus_gap,log2_1plus_post_loss_gap,-0.00043852164419739507,-0.043852164419739506,0.0008363364547636721,-0.0020777109744921046,0.0012006676860973143,-0.20777109744921046,0.12006676860973142,-0.5243363979886664,0.6000445851782581,True,continuous: effect per doubling of (1+gap minutes)
NA,H2_post_loss_requeue,adjusted_continuous_sensitivity,log2_1plus_gap,prior_win_rate,-0.3799141690298604,-37.99141690298604,0.03004654171523239,-0.43880430865169623,-0.3210240294080246,-43.88043086516962,-32.10240294080246,-12.644189558669217,1.2046022907090538e-36,False,
NA,H2_post_loss_requeue,adjusted_continuous_sensitivity,log2_1plus_gap,log1p_prior_matches,0.007624709480495373,0.7624709480495373,0.0045999291291726856,-0.001390985944119785,0.016640404905110533,-0.1390985944119785,1.6640404905110533,1.6575710769410714,0.09740407156352957,False,
NA,H2_post_loss_requeue,adjusted_continuous_sensitivity,log2_1plus_gap,log1p_prev_kda,0.007000452339996093,0.7000452339996093,0.005376641150619128,-0.0035375706730133936,0.01753847535300558,-0.3537570673013394,1.753847535300558,1.3020121938377793,0.19291221721582236,False,
NA,H2_post_loss_requeue,adjusted_continuous_sensitivity,log2_1plus_gap,log1p_prev_loss_streak,0.01890494735710968,1.890494735710968,0.006183495208900043,0.006785519449089618,0.031024375265129744,0.6785519449089619,3.1024375265129747,3.0573238465357533,0.002233228581653747,False,
NA,H2_post_loss_requeue,adjusted_continuous_sensitivity,log2_1plus_gap,prev_queue_was_flex440,-0.020706012541758453,-2.070601254175845,0.021848030313376603,-0.06352736508911594,0.02211534000559904,-6.352736508911594,2.211534000559904,-0.9477290284186881,0.3432674190622791,False,
NA,H2_post_loss_requeue,adjusted_continuous_sensitivity,log2_1plus_gap,session_depth_control,-0.0009195273013948846,-0.09195273013948846,0.0016981921324713864,-0.004247922719868074,0.002408868117078305,-0.4247922719868074,0.24088681170783052,-0.5414742441755943,0.5881807455216168,False,
NA,H2_post_loss_requeue,adjusted_continuous_sensitivity,log2_1plus_gap,recent_volume_control,0.00023814583978626347,0.023814583978626347,0.0017924276698331313,-0.003274947837979725,0.003751239517552252,-0.3274947837979725,0.37512395175522517,0.13286217558136335,0.8943023811509826,False,
NA,H2_post_loss_requeue,adjusted_continuous_sensitivity,log2_1plus_gap,patch_15.21,0.014284548251893289,1.4284548251893288,0.017040541651022215,-0.01911429966116496,0.04768339616495154,-1.9114299661164962,4.768339616495155,0.8382684391394565,0.40187995718513714,False,
NA,H2_post_loss_requeue,adjusted_continuous_sensitivity,log2_1plus_gap,patch_15.22,0.023412330897342237,2.3412330897342235,0.018044496315573304,-0.011954232000347141,0.058778893795031616,-1.195423200034714,5.877889379503162,1.2974776623238977,0.19446688607800813,False,
NA,H2_post_loss_requeue,adjusted_continuous_sensitivity,log2_1plus_gap,patch_15.23,0.03146725179607826,3.146725179607826,0.01903511414149318,-0.005840886362857442,0.06877538995501396,-0.5840886362857443,6.877538995501396,1.6531160024664744,0.09830725712439979,False,
NA,H2_post_loss_requeue,adjusted_continuous_sensitivity,log2_1plus_gap,patch_15.24,0.03724386239658322,3.724386239658322,0.020631110432606466,-0.0031923710123940297,0.07768009580556047,-0.31923710123940297,7.768009580556047,1.8052282022455326,0.07103897947037585,False,
NA,H2_post_loss_requeue,adjusted_continuous_sensitivity,log2_1plus_gap,patch_16.1,0.0358404523910518,3.58404523910518,0.024991509463674882,-0.01314200607704289,0.08482291085914648,-1.3142006077042891,8.482291085914648,1.4341051485163725,0.15154225889998457,False,
NA,H3_recent_volume,behavior_only,6h_window,recent_games_1,-0.00043607165270008116,-0.043607165270008116,0.004427162660283316,-0.009113151020555914,0.008241007715155752,-0.9113151020555914,0.8241007715155753,-0.09849912600052847,0.9215359659365117,True,0 recent ranked games
NA,H3_recent_volume,behavior_only,6h_window,recent_games_2,-0.0018319919988428446,-0.18319919988428446,0.0049957777822571756,-0.011623536526832293,0.007959552529146603,-1.1623536526832294,0.7959552529146603,-0.3667080640274436,0.7138367907809198,True,0 recent ranked games
NA,H3_recent_volume,behavior_only,6h_window,recent_games_3,0.00288618196155833,0.288618196155833,0.005420606482834076,-0.007738011519160795,0.013510375442277456,-0.7738011519160795,1.3510375442277456,0.5324463177133892,0.5944169127800869,True,0 recent ranked games
NA,H3_recent_volume,behavior_only,6h_window,recent_games_4,0.0011716659805483625,0.11716659805483624,0.005878819109471201,-0.010350607745641024,0.012693939706737748,-1.0350607745641025,1.2693939706737747,0.19930294821637295,0.8420257730940862,True,0 recent ranked games
NA,H3_recent_volume,behavior_only,6h_window,recent_games_5,-0.0006168255062855732,-0.06168255062855733,0.0066770028337634684,-0.013703510585133853,0.012469859572562705,-1.3703510585133853,1.2469859572562705,-0.0923805967501592,0.9263956550488948,True,0 recent ranked games
NA,H3_recent_volume,behavior_only,6h_window,recent_games_6+,0.0030186558432343307,0.3018655843234331,0.004948017850392666,-0.0066792809383965914,0.012716592624865252,-0.6679280938396591,1.2716592624865253,0.6100737577158852,0.5418129493886255,True,0 recent ranked games
NA,H3_recent_volume,adjusted,6h_window,recent_games_1,-0.015106098955851965,-1.5106098955851965,0.008249083384191948,-0.031274005294335966,0.0010618073826320386,-3.1274005294335967,0.10618073826320386,-1.8312457581408854,0.06706386970229025,True,0 recent ranked games
NA,H3_recent_volume,adjusted,6h_window,recent_games_2,-0.015920393000679576,-1.5920393000679576,0.008595312735595701,-0.0327668963983056,0.0009261103969464488,-3.2766896398305603,0.09261103969464488,-1.8522180042092682,0.06399452444065036,True,0 recent ranked games
NA,H3_recent_volume,adjusted,6h_window,recent_games_3,-0.010790637296809121,-1.079063729680912,0.008833933980016659,-0.02810482973944635,0.006523555145828107,-2.810482973944635,0.6523555145828107,-1.2214985216347263,0.22189732501634732,True,0 recent ranked games
NA,H3_recent_volume,adjusted,6h_window,recent_games_4,-0.012272526223990067,-1.2272526223990066,0.009024623381863156,-0.029960463026479915,0.0054154105784997835,-2.9960463026479913,0.5415410578499783,-1.3598934498091346,0.1738636441004427,True,0 recent ranked games
NA,H3_recent_volume,adjusted,6h_window,recent_games_5,-0.013643047627195561,-1.3643047627195561,0.009931863898025957,-0.033109143166680025,0.0058230479122889055,-3.3109143166680024,0.5823047912288906,-1.3736643763218739,0.16954590113831816,True,0 recent ranked games
NA,H3_recent_volume,adjusted,6h_window,recent_games_6+,-0.008922375908282121,-0.8922375908282121,0.009456892246968338,-0.027457544118016132,0.009612792301451888,-2.745754411801613,0.9612792301451888,-0.9434786476648742,0.34543613189406897,True,0 recent ranked games
NA,H3_recent_volume,adjusted,6h_window,prior_win_rate,-0.31403579584492697,-31.403579584492697,0.019363188309601057,-0.35198694755761206,-0.2760846441322419,-35.19869475576121,-27.608464413224187,-16.218186324677493,3.7510871294954955e-59,False,
NA,H3_recent_volume,adjusted,6h_window,log1p_prior_matches,-0.009992496540514902,-0.9992496540514902,0.0031499949501838775,-0.016166373194358343,-0.0038186198866714607,-1.6166373194358343,-0.38186198866714605,-3.1722262094203044,0.0015127512439684196,False,
NA,H3_recent_volume,adjusted,6h_window,log1p_prev_kda,0.006661675952490327,0.6661675952490327,0.0028704403753416394,0.0010357161970510785,0.012287635707929574,0.10357161970510785,1.2287635707929574,2.320785343502373,0.02029843192279268,False,
NA,H3_recent_volume,adjusted,6h_window,log1p_prev_loss_streak,0.0016571444230813132,0.16571444230813132,0.005810962449780017,-0.009732132694002162,0.01304642154016479,-0.9732132694002162,1.304642154016479,0.2851755517959072,0.7755096498522143,False,
NA,H3_recent_volume,adjusted,6h_window,prev_queue_was_flex440,-0.01811931885773814,-1.811931885773814,0.014620030252364859,-0.0467740516052593,0.010535413889783022,-4.67740516052593,1.0535413889783023,-1.2393489305404997,0.21521630539716152,False,
NA,H3_recent_volume,adjusted,6h_window,prev_ranked_win,0.0024578847581209476,0.24578847581209476,0.006836794661303613,-0.010941986547729852,0.015857756063971745,-1.0941986547729852,1.5857756063971746,0.35950834855880953,0.7192148334646945,False,
NA,H3_recent_volume,adjusted,6h_window,log1p_gap_from_prev_ranked,-0.003266256590617874,-0.3266256590617874,0.0015538438933321542,-0.006311734659146393,-0.00022077852208935442,-0.6311734659146393,-0.02207785220893544,-2.1020493787271777,0.03554895053460236,False,
NA,H3_recent_volume,adjusted,6h_window,session_depth_control,-3.974101136261052e-06,-0.00039741011362610517,0.0011925078870790643,-0.002341246611091185,0.0023332984088186627,-0.2341246611091185,0.23332984088186626,-0.003332557527980161,0.9973410087222043,False,
NA,H3_recent_volume,adjusted,6h_window,patch_15.21,0.0037891666651216106,0.37891666651216105,0.012066436713664908,-0.01986061471539346,0.02743894804563668,-1.9860614715393459,2.743894804563668,0.3140253212309549,0.7535018072590998,False,
NA,H3_recent_volume,adjusted,6h_window,patch_15.22,0.0014606528048675483,0.14606528048675482,0.01233532478181707,-0.02271613950509831,0.025637445114833405,-2.271613950509831,2.5637445114833404,0.11841218862924703,0.905741068594959,False,
NA,H3_recent_volume,adjusted,6h_window,patch_15.23,0.00842376244265231,0.8423762442652311,0.01330774108600422,-0.01765893080149991,0.03450645568680453,-1.7658930801499912,3.4506455686804527,0.6329971697083586,0.52673549124553,False,
NA,H3_recent_volume,adjusted,6h_window,patch_15.24,0.02469978644527747,2.469978644527747,0.014343860965882957,-0.003413664447103039,0.05281323733765798,-0.34136644471030386,5.281323733765798,1.7219761474282416,0.08507383946138061,False,
NA,H3_recent_volume,adjusted,6h_window,patch_16.1,0.021600652002141316,2.160065200214132,0.01715848538788093,-0.012029361387362086,0.055230665391644715,-1.2029361387362085,5.523066539164471,1.2588903690414246,0.20806993297465853,False,
NA,H3_recent_volume,adjusted_sensitivity,3h_window,recent_games_1,-0.020821193959248998,-2.0821193959248996,0.00858442823460962,-0.03764636412695261,-0.003996023791545386,-3.764636412695261,-0.3996023791545386,-2.425460775046697,0.015288967842873567,True,0 recent ranked games
NA,H3_recent_volume,adjusted_sensitivity,3h_window,recent_games_2,-0.016771206879858294,-1.6771206879858294,0.008859857704206298,-0.03413620888825236,0.0005937951285357769,-3.4136208888252364,0.05937951285357769,-1.8929431419531728,0.05836543116435689,True,0 recent ranked games
NA,H3_recent_volume,adjusted_sensitivity,3h_window,recent_games_3,-0.016721436758945017,-1.6721436758945016,0.00924078961499668,-0.034833051593050265,0.0013901780751602276,-3.4833051593050266,0.13901780751602277,-1.809524667871256,0.07036953138622996,True,0 recent ranked games
NA,H3_recent_volume,adjusted_sensitivity,3h_window,recent_games_4,-0.01669635747497588,-1.669635747497588,0.010663008498710774,-0.03759547009929351,0.00420275514934175,-3.759547009929351,0.420275514934175,-1.565820516507567,0.1173906417241434,True,0 recent ranked games
NA,H3_recent_volume,adjusted_sensitivity,3h_window,recent_games_5,-0.009347354424496837,-0.9347354424496838,0.01273174085937011,-0.03430110796935929,0.015606399120365615,-3.4301107969359292,1.5606399120365615,-0.734177244710217,0.462840720187664,True,0 recent ranked games
NA,H3_recent_volume,adjusted_sensitivity,3h_window,recent_games_6+,-0.015548891913272989,-1.5548891913272989,0.02193418336798601,-0.05853910134482303,0.027441317518277053,-5.853910134482303,2.7441317518277053,-0.7088885714326315,0.4783936277624391,True,0 recent ranked games
NA,H3_recent_volume,adjusted_sensitivity,3h_window,prior_win_rate,-0.3141681671845978,-31.416816718459778,0.0193652356323933,-0.3521233315762204,-0.27621300279297517,-35.21233315762204,-27.621300279297518,-16.22330722684682,3.451011913928354e-59,False,
NA,H3_recent_volume,adjusted_sensitivity,3h_window,log1p_prior_matches,-0.010000937850546092,-1.0000937850546092,0.0030942852746378975,-0.016065625546729002,-0.0039362501543631825,-1.6065625546729003,-0.3936250154363182,-3.232067169927127,0.0012289816354440297,False,
NA,H3_recent_volume,adjusted_sensitivity,3h_window,log1p_prev_kda,0.006721342154904976,0.6721342154904976,0.0028738097717323787,0.0010887785038902397,0.012353905805919711,0.10887785038902398,1.2353905805919712,2.3388263972855943,0.01934441996549215,False,
NA,H3_recent_volume,adjusted_sensitivity,3h_window,log1p_prev_loss_streak,0.0015326540058132408,0.15326540058132407,0.005814973841784131,-0.009864485295126171,0.012929793306752651,-0.9864485295126171,1.292979330675265,0.2635702322167277,0.7921110988625022,False,
NA,H3_recent_volume,adjusted_sensitivity,3h_window,prev_queue_was_flex440,-0.017745708632292804,-1.7745708632292805,0.014618764630630679,-0.04639796080679692,0.010906543542211312,-4.639796080679693,1.090654354221131,-1.213899332855407,0.2247861677170566,False,
NA,H3_recent_volume,adjusted_sensitivity,3h_window,prev_ranked_win,0.0023215979221649723,0.23215979221649724,0.006839917413999166,-0.011084393866501735,0.01572758971083168,-1.1084393866501734,1.5727589710831678,0.3394189990384079,0.7342941080279624,False,
NA,H3_recent_volume,adjusted_sensitivity,3h_window,log1p_gap_from_prev_ranked,-0.00424359027698256,-0.42435902769825606,0.0016951136758658189,-0.007565952031380868,-0.0009212285225842524,-0.7565952031380868,-0.09212285225842524,-2.5034251905348164,0.012299767984667856,False,
NA,H3_recent_volume,adjusted_sensitivity,3h_window,session_depth_control,-0.00016311908071272574,-0.016311908071272575,0.0014989371628607135,-0.0031009819350083737,0.002774743773582922,-0.3100981935008374,0.2774743773582922,-0.10882316134014174,0.913342752822293,False,
NA,H3_recent_volume,adjusted_sensitivity,3h_window,patch_15.21,0.00410983390070393,0.41098339007039303,0.012061372591053821,-0.019530021981880114,0.02774968978328797,-1.9530021981880115,2.774968978328797,0.3407434659428631,0.7332967136248971,False,
NA,H3_recent_volume,adjusted_sensitivity,3h_window,patch_15.22,0.0017367639294344555,0.17367639294344556,0.012306637341708532,-0.02238380203111002,0.02585732988997893,-2.238380203111002,2.585732988997893,0.1411241658636006,0.8877718531032402,False,
NA,H3_recent_volume,adjusted_sensitivity,3h_window,patch_15.23,0.008498665332373267,0.8498665332373266,0.013281813898989692,-0.01753321155901004,0.03453054222375657,-1.753321155901004,3.4530542223756573,0.6398723395017404,0.5222555979972545,False,
NA,H3_recent_volume,adjusted_sensitivity,3h_window,patch_15.24,0.02499799442812668,2.4997994428126677,0.014293693025527096,-0.0030171291079777868,0.053013117964231145,-0.3017129107977787,5.301311796423114,1.7488828382897814,0.08031127368170116,False,
NA,H3_recent_volume,adjusted_sensitivity,3h_window,patch_16.1,0.021900145516749465,2.1900145516749467,0.01709825694114848,-0.01161182228631355,0.05541211331981248,-1.161182228631355,5.541211331981248,1.280840824426074,0.20024958138898896,False,
NA,H3_recent_volume,adjusted_sensitivity,12h_window,recent_games_1,-0.016307494713835666,-1.6307494713835666,0.007555390450056569,-0.03111578788508441,-0.001499201542586922,-3.111578788508441,-0.1499201542586922,-2.1583920542072805,0.030897362982072987,True,0 recent ranked games
NA,H3_recent_volume,adjusted_sensitivity,12h_window,recent_games_2,-0.012647572661627027,-1.2647572661627027,0.007922031684350139,-0.02817446944733848,0.002879324124084426,-2.817446944733848,0.2879324124084426,-1.5965061950726767,0.11037582373445363,True,0 recent ranked games
NA,H3_recent_volume,adjusted_sensitivity,12h_window,recent_games_3,-0.00943322750852427,-0.943322750852427,0.008329228606191117,-0.025758215595659613,0.0068917605786110725,-2.5758215595659615,0.6891760578611072,-1.132545155683751,0.2574053113032955,True,0 recent ranked games
NA,H3_recent_volume,adjusted_sensitivity,12h_window,recent_games_4,-0.012292806081461386,-1.2292806081461387,0.008609123402163542,-0.029166377888162866,0.004580765725240094,-2.9166377888162867,0.4580765725240094,-1.4278812728334345,0.15332603472348474,True,0 recent ranked games
NA,H3_recent_volume,adjusted_sensitivity,12h_window,recent_games_5,-0.004351351873587705,-0.43513518735877044,0.009211228173827097,-0.022405027347669467,0.013702323600494056,-2.2405027347669466,1.3702323600494055,-0.4723964917025606,0.6366438080401171,True,0 recent ranked games
NA,H3_recent_volume,adjusted_sensitivity,12h_window,recent_games_6+,-0.0036441080075415772,-0.3644108007541577,0.008172256724386335,-0.01966143685975407,0.012373220844670916,-1.9661436859754071,1.2373220844670916,-0.4459120816245794,0.6556607547646462,True,0 recent ranked games
NA,H3_recent_volume,adjusted_sensitivity,12h_window,prior_win_rate,-0.314031303729127,-31.403130372912702,0.019375785657956498,-0.3520071457908895,-0.27605546166736455,-35.200714579088945,-27.605546166736456,-16.207410077339123,4.47013466349445e-59,False,
NA,H3_recent_volume,adjusted_sensitivity,12h_window,log1p_prior_matches,-0.01043432769502243,-1.043432769502243,0.003136438843775647,-0.016581634868535148,-0.004287020521509713,-1.658163486853515,-0.4287020521509713,-3.3268073170722436,0.0008784709395497187,False,
NA,H3_recent_volume,adjusted_sensitivity,12h_window,log1p_prev_kda,0.006617403701992745,0.6617403701992746,0.002868720955008419,0.0009948139484808952,0.012239993455504595,0.09948139484808952,1.2239993455504594,2.3067435995960524,0.02106911811560139,False,
NA,H3_recent_volume,adjusted_sensitivity,12h_window,log1p_prev_loss_streak,0.0016141477391561699,0.16141477391561698,0.005819155041304222,-0.009791186562254795,0.013019482040567135,-0.9791186562254796,1.3019482040567136,0.27738524368211337,0.7814843110877097,False,
NA,H3_recent_volume,adjusted_sensitivity,12h_window,prev_queue_was_flex440,-0.018616463856138694,-1.8616463856138694,0.014623664591610446,-0.04727831977768881,0.01004539206541142,-4.727831977768881,1.004539206541142,-1.2730368465110247,0.2030049671240193,False,
NA,H3_recent_volume,adjusted_sensitivity,12h_window,prev_ranked_win,0.002345946505267649,0.23459465052676493,0.0068508210601866135,-0.011081416037226623,0.015773309047761922,-1.1081416037226623,1.5773309047761923,0.34243289740861316,0.7320251347194724,False,
NA,H3_recent_volume,adjusted_sensitivity,12h_window,log1p_gap_from_prev_ranked,-0.002887891098527518,-0.2887891098527518,0.0013738037155385113,-0.00558049690281031,-0.00019528529424472614,-0.558049690281031,-0.019528529424472613,-2.102113326571916,0.03554334976808474,False,
NA,H3_recent_volume,adjusted_sensitivity,12h_window,session_depth_control,-0.0005556862628066775,-0.05556862628066775,0.0010615542303332474,-0.0026362943218959795,0.0015249217962826243,-0.26362943218959795,0.15249217962826242,-0.5234647905196838,0.6006508469627323,False,
NA,H3_recent_volume,adjusted_sensitivity,12h_window,patch_15.21,0.004017414329656051,0.4017414329656051,0.012046227676688132,-0.0195927580662223,0.0276275867255344,-1.95927580662223,2.76275867255344,0.333499784121676,0.7387570523777722,False,
NA,H3_recent_volume,adjusted_sensitivity,12h_window,patch_15.22,0.001959941120292753,0.1959941120292753,0.012314889354842633,-0.02217679848879451,0.02609668072938002,-2.217679848879451,2.609668072938002,0.1591521501995499,0.8735490018637944,False,
NA,H3_recent_volume,adjusted_sensitivity,12h_window,patch_15.23,0.009175333084096172,0.9175333084096172,0.013288672283084595,-0.01686998599310529,0.03522065216129763,-1.686998599310529,3.5220652161297634,0.690462740643821,0.48990323319618145,False,
NA,H3_recent_volume,adjusted_sensitivity,12h_window,patch_15.24,0.025472388508100408,2.5472388508100408,0.01431832428769159,-0.0025910114147402324,0.05353578843094105,-0.25910114147402324,5.3535788430941045,1.7790062577362595,0.07523873603000318,False,
NA,H3_recent_volume,adjusted_sensitivity,12h_window,patch_16.1,0.02264180572575855,2.2641805725758553,0.01711803783043622,-0.0109089319078906,0.0561925433594077,-1.09089319078906,5.61925433594077,1.3226869779140784,0.18593949583971317,False,
NA,H3_recent_volume,adjusted_sensitivity,24h_window,recent_games_1,0.008033336009123121,0.8033336009123121,0.007407684940361116,-0.006485459682804404,0.022552131701050644,-0.6485459682804404,2.2552131701050646,1.0844597298345016,0.2781610128349127,True,0 recent ranked games
NA,H3_recent_volume,adjusted_sensitivity,24h_window,recent_games_2,0.010288751534300243,1.0288751534300244,0.007604728391614792,-0.00461624222547396,0.02519374529407445,-0.46162422254739605,2.519374529407445,1.352941354966068,0.17607436637757792,True,0 recent ranked games
NA,H3_recent_volume,adjusted_sensitivity,24h_window,recent_games_3,0.011109377011270183,1.1109377011270183,0.008152142071171414,-0.004868527845079549,0.027087281867619915,-0.4868527845079549,2.7087281867619915,1.3627555695522653,0.17295955806622867,True,0 recent ranked games
NA,H3_recent_volume,adjusted_sensitivity,24h_window,recent_games_4,0.0029489389339825266,0.29489389339825267,0.008077116551747525,-0.012881918606374975,0.018779796474340027,-1.2881918606374976,1.8779796474340027,0.365097979593288,0.715038269019691,True,0 recent ranked games
NA,H3_recent_volume,adjusted_sensitivity,24h_window,recent_games_5,0.012214377869309104,1.2214377869309103,0.008406562806040019,-0.004262182464303309,0.02869093820292152,-0.4262182464303309,2.869093820292152,1.45295742756281,0.14623557458509628,True,0 recent ranked games
NA,H3_recent_volume,adjusted_sensitivity,24h_window,recent_games_6+,0.019007002946385975,1.9007002946385976,0.0073721452547313715,0.004557863758314625,0.03345614213445733,0.45578637583146253,3.345614213445733,2.5782187259790446,0.009931111410298019,True,0 recent ranked games
NA,H3_recent_volume,adjusted_sensitivity,24h_window,prior_win_rate,-0.314181977185133,-31.4181977185133,0.01935973129217555,-0.35212635326817016,-0.2762376011020959,-35.212635326817015,-27.623760110209588,-16.22863315835965,3.1642729158457413e-59,False,
NA,H3_recent_volume,adjusted_sensitivity,24h_window,log1p_prior_matches,-0.011583588558542275,-1.1583588558542275,0.0032655294513272083,-0.017983908673598448,-0.005183268443486104,-1.7983908673598448,-0.5183268443486104,-3.547231385046722,0.0003893025155240162,False,
NA,H3_recent_volume,adjusted_sensitivity,24h_window,log1p_prev_kda,0.006533418117464772,0.6533418117464772,0.0028705730731014983,0.0009071982791953714,0.012159637955734173,0.09071982791953714,1.2159637955734173,2.27599784122749,0.022846138821657497,False,
NA,H3_recent_volume,adjusted_sensitivity,24h_window,log1p_prev_loss_streak,0.0017341676020425497,0.17341676020425498,0.005806731947451695,-0.009646817882840903,0.013115153086926002,-0.9646817882840903,1.3115153086926001,0.298647779462869,0.7652088054196444,False,
NA,H3_recent_volume,adjusted_sensitivity,24h_window,prev_queue_was_flex440,-0.017934794592266715,-1.7934794592266716,0.014611102402663107,-0.046572029075913055,0.010702439891379624,-4.657202907591305,1.0702439891379625,-1.2274771675679867,0.21964329831882645,False,
NA,H3_recent_volume,adjusted_sensitivity,24h_window,prev_ranked_win,0.0021829873874201593,0.21829873874201594,0.006839160959764376,-0.011221521778190408,0.015587496553030726,-1.1221521778190409,1.5587496553030726,0.31918935674462734,0.7495829272768073,False,
NA,H3_recent_volume,adjusted_sensitivity,24h_window,log1p_gap_from_prev_ranked,0.0005213073234516443,0.05213073234516443,0.001037847989861073,-0.0015128373581033499,0.0025554520050066385,-0.151283735810335,0.25554520050066387,0.5022964138721575,0.6154590314273555,False,
NA,H3_recent_volume,adjusted_sensitivity,24h_window,session_depth_control,0.0005951741959477361,0.05951741959477361,0.0009559176149335015,-0.0012783899015093546,0.0024687382934048267,-0.12783899015093547,0.2468738293404827,0.6226208060713887,0.533533735351271,False,
NA,H3_recent_volume,adjusted_sensitivity,24h_window,patch_15.21,0.005111453987674668,0.5111453987674668,0.012089557364352667,-0.01858364303548754,0.028806551010836873,-1.858364303548754,2.880655101083687,0.4227991012099689,0.6724418434805552,False,
NA,H3_recent_volume,adjusted_sensitivity,24h_window,patch_15.22,0.0035099607247044994,0.35099607247044995,0.01240990709501824,-0.020813010233019336,0.027832931682428338,-2.0813010233019336,2.783293168242834,0.2828353748202932,0.7773030358342651,False,
NA,H3_recent_volume,adjusted_sensitivity,24h_window,patch_15.23,0.011123410680794723,1.1123410680794723,0.013388405476728146,-0.015117381864011254,0.0373642032256007,-1.5117381864011254,3.7364203225600705,0.830824156030346,0.40607297432110256,False,
NA,H3_recent_volume,adjusted_sensitivity,24h_window,patch_15.24,0.02788408882679876,2.788408882679876,0.014448185425371634,-0.00043383424888616615,0.05620201190248368,-0.043383424888616615,5.620201190248368,1.929937082468024,0.05361463401476349,False,
NA,H3_recent_volume,adjusted_sensitivity,24h_window,patch_16.1,0.02569553740829951,2.569553740829951,0.017314851273849616,-0.00824094748611321,0.05963202230271223,-0.824094748611321,5.963202230271223,1.4840172174685167,0.13780435297071683,False,
KR,H1_session_depth,behavior_only,30m_session_boundary,session_depth_2,0.00151486667604186,0.151486667604186,0.0039889670742514404,-0.006303365125007076,0.009333098477090795,-0.6303365125007075,0.9333098477090795,0.3797641464178132,0.7041204989397993,True,session depth 1
KR,H1_session_depth,behavior_only,30m_session_boundary,session_depth_3,0.002018758264301354,0.2018758264301354,0.004894846651455978,-0.007574964882398847,0.011612481411001555,-0.7574964882398847,1.1612481411001554,0.41242523168746703,0.6800277724742069,True,session depth 1
KR,H1_session_depth,behavior_only,30m_session_boundary,session_depth_4,0.016686983448211474,1.6686983448211474,0.005945938909512612,0.00503315733129139,0.028340809565131558,0.503315733129139,2.834080956513156,2.806450537444103,0.005009060199600189,True,session depth 1
KR,H1_session_depth,behavior_only,30m_session_boundary,session_depth_5,0.013209315250838133,1.3209315250838132,0.006836337791050339,-0.00018966060577063973,0.026608291107446905,-0.018966060577063973,2.6608291107446904,1.9322209718968035,0.05333223774562551,True,session depth 1
KR,H1_session_depth,behavior_only,30m_session_boundary,session_depth_6,0.008575680546023392,0.8575680546023392,0.008534559468970066,-0.008151748637073228,0.02530310972912001,-0.8151748637073228,2.5303109729120012,1.0048181839030865,0.314984406266643,True,session depth 1
KR,H1_session_depth,behavior_only,30m_session_boundary,session_depth_7,0.009464139240387082,0.9464139240387082,0.00978109520110714,-0.00970645508314047,0.028634733563914633,-0.970645508314047,2.8634733563914634,0.9675950438879093,0.33324665343142923,True,session depth 1
KR,H1_session_depth,behavior_only,30m_session_boundary,session_depth_8+,0.016288337992311105,1.6288337992311104,0.006460887989624783,0.0036252302244991347,0.028951445760123075,0.36252302244991347,2.8951445760123073,2.5210680046562843,0.011699923820329338,True,session depth 1
KR,H1_session_depth,adjusted,30m_session_boundary,session_depth_2,0.006895658106100277,0.6895658106100276,0.007173184641427997,-0.007163525445554458,0.020954841657755012,-0.7163525445554458,2.0954841657755012,0.9613105546280108,0.3363960425607753,True,session depth 1
KR,H1_session_depth,adjusted,30m_session_boundary,session_depth_3,0.0068862742757983975,0.6886274275798397,0.007319124269338566,-0.00745894569047823,0.021231494242075023,-0.745894569047823,2.123149424207502,0.9408604120367962,0.3467763971818279,True,session depth 1
KR,H1_session_depth,adjusted,30m_session_boundary,session_depth_4,0.021190242049408014,2.1190242049408012,0.00831584256878095,0.004891490113492304,0.037488993985323724,0.4891490113492304,3.748899398532372,2.548177394430204,0.010828739080771206,True,session depth 1
KR,H1_session_depth,adjusted,30m_session_boundary,session_depth_5,0.017333591049783794,1.7333591049783794,0.008969536019955466,-0.00024637650736366104,0.03491355860693125,-0.024637650736366104,3.491355860693125,1.9324958405005497,0.05329833495501541,True,session depth 1
KR,H1_session_depth,adjusted,30m_session_boundary,session_depth_6,0.01275056013763286,1.275056013763286,0.010507976562892098,-0.007844695476026639,0.033345815751292356,-0.7844695476026639,3.3345815751292354,1.2134172608131073,0.22497033030350214,True,session depth 1
KR,H1_session_depth,adjusted,30m_session_boundary,session_depth_7,0.013912925100925035,1.3912925100925035,0.011692387822497069,-0.009003733924443928,0.036829584126294,-0.9003733924443927,3.6829584126294,1.1899130709772967,0.23408056048324466,True,session depth 1
KR,H1_session_depth,adjusted,30m_session_boundary,session_depth_8+,0.021198532977921708,2.119853297792171,0.008940675514015584,0.0036751309729920294,0.03872193498285138,0.36751309729920295,3.8721934982851383,2.371021400417727,0.01773900395210497,True,session depth 1
KR,H1_session_depth,adjusted,30m_session_boundary,prior_win_rate,-0.2529335702796589,-25.29335702796589,0.019659113870149826,-0.2914647254331244,-0.2144024151261934,-29.14647254331244,-21.44024151261934,-12.865970050853123,6.995808650418151e-38,False,
KR,H1_session_depth,adjusted,30m_session_boundary,log1p_prior_matches,-0.006805493991384411,-0.6805493991384411,0.0030542293089498634,-0.012791673437452801,-0.0008193145453160213,-1.2791673437452802,-0.08193145453160214,-2.228219725166722,0.025865866333547146,False,
KR,H1_session_depth,adjusted,30m_session_boundary,log1p_prev_kda,0.00535772346859404,0.535772346859404,0.003043622583284515,-0.00060766717717637,0.01132311411436445,-0.060766717717637,1.132311411436445,1.7603113796101062,0.0783550257791587,False,
KR,H1_session_depth,adjusted,30m_session_boundary,log1p_prev_loss_streak,0.005958841262996525,0.5958841262996525,0.006067783165382303,-0.005933795207151234,0.017851477733144286,-0.5933795207151235,1.7851477733144285,0.9820458478135294,0.3260772617283659,False,
KR,H1_session_depth,adjusted,30m_session_boundary,prev_queue_was_flex440,0.024133205650501588,2.413320565050159,0.017229198069029245,-0.009635402047302774,0.05790181334830595,-0.9635402047302775,5.790181334830595,1.4007155500686248,0.16129915078050416,False,
KR,H1_session_depth,adjusted,30m_session_boundary,prev_ranked_win,0.01434876882628594,1.434876882628594,0.007132449993008906,0.0003694237184555249,0.028328113934116356,0.03694237184555249,2.8328113934116357,2.0117587701771953,0.04424537207230139,False,
KR,H1_session_depth,adjusted,30m_session_boundary,log1p_gap_from_prev_ranked,0.0011246836496652576,0.11246836496652576,0.001586904253324957,-0.0019855915337650843,0.0042349588330956,-0.19855915337650842,0.42349588330956,0.7087281083964373,0.47849321834698155,False,
KR,H1_session_depth,adjusted,30m_session_boundary,recent_volume_control,0.00047471386175766846,0.04747138617576684,0.0012874870668945092,-0.002048714419916681,0.002998142143432018,-0.2048714419916681,0.2998142143432018,0.3687134993151464,0.7123412856481053,False,
KR,H1_session_depth,adjusted,30m_session_boundary,patch_15.21,0.002849234784481129,0.2849234784481129,0.012488287759391037,-0.02162735945249771,0.02732582902145997,-2.162735945249771,2.732582902145997,0.22815255696991285,0.8195276427913265,False,
KR,H1_session_depth,adjusted,30m_session_boundary,patch_15.22,0.020347950238190606,2.0347950238190604,0.012189707693697423,-0.0035434378235271492,0.044239338299908365,-0.3543437823527149,4.423933829990837,1.6692730252023458,0.09506328358656342,False,
KR,H1_session_depth,adjusted,30m_session_boundary,patch_15.23,0.01672973642711399,1.6729736427113988,0.013096320711858974,-0.008938580498115564,0.04239805335234354,-0.8938580498115565,4.2398053352343545,1.277437899941232,0.20144769149646916,False,
KR,H1_session_depth,adjusted,30m_session_boundary,patch_15.24,0.03209585926213139,3.209585926213139,0.01439136061557404,0.0038893107670780885,0.06030240775718469,0.38893107670780885,6.030240775718469,2.2302171503782553,0.025733030222385763,False,
KR,H1_session_depth,adjusted_sensitivity,45m_session_boundary,session_depth_2,-0.008483946467596315,-0.8483946467596315,0.007724400832205868,-0.023623493900871036,0.006655600965678406,-2.3623493900871035,0.6655600965678407,-1.098330686339272,0.27206011696920906,True,session depth 1
KR,H1_session_depth,adjusted_sensitivity,45m_session_boundary,session_depth_3,-0.005380683105716709,-0.5380683105716708,0.008054509881186842,-0.021167232385964907,0.010405866174531491,-2.1167232385964905,1.040586617453149,-0.6680335843009554,0.5041121549388299,True,session depth 1
KR,H1_session_depth,adjusted_sensitivity,45m_session_boundary,session_depth_4,0.009335404972082278,0.9335404972082277,0.009219523458091962,-0.008734528960400143,0.0274053389045647,-0.8734528960400143,2.74053389045647,1.0125691435698454,0.31126600465707144,True,session depth 1
KR,H1_session_depth,adjusted_sensitivity,45m_session_boundary,session_depth_5,0.0063240240034826735,0.6324024003482673,0.009435236697325686,-0.012168700108886318,0.024816748115851665,-1.2168700108886317,2.4816748115851666,0.6702559995421363,0.5026946110639965,True,session depth 1
KR,H1_session_depth,adjusted_sensitivity,45m_session_boundary,session_depth_6,0.0004672362451131158,0.04672362451131158,0.01085277440094746,-0.020803810713082165,0.0217382832033084,-2.0803810713082167,2.17382832033084,0.04305223971782971,0.9656598911540188,True,session depth 1
KR,H1_session_depth,adjusted_sensitivity,45m_session_boundary,session_depth_7,0.006176974720551884,0.6176974720551884,0.0122222186005895,-0.017778133547779077,0.030132082988882845,-1.7778133547779078,3.0132082988882845,0.5053889905269701,0.6132856499742121,True,session depth 1
KR,H1_session_depth,adjusted_sensitivity,45m_session_boundary,session_depth_8+,0.008742185833149417,0.8742185833149417,0.009604594203098669,-0.010082472891046156,0.02756684455734499,-1.0082472891046155,2.756684455734499,0.9102087655435751,0.3627124222868597,True,session depth 1
KR,H1_session_depth,adjusted_sensitivity,45m_session_boundary,prior_win_rate,-0.2529697266229487,-25.29697266229487,0.019657423792242987,-0.2914975692845857,-0.21444188396131167,-29.14975692845857,-21.444188396131167,-12.868915545422237,6.734098831407813e-38,False,
KR,H1_session_depth,adjusted_sensitivity,45m_session_boundary,log1p_prior_matches,-0.006766536884072353,-0.6766536884072353,0.0030508639022949415,-0.012746120254303765,-0.0007869535138409411,-1.2746120254303765,-0.07869535138409411,-2.2179084681497536,0.026561074008220303,False,
KR,H1_session_depth,adjusted_sensitivity,45m_session_boundary,log1p_prev_kda,0.00532169926025935,0.5321699260259349,0.0030416468286052233,-0.0006398189774973629,0.011283217498016062,-0.06398189774973628,1.1283217498016063,1.7496111679407784,0.08018543133373274,False,
KR,H1_session_depth,adjusted_sensitivity,45m_session_boundary,log1p_prev_loss_streak,0.005871668214309118,0.5871668214309118,0.006065351710725736,-0.006016202692281729,0.017759539120899965,-0.6016202692281729,1.7759539120899965,0.9680672274826017,0.33301079589231697,False,
KR,H1_session_depth,adjusted_sensitivity,45m_session_boundary,prev_queue_was_flex440,0.025055092710448854,2.505509271044885,0.017213567416797988,-0.008682879471927377,0.058793064892825084,-0.8682879471927376,5.879306489282508,1.4555432992930133,0.14551891220248814,False,
KR,H1_session_depth,adjusted_sensitivity,45m_session_boundary,prev_ranked_win,0.01423306016105246,1.423306016105246,0.0071266218577348975,0.00026513798845612807,0.028200982333648792,0.026513798845612807,2.820098233364879,1.997167865109129,0.04580695064532446,False,
KR,H1_session_depth,adjusted_sensitivity,45m_session_boundary,log1p_gap_from_prev_ranked,-0.0016525036199893416,-0.16525036199893417,0.001675243730304078,-0.004935920996711866,0.0016309137567331825,-0.49359209967118656,0.16309137567331825,-0.9864257899293205,0.3239242147082201,False,
KR,H1_session_depth,adjusted_sensitivity,45m_session_boundary,recent_volume_control,-0.0002784581301631613,-0.027845813016316133,0.0013979747988121134,-0.0030184383871295316,0.0024615221268032093,-0.30184383871295317,0.24615221268032092,-0.1991868025087238,0.8421166226484762,False,
KR,H1_session_depth,adjusted_sensitivity,45m_session_boundary,patch_15.21,0.0033107121144401066,0.33107121144401064,0.012471426796952076,-0.021132835243413688,0.027754259472293902,-2.1132835243413686,2.7754259472293903,0.2654637811969694,0.7906522076253716,False,
KR,H1_session_depth,adjusted_sensitivity,45m_session_boundary,patch_15.22,0.02038871140910318,2.038871140910318,0.012192550999470636,-0.00350824942952711,0.04428567224773347,-0.350824942952711,4.428567224773347,1.672226871143569,0.09447959364894894,False,
KR,H1_session_depth,adjusted_sensitivity,45m_session_boundary,patch_15.23,0.016489297811565596,1.6489297811565595,0.013102775462460818,-0.009191670192372759,0.042170265815503954,-0.919167019237276,4.217026581550395,1.258458397520975,0.20822602374692342,False,
KR,H1_session_depth,adjusted_sensitivity,45m_session_boundary,patch_15.24,0.03209775197039484,3.2097751970394843,0.01438493430555705,0.0039037988115283306,0.06029170512926135,0.39037988115283306,6.029170512926135,2.2313450509117128,0.025658281662432676,False,
KR,H1_session_depth,adjusted_sensitivity,60m_session_boundary,session_depth_2,-0.008959303993906875,-0.8959303993906875,0.007881884122781202,-0.02440751300487611,0.006488905017062358,-2.440751300487611,0.6488905017062359,-1.1366957258368693,0.25566550673050803,True,session depth 1
KR,H1_session_depth,adjusted_sensitivity,60m_session_boundary,session_depth_3,-0.0026371478063732545,-0.26371478063732545,0.00828758801940249,-0.018880521843107775,0.013606226230361266,-1.8880521843107776,1.3606226230361265,-0.3182045005373451,0.7503298191248723,True,session depth 1
KR,H1_session_depth,adjusted_sensitivity,60m_session_boundary,session_depth_4,0.011644687557425783,1.1644687557425784,0.009124780606592744,-0.006239553798325543,0.02952892891317711,-0.6239553798325543,2.952892891317711,1.2761608261586457,0.2018986733108755,True,session depth 1
KR,H1_session_depth,adjusted_sensitivity,60m_session_boundary,session_depth_5,0.006842693769871473,0.6842693769871473,0.00985221349922689,-0.012467289856612569,0.026152677396355514,-1.246728985661257,2.6152677396355513,0.6945336467189251,0.4873476076869175,True,session depth 1
KR,H1_session_depth,adjusted_sensitivity,60m_session_boundary,session_depth_6,0.002263342037132344,0.22633420371323437,0.011097498397427621,-0.01948735514031676,0.024014039214581447,-1.948735514031676,2.4014039214581446,0.20395065230709852,0.8383920620424004,True,session depth 1
KR,H1_session_depth,adjusted_sensitivity,60m_session_boundary,session_depth_7,0.014251168936621173,1.4251168936621172,0.01258467749638917,-0.010414345713353297,0.03891668358659564,-1.0414345713353297,3.891668358659564,1.1324222603805427,0.25745695053936735,True,session depth 1
KR,H1_session_depth,adjusted_sensitivity,60m_session_boundary,session_depth_8+,0.015091832553524845,1.5091832553524844,0.010225449826432236,-0.004949680832003684,0.03513334593905337,-0.49496808320036845,3.5133345939053373,1.475908914492277,0.13996834605482533,True,session depth 1
KR,H1_session_depth,adjusted_sensitivity,60m_session_boundary,prior_win_rate,-0.25303908864373,-25.303908864373,0.019661499830319177,-0.291574920193196,-0.21450325709426402,-29.157492019319598,-21.4503257094264,-12.86977549156901,6.659544010596747e-38,False,
KR,H1_session_depth,adjusted_sensitivity,60m_session_boundary,log1p_prior_matches,-0.006932216836400088,-0.6932216836400088,0.003044206083896427,-0.012898751122354803,-0.0009656825504453731,-1.2898751122354803,-0.09656825504453731,-2.2771838191477523,0.02277525097873742,False,
KR,H1_session_depth,adjusted_sensitivity,60m_session_boundary,log1p_prev_kda,0.005320598595692154,0.5320598595692154,0.003041677732223185,-0.0006409802120427551,0.011282177403427063,-0.0640980212042755,1.1282177403427063,1.7492315307852448,0.08025100584506116,False,
KR,H1_session_depth,adjusted_sensitivity,60m_session_boundary,log1p_prev_loss_streak,0.0058168627634633124,0.5816862763463313,0.006064035216115592,-0.006068427861105811,0.017702153388032438,-0.6068427861105811,1.7702153388032438,0.9592396079766486,0.3374380513099238,False,
KR,H1_session_depth,adjusted_sensitivity,60m_session_boundary,prev_queue_was_flex440,0.02498573690226609,2.498573690226609,0.017214061722315536,-0.008753204101121896,0.058724677905654075,-0.8753204101121896,5.872467790565407,1.4514724825155996,0.1466483392684961,False,
KR,H1_session_depth,adjusted_sensitivity,60m_session_boundary,prev_ranked_win,0.014194418318599591,1.419441831859959,0.007122846980030259,0.0002338947703503947,0.02815494186684879,0.02338947703503947,2.815494186684879,1.9928012434347273,0.046283215561431466,False,
KR,H1_session_depth,adjusted_sensitivity,60m_session_boundary,log1p_gap_from_prev_ranked,-0.0017631216367777348,-0.17631216367777347,0.0017074692400531012,-0.005109699851991789,0.0015834565784363195,-0.5109699851991789,0.15834565784363194,-1.0325934988573515,0.3017941718373119,False,
KR,H1_session_depth,adjusted_sensitivity,60m_session_boundary,recent_volume_control,-0.0012398789948566157,-0.12398789948566158,0.0015021946511712782,-0.0041841264089210305,0.0017043684192077995,-0.41841264089210306,0.17043684192077996,-0.8253783848117606,0.40915680264145554,False,
KR,H1_session_depth,adjusted_sensitivity,60m_session_boundary,patch_15.21,0.0033444758636111964,0.33444758636111965,0.01247091843418879,-0.021098075121535477,0.02778702684875787,-2.1098075121535476,2.7787026848757868,0.26818200129048864,0.7885592285991622,False,
KR,H1_session_depth,adjusted_sensitivity,60m_session_boundary,patch_15.22,0.020626419855604382,2.0626419855604383,0.012191183676097481,-0.003267861078459302,0.04452070078966806,-0.3267861078459302,4.452070078966806,1.6919128120467384,0.09066259877438937,False,
KR,H1_session_depth,adjusted_sensitivity,60m_session_boundary,patch_15.23,0.016865538481242795,1.6865538481242794,0.013101122521778178,-0.008812189818489004,0.042543266780974594,-0.8812189818489004,4.25432667809746,1.2873353755151116,0.19797741849442713,False,
KR,H1_session_depth,adjusted_sensitivity,60m_session_boundary,patch_15.24,0.03246039271848038,3.2460392718480375,0.01436973583998691,0.0042962280047516115,0.06062455743220914,0.42962280047516116,6.062455743220914,2.2589415059497675,0.023887023695489583,False,
KR,H1_session_depth,adjusted_sensitivity,90m_session_boundary,session_depth_2,-0.01753706501801069,-1.7537065018010691,0.00839712385520087,-0.03399512534792653,-0.0010790046880948534,-3.399512534792653,-0.10790046880948534,-2.088460920717381,0.036756277038785486,True,session depth 1
KR,H1_session_depth,adjusted_sensitivity,90m_session_boundary,session_depth_3,-0.012060866700591213,-1.2060866700591213,0.009246816359956136,-0.030184293737761,0.006062560336578572,-3.0184293737761,0.6062560336578572,-1.3043264006865631,0.1921223175055315,True,session depth 1
KR,H1_session_depth,adjusted_sensitivity,90m_session_boundary,session_depth_4,-0.0006967779938874439,-0.0696777993887444,0.009606516526883381,-0.019525204403467677,0.01813164841569279,-1.9525204403467677,1.813164841569279,-0.07253180608574854,0.9421786945229372,True,session depth 1
KR,H1_session_depth,adjusted_sensitivity,90m_session_boundary,session_depth_5,0.0007064921925731724,0.07064921925731725,0.01068693236523038,-0.02023951034849383,0.021652494733640174,-2.0239510348493828,2.1652494733640175,0.06610804377051398,0.9472918068599747,True,session depth 1
KR,H1_session_depth,adjusted_sensitivity,90m_session_boundary,session_depth_6,-0.006649351396847863,-0.6649351396847863,0.011809248181220665,-0.029795052516535504,0.016496349722839775,-2.9795052516535505,1.6496349722839774,-0.5630630582751079,0.5733919455762397,True,session depth 1
KR,H1_session_depth,adjusted_sensitivity,90m_session_boundary,session_depth_7,0.0013608363921222173,0.13608363921222172,0.013486347214842667,-0.025071918431971478,0.027793591216215913,-2.507191843197148,2.7793591216215914,0.10090474243644876,0.9196260784059331,True,session depth 1
KR,H1_session_depth,adjusted_sensitivity,90m_session_boundary,session_depth_8+,0.002994590283356156,0.2994590283356156,0.011434545029899717,-0.019416706154848765,0.025405886721561077,-1.9416706154848764,2.5405886721561077,0.26188976260321034,0.7934064325014876,True,session depth 1
KR,H1_session_depth,adjusted_sensitivity,90m_session_boundary,prior_win_rate,-0.2532175065271729,-25.32175065271729,0.019664779507876737,-0.2917597661265326,-0.2146752469278132,-29.17597661265326,-21.46752469278132,-12.876702046201256,6.088197562671814e-38,False,
KR,H1_session_depth,adjusted_sensitivity,90m_session_boundary,log1p_prior_matches,-0.006928167779198037,-0.6928167779198037,0.003041972107589933,-0.012890323552049707,-0.0009660120063463657,-1.2890323552049707,-0.09660120063463658,-2.277525083780937,0.02275488847320601,False,
KR,H1_session_depth,adjusted_sensitivity,90m_session_boundary,log1p_prev_kda,0.0053453100326939385,0.5345310032693938,0.0030418676112771116,-0.0006166409311480856,0.011307260996535963,-0.06166409311480856,1.1307260996535962,1.7572461118548612,0.07887586861217957,False,
KR,H1_session_depth,adjusted_sensitivity,90m_session_boundary,log1p_prev_loss_streak,0.005905715476813463,0.5905715476813462,0.0060661488016341605,-0.005983717699250301,0.017795148652877228,-0.5983717699250302,1.7795148652877228,0.9735526888530202,0.33027868701665464,False,
KR,H1_session_depth,adjusted_sensitivity,90m_session_boundary,prev_queue_was_flex440,0.02545955678559434,2.545955678559434,0.017218886495423823,-0.00828884059931946,0.05920795417050814,-0.828884059931946,5.920795417050814,1.4785832285009022,0.13925173788698145,False,
KR,H1_session_depth,adjusted_sensitivity,90m_session_boundary,prev_ranked_win,0.014342077774241695,1.4342077774241695,0.007129114911316816,0.0003692693064132734,0.02831488624207012,0.03692693064132734,2.8314886242070116,2.0117613410151325,0.04424510094009264,False,
KR,H1_session_depth,adjusted_sensitivity,90m_session_boundary,log1p_gap_from_prev_ranked,-0.0033610570061376015,-0.33610570061376016,0.0017505260342130682,-0.006792024987194946,6.991097491974288e-05,-0.6792024987194947,0.006991097491974288,-1.92002686075362,0.054854506629489715,False,
KR,H1_session_depth,adjusted_sensitivity,90m_session_boundary,recent_volume_control,-0.0010696799182835532,-0.10696799182835531,0.0017776072166572835,-0.004553726041590318,0.0024143662050232113,-0.4553726041590318,0.24143662050232112,-0.6017526865665194,0.5473387734938657,False,
KR,H1_session_depth,adjusted_sensitivity,90m_session_boundary,patch_15.21,0.0035719673766105354,0.35719673766105353,0.012462311105660926,-0.02085371355461842,0.027997648307839493,-2.085371355461842,2.7997648307839493,0.2866215861829987,0.7744020842277602,False,
KR,H1_session_depth,adjusted_sensitivity,90m_session_boundary,patch_15.22,0.02074808699126922,2.0748086991269217,0.012176659378773389,-0.003117726843138491,0.04461390082567693,-0.3117726843138491,4.461390082567693,1.7039227546627218,0.08839551931346026,False,
KR,H1_session_depth,adjusted_sensitivity,90m_session_boundary,patch_15.23,0.016700030616018186,1.6700030616018187,0.01310179484803905,-0.008979015418970785,0.04237907665100715,-0.8979015418970785,4.237907665100716,1.2746368577521792,0.2024378054033075,False,
KR,H1_session_depth,adjusted_sensitivity,90m_session_boundary,patch_15.24,0.03238211577274637,3.238211577274637,0.014372724620492125,0.0042120931568696875,0.060552138388623056,0.42120931568696873,6.055213838862306,2.253025548585067,0.02425753812508845,False,
KR,H2_post_loss_requeue,behavior_only,categorical_requeue_gap,post_loss_gap_5-10m,-0.008619902703795453,-0.8619902703795453,0.00711114796267108,-0.02255749659936615,0.005317691191775244,-2.255749659936615,0.5317691191775245,-1.21216753596527,0.22544825570740748,True,<=5m
KR,H2_post_loss_requeue,behavior_only,categorical_requeue_gap,post_loss_gap_10-20m,-0.01983607041546478,-1.9836070415464782,0.008976913671743922,-0.03743049790440808,-0.002241642926521476,-3.7430497904408084,-0.2241642926521476,-2.209675968913632,0.02712765871232034,True,<=5m
KR,H2_post_loss_requeue,behavior_only,categorical_requeue_gap,post_loss_gap_20-30m,0.005618193790699029,0.561819379069903,0.013138467635144601,-0.020132729586229525,0.03136911716762758,-2.0132729586229523,3.136911716762758,0.42761408306633136,0.6689321110284459,True,<=5m
KR,H2_post_loss_requeue,behavior_only,categorical_requeue_gap,post_loss_gap_30-60m,-0.012542605409577884,-1.2542605409577883,0.01125605463582187,-0.034604067103803864,0.009518856284648096,-3.4604067103803864,0.9518856284648096,-1.114298554456339,0.2651511269357522,True,<=5m
KR,H2_post_loss_requeue,behavior_only,categorical_requeue_gap,post_loss_gap_1-2h,-0.0022048288574794683,-0.22048288574794683,0.011483217354317753,-0.02471152129858759,0.020301863583628652,-2.471152129858759,2.030186358362865,-0.1920044521886926,0.8477387179707461,True,<=5m
KR,H2_post_loss_requeue,behavior_only,categorical_requeue_gap,post_loss_gap_2-6h,-0.015499281716700106,-1.5499281716700106,0.011615925333421286,-0.038266077017312244,0.007267513583912033,-3.8266077017312243,0.7267513583912033,-1.3343131323430295,0.18210125552845324,True,<=5m
KR,H2_post_loss_requeue,behavior_only,categorical_requeue_gap,post_loss_gap_6-24h,-0.0025778391432955874,-0.2577839143295587,0.009136478681133688,-0.02048500830383563,0.015329330017244453,-2.048500830383563,1.5329330017244454,-0.2821479952247554,0.777830032664414,True,<=5m
KR,H2_post_loss_requeue,behavior_only,categorical_requeue_gap,post_loss_gap_>24h,-0.009496452116096298,-0.9496452116096298,0.009360517086345029,-0.027842728482004357,0.00884982424981176,-2.7842728482004357,0.8849824249811761,-1.0145221709973233,0.3103336556398925,True,<=5m
KR,H2_post_loss_requeue,adjusted,categorical_requeue_gap,post_loss_gap_5-10m,-0.006419616594132668,-0.6419616594132668,0.007148690949560989,-0.020430793391879646,0.00759156020361431,-2.0430793391879645,0.759156020361431,-0.8980128864749575,0.3691786793610105,True,<=5m
KR,H2_post_loss_requeue,adjusted,categorical_requeue_gap,post_loss_gap_10-20m,-0.016606758125758618,-1.6606758125758618,0.009025797124405767,-0.03429699542135911,0.0010834791698418715,-3.429699542135911,0.10834791698418715,-1.8399214935658061,0.06577976396502122,True,<=5m
KR,H2_post_loss_requeue,adjusted,categorical_requeue_gap,post_loss_gap_20-30m,0.008189919919439036,0.8189919919439036,0.013137103047016173,-0.01755832891390407,0.03393816875278214,-1.7558328913904069,3.393816875278214,0.6234190209308901,0.5330092017267687,True,<=5m
KR,H2_post_loss_requeue,adjusted,categorical_requeue_gap,post_loss_gap_30-60m,-0.006927986262471421,-0.6927986262471421,0.012315420494696893,-0.031065766886543788,0.017209794361600948,-3.106576688654379,1.7209794361600947,-0.5625456528629826,0.5737443082605638,True,<=5m
KR,H2_post_loss_requeue,adjusted,categorical_requeue_gap,post_loss_gap_1-2h,0.0036384761642526318,0.3638476164252632,0.012560381037855404,-0.020979418302043785,0.028256370630549046,-2.0979418302043786,2.825637063054905,0.2896788045909375,0.7720619728905471,True,<=5m
KR,H2_post_loss_requeue,adjusted,categorical_requeue_gap,post_loss_gap_2-6h,-0.006643110621943675,-0.6643110621943675,0.012431650953716712,-0.031008698759601445,0.017722477515714097,-3.1008698759601447,1.7722477515714097,-0.5343707482357822,0.59308505299933,True,<=5m
KR,H2_post_loss_requeue,adjusted,categorical_requeue_gap,post_loss_gap_6-24h,0.010121156454584836,1.0121156454584836,0.010367386840452342,-0.010198548366496257,0.030440861275665927,-1.0198548366496256,3.044086127566593,0.9762495226948855,0.3289408274706964,True,<=5m
KR,H2_post_loss_requeue,adjusted,categorical_requeue_gap,post_loss_gap_>24h,-0.0031755384830357536,-0.31755384830357536,0.010761315346476357,-0.024267328988407586,0.01791625202233608,-2.4267328988407586,1.791625202233608,-0.29508832152897924,0.7679264107894,True,<=5m
KR,H2_post_loss_requeue,adjusted,categorical_requeue_gap,prior_win_rate,-0.32737509100319323,-32.73750910031932,0.030042964438108707,-0.3862582192907039,-0.26849196271568254,-38.62582192907039,-26.849196271568253,-10.896897064789204,1.192550179276216e-27,False,
KR,H2_post_loss_requeue,adjusted,categorical_requeue_gap,log1p_prior_matches,0.00944102131638598,0.944102131638598,0.0044024929759213,0.0008122936413896692,0.018069748991382292,0.08122936413896692,1.8069748991382293,2.1444716364164735,0.031995115715641814,False,
KR,H2_post_loss_requeue,adjusted,categorical_requeue_gap,log1p_prev_kda,0.0051342011869574405,0.5134201186957441,0.005766066252983963,-0.0061670810013629476,0.01643548337527783,-0.6167081001362947,1.643548337527783,0.890416613631602,0.3732422248578856,False,
KR,H2_post_loss_requeue,adjusted,categorical_requeue_gap,log1p_prev_loss_streak,0.020535255774883493,2.053525577488349,0.006323004745455058,0.008142394199715727,0.03292811735005126,0.8142394199715728,3.292811735005126,3.2477052606427543,0.0011633971609324649,False,
KR,H2_post_loss_requeue,adjusted,categorical_requeue_gap,prev_queue_was_flex440,0.00612623535156049,0.612623535156049,0.027174469924050274,-0.047134746998544946,0.059387217701665926,-4.713474699854495,5.938721770166593,0.22544084093204614,0.8216363427920068,False,
KR,H2_post_loss_requeue,adjusted,categorical_requeue_gap,session_depth_control,0.00011144823634689738,0.011144823634689738,0.0019370937217129836,-0.0036851856928892045,0.003908082165582999,-0.36851856928892046,0.3908082165582999,0.05753373473759599,0.9541200341694591,False,
KR,H2_post_loss_requeue,adjusted,categorical_requeue_gap,recent_volume_control,0.0028558838845150875,0.28558838845150875,0.0018626132691340756,-0.0007947710401141114,0.006506538809144286,-0.07947710401141114,0.6506538809144287,1.5332672282758841,0.12521002577176157,False,
KR,H2_post_loss_requeue,adjusted,categorical_requeue_gap,patch_15.21,0.03152166381123159,3.1521663811231586,0.017854958118969234,-0.0034734110474191407,0.06651673866988231,-0.34734110474191404,6.651673866988231,1.7654291654564425,0.07749166528904242,False,
KR,H2_post_loss_requeue,adjusted,categorical_requeue_gap,patch_15.22,0.05387471980396504,5.387471980396504,0.017902549831926785,0.018786366901954947,0.08896307270597514,1.8786366901954947,8.896307270597514,3.009332207409178,0.002618226561443564,False,
KR,H2_post_loss_requeue,adjusted,categorical_requeue_gap,patch_15.23,0.03686566086023079,3.686566086023079,0.01817700349155856,0.001239388669917206,0.07249193305054438,0.1239388669917206,7.249193305054439,2.0281484171662996,0.042545102660615446,False,
KR,H2_post_loss_requeue,adjusted,categorical_requeue_gap,patch_15.24,0.04867399102992311,4.867399102992311,0.02040550313677619,0.008679939795422684,0.08866804226442354,0.8679939795422684,8.866804226442355,2.3853364802458374,0.017063506316599,False,
KR,H2_post_loss_requeue,adjusted_continuous_sensitivity,log2_1plus_gap,log2_1plus_post_loss_gap,0.0011293685680260756,0.11293685680260755,0.0009044302647909897,-0.0006432821774922889,0.00290201931354444,-0.0643282177492289,0.290201931354444,1.2487071828440728,0.21177219274401202,True,continuous: effect per doubling of (1+gap minutes)
KR,H2_post_loss_requeue,adjusted_continuous_sensitivity,log2_1plus_gap,prior_win_rate,-0.32539199557879056,-32.53919955787906,0.03008394851074307,-0.3843554511726044,-0.26642853998497673,-38.43554511726044,-26.642853998497674,-10.816133243367043,2.8870225666586272e-27,False,
KR,H2_post_loss_requeue,adjusted_continuous_sensitivity,log2_1plus_gap,log1p_prior_matches,0.010088256939753182,1.0088256939753182,0.004398703748550802,0.001466956013932279,0.018709557865574086,0.1466956013932279,1.8709557865574087,2.293461327800687,0.021821459350420118,False,
KR,H2_post_loss_requeue,adjusted_continuous_sensitivity,log2_1plus_gap,log1p_prev_kda,0.005148209569677925,0.5148209569677925,0.005762009901144578,-0.006145122315128644,0.016441541454484492,-0.6145122315128644,1.6441541454484492,0.8934746135467893,0.37160306118096015,False,
KR,H2_post_loss_requeue,adjusted_continuous_sensitivity,log2_1plus_gap,log1p_prev_loss_streak,0.020704863064241043,2.070486306424104,0.006335761167692991,0.008286999360915343,0.033122726767566744,0.8286999360915343,3.3122726767566744,3.267936166820537,0.0010833479642467932,False,
KR,H2_post_loss_requeue,adjusted_continuous_sensitivity,log2_1plus_gap,prev_queue_was_flex440,0.004438634295762768,0.4438634295762768,0.027238788214575173,-0.04894840958731866,0.05782567817884419,-4.894840958731866,5.782567817884419,0.16295270776354523,0.8705556706007321,False,
KR,H2_post_loss_requeue,adjusted_continuous_sensitivity,log2_1plus_gap,session_depth_control,0.000217050927399709,0.0217050927399709,0.0016447360345485072,-0.0030065724643905914,0.0034406743191900094,-0.30065724643905917,0.34406743191900097,0.1319670286541093,0.895010370939405,False,
KR,H2_post_loss_requeue,adjusted_continuous_sensitivity,log2_1plus_gap,recent_volume_control,0.002449900561863394,0.2449900561863394,0.0016166874226410176,-0.000718748560771885,0.0056185496844986735,-0.0718748560771885,0.5618549684498674,1.5153829537816537,0.12967545169498415,False,
KR,H2_post_loss_requeue,adjusted_continuous_sensitivity,log2_1plus_gap,patch_15.21,0.030184881826638164,3.0184881826638166,0.01786400259133249,-0.004827919872103716,0.06519768352538005,-0.48279198721037153,6.519768352538005,1.689704290643335,0.09108454200013785,False,
KR,H2_post_loss_requeue,adjusted_continuous_sensitivity,log2_1plus_gap,patch_15.22,0.052850499055398056,5.285049905539806,0.017895726606566496,0.01777551942935253,0.08792547868144358,1.7775519429352529,8.792547868144359,2.9532468961615437,0.003144503536974936,False,
KR,H2_post_loss_requeue,adjusted_continuous_sensitivity,log2_1plus_gap,patch_15.23,0.036084679544011386,3.6084679544011387,0.01813845505420797,0.0005339609025652517,0.07163539818545753,0.05339609025652517,7.163539818545753,1.989402043127154,0.04665684431874246,False,
KR,H2_post_loss_requeue,adjusted_continuous_sensitivity,log2_1plus_gap,patch_15.24,0.047915795079799026,4.791579507979902,0.020347858374493783,0.008034725503269481,0.08779686465632858,0.8034725503269481,8.779686465632858,2.3548323463791103,0.018531064319098,False,
KR,H3_recent_volume,behavior_only,6h_window,recent_games_1,-0.0029862700499959627,-0.29862700499959627,0.004618883656309931,-0.012039115665144108,0.006066575565152181,-1.2039115665144107,0.6066575565152181,-0.6465350227898404,0.5179329232084209,True,0 recent ranked games
KR,H3_recent_volume,behavior_only,6h_window,recent_games_2,0.0011935992772450395,0.11935992772450395,0.005101236039810381,-0.00880463963742104,0.01119183819191112,-0.8804639637421041,1.1191838191911119,0.23398236582861728,0.8149986687404653,True,0 recent ranked games
KR,H3_recent_volume,behavior_only,6h_window,recent_games_3,0.004797537881757759,0.4797537881757759,0.005762941598316641,-0.006497620095950551,0.01609269585946607,-0.6497620095950551,1.6092695859466069,0.8324807392042847,0.40513764550128795,True,0 recent ranked games
KR,H3_recent_volume,behavior_only,6h_window,recent_games_4,0.010851595739011267,1.0851595739011268,0.00600689083441987,-0.0009216939555154301,0.022624885433537967,-0.09216939555154302,2.262488543353797,1.8065245462479405,0.07083644353249793,True,0 recent ranked games
KR,H3_recent_volume,behavior_only,6h_window,recent_games_5,-0.006773965895200521,-0.6773965895200521,0.006737045472298879,-0.019978332383114965,0.006430400592713921,-1.9978332383114965,0.6430400592713921,-1.0054802098417548,0.314665674168883,True,0 recent ranked games
KR,H3_recent_volume,behavior_only,6h_window,recent_games_6+,0.011229863296691431,1.1229863296691431,0.004906646573808131,0.001613012727160643,0.020846713866222222,0.1613012727160643,2.0846713866222224,2.2887043376298744,0.022096536832407542,True,0 recent ranked games
KR,H3_recent_volume,adjusted,6h_window,recent_games_1,-0.007324640918002006,-0.7324640918002007,0.008194444286014084,-0.023385456591909652,0.008736174755905638,-2.3385456591909652,0.8736174755905638,-0.8938545021903901,0.3713997437124432,True,0 recent ranked games
KR,H3_recent_volume,adjusted,6h_window,recent_games_2,-0.004401402373688747,-0.4401402373688747,0.008579929401558535,-0.021217754990639777,0.012414950243262281,-2.1217754990639777,1.2414950243262282,-0.5129881806357565,0.6079595884756064,True,0 recent ranked games
KR,H3_recent_volume,adjusted,6h_window,recent_games_3,-0.002196236563536652,-0.2196236563536652,0.008758612086809005,-0.019362800808239506,0.014970327681166202,-1.9362800808239506,1.4970327681166202,-0.2507516649634839,0.8020061135505605,True,0 recent ranked games
KR,H3_recent_volume,adjusted,6h_window,recent_games_4,0.002562101630150821,0.2562101630150821,0.009022227321821381,-0.015121138980952353,0.020245342241253995,-1.5121138980952353,2.0245342241253996,0.28397662115584904,0.776428297024564,True,0 recent ranked games
KR,H3_recent_volume,adjusted,6h_window,recent_games_5,-0.01584467592105484,-1.5844675921054838,0.009552589255688394,-0.03456740682130838,0.0028780549791986958,-3.456740682130838,0.2878054979198696,-1.658678657372358,0.09718056230850551,True,0 recent ranked games
KR,H3_recent_volume,adjusted,6h_window,recent_games_6+,-0.0006458611154628779,-0.0645861115462878,0.009020095587999929,-0.018324923605051377,0.017033201374125624,-1.8324923605051378,1.7033201374125624,-0.07160246908271267,0.9429182750775077,True,0 recent ranked games
KR,H3_recent_volume,adjusted,6h_window,prior_win_rate,-0.25303289219119907,-25.303289219119907,0.01965706626956691,-0.2915600341212673,-0.2145057502611308,-29.15600341212673,-21.450575026113082,-12.872362982412326,6.440128973244291e-38,False,
KR,H3_recent_volume,adjusted,6h_window,log1p_prior_matches,-0.007079939993678374,-0.7079939993678375,0.0030457615170037724,-0.013049522872503848,-0.0011103571148529008,-1.3049522872503847,-0.11103571148529008,-2.324522111843862,0.02009752786454224,False,
KR,H3_recent_volume,adjusted,6h_window,log1p_prev_kda,0.0053599234564613175,0.5359923456461317,0.003044169022039675,-0.0006065381895889637,0.011326385102511598,-0.06065381895889636,1.1326385102511598,1.760718086826212,0.07828612991464064,False,
KR,H3_recent_volume,adjusted,6h_window,log1p_prev_loss_streak,0.005938052395817316,0.5938052395817316,0.006064226293516878,-0.005947612733576588,0.017823717525211218,-0.5947612733576588,1.7823717525211218,0.9791937352610914,0.3274842634654464,False,
KR,H3_recent_volume,adjusted,6h_window,prev_queue_was_flex440,0.024640093927806698,2.4640093927806697,0.017230781317251618,-0.009131616879492103,0.0584118047351055,-0.9131616879492103,5.84118047351055,1.4300044480941099,0.15271574243404645,False,
KR,H3_recent_volume,adjusted,6h_window,prev_ranked_win,0.014366996942294971,1.4366996942294972,0.0071257421286635885,0.000400799006994558,0.028333194877595384,0.0400799006994558,2.8333194877595385,2.016210618189948,0.04377795657890964,False,
KR,H3_recent_volume,adjusted,6h_window,log1p_gap_from_prev_ranked,-0.00085645167978691,-0.085645167978691,0.001565117349085281,-0.003924025315572864,0.0022111219559990446,-0.39240253155728644,0.22111219559990447,-0.5472124376408296,0.5842327922757572,False,
KR,H3_recent_volume,adjusted,6h_window,session_depth_control,0.0022833600947229356,0.22833600947229354,0.0012336072627893223,-0.00013446571141117417,0.004701185900857045,-0.013446571141117417,0.47011859008570456,1.8509619419392898,0.06417502845480393,False,
KR,H3_recent_volume,adjusted,6h_window,patch_15.21,0.00328616242532144,0.328616242532144,0.012470605349089671,-0.021155774924306862,0.027728099774949742,-2.115577492430686,2.7728099774949744,0.26351266304496784,0.7921554646584863,False,
KR,H3_recent_volume,adjusted,6h_window,patch_15.22,0.02077485967862443,2.077485967862443,0.012172846026181055,-0.0030834801220419525,0.044633199479290814,-0.3083480122041953,4.463319947929081,1.7066559154648286,0.08788602565575597,False,
KR,H3_recent_volume,adjusted,6h_window,patch_15.23,0.017111004695711064,1.7111004695711065,0.013080591996110068,-0.008526484513127566,0.0427484939045497,-0.8526484513127566,4.274849390454969,1.308121582020108,0.1908320743344472,False,
KR,H3_recent_volume,adjusted,6h_window,patch_15.24,0.03276359700637506,3.276359700637506,0.014364860260208584,0.004608988253415564,0.06091820575933456,0.4608988253415564,6.091820575933456,2.2808155744565046,0.022559362383972065,False,
KR,H3_recent_volume,adjusted_sensitivity,3h_window,recent_games_1,-0.0037276960139201944,-0.3727696013920194,0.007848808836217998,-0.01911107865444721,0.011655686626606819,-1.9111078654447209,1.1655686626606818,-0.4749378016086846,0.634831306758411,True,0 recent ranked games
KR,H3_recent_volume,adjusted_sensitivity,3h_window,recent_games_2,-0.004818822599852273,-0.4818822599852273,0.008640483635952557,-0.02175385933532698,0.012116214135622434,-2.1753859335326977,1.2116214135622434,-0.5577028790149464,0.577047291413187,True,0 recent ranked games
KR,H3_recent_volume,adjusted_sensitivity,3h_window,recent_games_3,0.004450120405997793,0.4450120405997793,0.008463677645182707,-0.012138382955317089,0.021038623767312675,-1.2138382955317089,2.1038623767312674,0.5257903942656275,0.599033849341196,True,0 recent ranked games
KR,H3_recent_volume,adjusted_sensitivity,3h_window,recent_games_4,-0.0015708238941222474,-0.15708238941222474,0.009672997470877354,-0.02052955055958889,0.017387902771344395,-2.052955055958889,1.7387902771344395,-0.16239267081910772,0.8709966420738182,True,0 recent ranked games
KR,H3_recent_volume,adjusted_sensitivity,3h_window,recent_games_5,-0.006442580343673467,-0.6442580343673467,0.011810236629822075,-0.02959021878702044,0.016705058099673504,-2.959021878702044,1.6705058099673504,-0.5455081507347009,0.5854040762527251,True,0 recent ranked games
KR,H3_recent_volume,adjusted_sensitivity,3h_window,recent_games_6+,-0.011643384306900208,-1.1643384306900209,0.015813106377064193,-0.04263650328964668,0.019349734675846268,-4.263650328964668,1.9349734675846268,-0.7363122734561581,0.4615406786149728,True,0 recent ranked games
KR,H3_recent_volume,adjusted_sensitivity,3h_window,prior_win_rate,-0.2531691496661987,-25.31691496661987,0.019659237239243132,-0.29170054661864386,-0.21463775271375352,-29.170054661864388,-21.46377527137535,-12.877872451777053,5.996587742134316e-38,False,
KR,H3_recent_volume,adjusted_sensitivity,3h_window,log1p_prior_matches,-0.006953323748555028,-0.6953323748555028,0.0030598256479697807,-0.012950471817547732,-0.000956175679562324,-1.2950471817547733,-0.0956175679562324,-2.2724575020046043,0.023058892041615563,False,
KR,H3_recent_volume,adjusted_sensitivity,3h_window,log1p_prev_kda,0.005341436097439558,0.5341436097439558,0.0030448686519329296,-0.0006263967980040096,0.011309268992883125,-0.06263967980040097,1.1309268992883126,1.754241876426667,0.0793890705072822,False,
KR,H3_recent_volume,adjusted_sensitivity,3h_window,log1p_prev_loss_streak,0.005949526882729682,0.5949526882729682,0.006066280324942038,-0.005940164074280648,0.01783921783974001,-0.5940164074280648,1.7839217839740011,0.980753701451561,0.3267142147141365,False,
KR,H3_recent_volume,adjusted_sensitivity,3h_window,prev_queue_was_flex440,0.024510205524365353,2.4510205524365354,0.01722590738725837,-0.00925195255568351,0.05827236360441422,-0.925195255568351,5.827236360441422,1.422868762344271,0.15477420320562965,False,
KR,H3_recent_volume,adjusted_sensitivity,3h_window,prev_ranked_win,0.014358801525325005,1.4358801525325005,0.007130812553689703,0.0003826657395870972,0.028334937311062913,0.03826657395870972,2.8334937311062913,2.0136276780821167,0.044048638258645696,False,
KR,H3_recent_volume,adjusted_sensitivity,3h_window,log1p_gap_from_prev_ranked,-0.00016093275256134074,-0.016093275256134073,0.0016875724677494583,-0.003468514010651661,0.0031466485055289795,-0.3468514010651661,0.31466485055289795,-0.09536346179904213,0.9240261370335857,False,
KR,H3_recent_volume,adjusted_sensitivity,3h_window,session_depth_control,0.0032692259737214812,0.3269225973721481,0.0016628753646645898,1.0050148199976325e-05,0.006528401799242986,0.0010050148199976325,0.6528401799242985,1.9660078218675758,0.04929770708817018,False,
KR,H3_recent_volume,adjusted_sensitivity,3h_window,patch_15.21,0.0031674646531185957,0.31674646531185957,0.012471463719170722,-0.021276155070953973,0.027611084377191165,-2.1276155070953973,2.7611084377191166,0.25397697691648446,0.7995133447982025,False,
KR,H3_recent_volume,adjusted_sensitivity,3h_window,patch_15.22,0.020673229816209834,2.0673229816209835,0.012187271349080304,-0.0032133830978044384,0.044559842730224106,-0.32133830978044386,4.455984273022411,1.6962968349572287,0.08982967958750306,False,
KR,H3_recent_volume,adjusted_sensitivity,3h_window,patch_15.23,0.017071586378747776,1.7071586378747776,0.013115640504036082,-0.008634596643337704,0.042777769400833256,-0.8634596643337704,4.277776940083325,1.3016204868907721,0.1930461529026675,False,
KR,H3_recent_volume,adjusted_sensitivity,3h_window,patch_15.24,0.0325222228839433,3.2522222883943295,0.014379170987921033,0.004339565620074842,0.06070488014781175,0.4339565620074842,6.0704880147811755,2.261759242675604,0.02371228226143582,False,
KR,H3_recent_volume,adjusted_sensitivity,12h_window,recent_games_1,-0.0042461990458090015,-0.42461990458090015,0.008026695440417588,-0.019978233023899342,0.01148583493228134,-1.9978233023899343,1.148583493228134,-0.5290096126517656,0.5967987815780245,True,0 recent ranked games
KR,H3_recent_volume,adjusted_sensitivity,12h_window,recent_games_2,2.3175385883764132e-05,0.002317538588376413,0.008364554460339648,-0.016371050103105817,0.016417400874873343,-1.6371050103105818,1.6417400874873342,0.0027706659085848166,0.9977893312767971,True,0 recent ranked games
KR,H3_recent_volume,adjusted_sensitivity,12h_window,recent_games_3,-0.003538229035189725,-0.3538229035189725,0.008359819202426708,-0.019923173589212435,0.012846715518832983,-1.9923173589212435,1.2846715518832983,-0.42324229143169023,0.6721184937617818,True,0 recent ranked games
KR,H3_recent_volume,adjusted_sensitivity,12h_window,recent_games_4,-2.465629679576888e-05,-0.002465629679576888,0.009214705231105107,-0.018085146677914617,0.018035834084323077,-1.8085146677914616,1.8035834084323077,-0.002675755347283299,0.9978650586674953,True,0 recent ranked games
KR,H3_recent_volume,adjusted_sensitivity,12h_window,recent_games_5,-0.006560353787318541,-0.656035378731854,0.009063281509871356,-0.0243240591284142,0.011203351553777118,-2.43240591284142,1.1203351553777119,-0.7238386869229728,0.4691647752986942,True,0 recent ranked games
KR,H3_recent_volume,adjusted_sensitivity,12h_window,recent_games_6+,-0.0004706280623770083,-0.04706280623770083,0.008325139942517143,-0.016787602515966463,0.01584634639121245,-1.6787602515966462,1.584634639121245,-0.056530949104347646,0.9549188411187159,True,0 recent ranked games
KR,H3_recent_volume,adjusted_sensitivity,12h_window,prior_win_rate,-0.25301055976800385,-25.301055976800384,0.019651514325902425,-0.29152682008844555,-0.21449429944756218,-29.152682008844554,-21.44942994475622,-12.874863258477422,6.23494051753072e-38,False,
KR,H3_recent_volume,adjusted_sensitivity,12h_window,log1p_prior_matches,-0.0069364860839658616,-0.6936486083965862,0.0030575838490590488,-0.01292924030783295,-0.0009437318600987732,-1.292924030783295,-0.09437318600987732,-2.2686167988820714,0.023291639142277287,False,
KR,H3_recent_volume,adjusted_sensitivity,12h_window,log1p_prev_kda,0.005391624818556606,0.5391624818556606,0.0030441769831284424,-0.0005748524309409364,0.01135810206805415,-0.05748524309409364,1.135810206805415,1.7711272532570483,0.0765395429483167,False,
KR,H3_recent_volume,adjusted_sensitivity,12h_window,log1p_prev_loss_streak,0.005979109000755889,0.5979109000755889,0.006064931875106278,-0.005907939043141393,0.01786615704465317,-0.5907939043141394,1.786615704465317,0.9858493259087292,0.32420705656545384,False,
KR,H3_recent_volume,adjusted_sensitivity,12h_window,prev_queue_was_flex440,0.024428456432021305,2.4428456432021304,0.017237974662616028,-0.009357353073120096,0.05821426593716271,-0.9357353073120096,5.821426593716271,1.41713031316836,0.15644483135612328,False,
KR,H3_recent_volume,adjusted_sensitivity,12h_window,prev_ranked_win,0.014369798275752525,1.4369798275752526,0.007118940513258283,0.0004169312616832035,0.028322665289821844,0.04169312616832035,2.8322665289821845,2.018530460956975,0.043536045049522,False,
KR,H3_recent_volume,adjusted_sensitivity,12h_window,log1p_gap_from_prev_ranked,-0.0002866846254698573,-0.028668462546985733,0.0014550451853580807,-0.003138520784650103,0.002565151533710388,-0.3138520784650103,0.2565151533710388,-0.19702798810286115,0.8438056357175949,False,
KR,H3_recent_volume,adjusted_sensitivity,12h_window,session_depth_control,0.0026176167355892403,0.26176167355892405,0.0011407273809426282,0.00038183215276298664,0.004853401318415494,0.038183215276298664,0.4853401318415494,2.2946908957565304,0.02175084492541494,False,
KR,H3_recent_volume,adjusted_sensitivity,12h_window,patch_15.21,0.003081989488549275,0.3081989488549275,0.012473326964006486,-0.021365282128295773,0.02752926110539432,-2.1365282128295773,2.7529261105394323,0.24708640264484233,0.8048413566598692,False,
KR,H3_recent_volume,adjusted_sensitivity,12h_window,patch_15.22,0.020574805137484258,2.057480513748426,0.012188324950188739,-0.003313872796756618,0.04446348307172514,-0.3313872796756618,4.446348307172514,1.68807487670122,0.09139685644731305,False,
KR,H3_recent_volume,adjusted_sensitivity,12h_window,patch_15.23,0.01689516072741527,1.689516072741527,0.013095685320655113,-0.008771910853938622,0.04256223230876916,-0.8771910853938623,4.256223230876916,1.2901318498213645,0.19700488314206974,False,
KR,H3_recent_volume,adjusted_sensitivity,12h_window,patch_15.24,0.032526294793824115,3.2526294793824113,0.014386053752048699,0.004330147560151352,0.06072244202749688,0.43301475601513517,6.072244202749689,2.2609601878619485,0.023761722489303444,False,
KR,H3_recent_volume,adjusted_sensitivity,24h_window,recent_games_1,0.009162543678264945,0.9162543678264945,0.0078111992153523544,-0.0061471254598932,0.02447221281642309,-0.61471254598932,2.447221281642309,1.1730008959772296,0.2407954463932589,True,0 recent ranked games
KR,H3_recent_volume,adjusted_sensitivity,24h_window,recent_games_2,0.0028405607849533885,0.28405607849533887,0.008024219069429869,-0.01288661959518866,0.01856774116509544,-1.288661959518866,1.856774116509544,0.3539984091131268,0.7233400754861414,True,0 recent ranked games
KR,H3_recent_volume,adjusted_sensitivity,24h_window,recent_games_3,0.0010666019440435336,0.10666019440435336,0.008341257206491258,-0.015281961766464512,0.01741516565455158,-1.5281961766464511,1.7415165654551579,0.12787064559206882,0.8982513417318608,True,0 recent ranked games
KR,H3_recent_volume,adjusted_sensitivity,24h_window,recent_games_4,0.006996868744712337,0.6996868744712337,0.008620623916656661,-0.00989924365619934,0.023892981145624013,-0.989924365619934,2.3892981145624015,0.8116429637062667,0.4169965308725867,True,0 recent ranked games
KR,H3_recent_volume,adjusted_sensitivity,24h_window,recent_games_5,0.00911954257322158,0.911954257322158,0.008784169284868394,-0.008097112859223436,0.026336198005666594,-0.8097112859223435,2.6336198005666596,1.0381792833763914,0.2991865956053097,True,0 recent ranked games
KR,H3_recent_volume,adjusted_sensitivity,24h_window,recent_games_6+,0.01308412232187005,1.308412232187005,0.007648797414839542,-0.0019072451362585237,0.028075489779998623,-0.19072451362585235,2.807548977999862,1.7106116964851699,0.08715281833925148,True,0 recent ranked games
KR,H3_recent_volume,adjusted_sensitivity,24h_window,prior_win_rate,-0.2530897705604414,-25.308977056044142,0.019651541887180435,-0.29160608489999534,-0.21457345622088747,-29.160608489999536,-21.45734562208875,-12.878875968788128,5.919132613045028e-38,False,
KR,H3_recent_volume,adjusted_sensitivity,24h_window,log1p_prior_matches,-0.008004007305763717,-0.8004007305763717,0.003137830125399491,-0.014154041341151521,-0.0018539732703759127,-1.4154041341151522,-0.18539732703759126,-2.5508096314629816,0.010747301162146856,False,
KR,H3_recent_volume,adjusted_sensitivity,24h_window,log1p_prev_kda,0.005328424963054303,0.5328424963054303,0.00304373667833365,-0.0006371893049032266,0.011294039231011833,-0.06371893049032266,1.1294039231011834,1.7506195594986382,0.08001146380504606,False,
KR,H3_recent_volume,adjusted_sensitivity,24h_window,log1p_prev_loss_streak,0.006116466940517677,0.6116466940517676,0.0060600779623412775,-0.005761067609176105,0.017994001490211457,-0.5761067609176105,1.7994001490211458,1.0093049922008948,0.3128283866743327,False,
KR,H3_recent_volume,adjusted_sensitivity,24h_window,prev_queue_was_flex440,0.024867394130784964,2.4867394130784963,0.01722093720896024,-0.008885022578802828,0.05861981084037275,-0.8885022578802828,5.861981084037275,1.4440209513014304,0.14873308198056265,False,
KR,H3_recent_volume,adjusted_sensitivity,24h_window,prev_ranked_win,0.014387825288182141,1.4387825288182141,0.007118231444974056,0.00043634802241248466,0.028339302553951798,0.043634802241248466,2.8339302553951797,2.02126404562764,0.04325243896686889,False,
KR,H3_recent_volume,adjusted_sensitivity,24h_window,log1p_gap_from_prev_ranked,0.0009222219872708645,0.09222219872708645,0.0011010891325376096,-0.0012358730562713003,0.003080317030813029,-0.12358730562713002,0.3080317030813029,0.8375543450742072,0.4022810430728613,False,
KR,H3_recent_volume,adjusted_sensitivity,24h_window,session_depth_control,0.0026332774110446747,0.2633277411044675,0.0009965736251019127,0.000680028997902404,0.004586525824186945,0.0680028997902404,0.45865258241869455,2.6423310277505965,0.008233753819935496,False,
KR,H3_recent_volume,adjusted_sensitivity,24h_window,patch_15.21,0.004340493721883709,0.4340493721883709,0.012457196590622718,-0.020075162944071967,0.028756150387839387,-2.0075162944071967,2.8756150387839385,0.348432626097517,0.727515303723189,False,
KR,H3_recent_volume,adjusted_sensitivity,24h_window,patch_15.22,0.02221576519518568,2.221576519518568,0.012211438384913025,-0.001718214238673816,0.04614974462904517,-0.17182142386738158,4.614974462904517,1.8192586732970613,0.06887197515894589,False,
KR,H3_recent_volume,adjusted_sensitivity,24h_window,patch_15.23,0.018818443635452636,1.8818443635452635,0.013134991058767862,-0.006925665776988006,0.04456255304789328,-0.6925665776988006,4.456255304789328,1.43269558016874,0.15194485315060902,False,
KR,H3_recent_volume,adjusted_sensitivity,24h_window,patch_15.24,0.0344921475263077,3.44921475263077,0.014413695516409005,0.006241823430019593,0.0627424716225958,0.6241823430019593,6.27424716225958,2.3930120826432577,0.01671069077021257,False,
EU,H1_session_depth,behavior_only,30m_session_boundary,session_depth_2,0.0008928511999148929,0.08928511999148929,0.0014240804936695593,-0.0018982952787634636,0.0036839976785932494,-0.18982952787634635,0.36839976785932493,0.6269668069212865,0.5306809934721157,True,session depth 1
EU,H1_session_depth,behavior_only,30m_session_boundary,session_depth_3,0.0007755502488841501,0.07755502488841501,0.0017276557804651147,-0.002610592858509913,0.004161693356278213,-0.2610592858509913,0.41616933562782127,0.4489032234623489,0.6535014706346707,True,session depth 1
EU,H1_session_depth,behavior_only,30m_session_boundary,session_depth_4,0.00034161072763933616,0.03416107276393362,0.002070930702837667,-0.003717338864400712,0.004400560319679384,-0.3717338864400712,0.4400560319679384,0.16495517072167037,0.8689792671747258,True,session depth 1
EU,H1_session_depth,behavior_only,30m_session_boundary,session_depth_5,0.0060566445670598434,0.6056644567059843,0.0025401317495598185,0.0010780778219358833,0.011035211312183803,0.10780778219358833,1.1035211312183804,2.38438205739108,0.01710783087000482,True,session depth 1
EU,H1_session_depth,behavior_only,30m_session_boundary,session_depth_6,0.0045945343033516415,0.45945343033516417,0.003038664833143989,-0.0013611393306989898,0.010550207937402273,-0.136113933069899,1.0550207937402272,1.5120240486009293,0.13052774478532062,True,session depth 1
EU,H1_session_depth,behavior_only,30m_session_boundary,session_depth_7,0.003117002336720225,0.3117002336720225,0.0035112627931200967,-0.003764946278050679,0.009998950951491128,-0.3764946278050679,0.9998950951491128,0.8877154802618652,0.3746938167592519,True,session depth 1
EU,H1_session_depth,behavior_only,30m_session_boundary,session_depth_8+,0.00448643348244902,0.448643348244902,0.0024312149748910066,-0.0002786603070118049,0.009251527271909844,-0.02786603070118049,0.9251527271909844,1.8453462687519644,0.06498718391383032,True,session depth 1
EU,H1_session_depth,adjusted,30m_session_boundary,session_depth_2,-0.0040832334673081205,-0.40832334673081205,0.0023703101306315573,-0.008728955955536404,0.0005624890209201625,-0.8728955955536404,0.05624890209201625,-1.7226578980279528,0.08495040817403843,True,session depth 1
EU,H1_session_depth,adjusted,30m_session_boundary,session_depth_3,-0.004101710342063905,-0.41017103420639045,0.002512215122674252,-0.009025561503922312,0.000822140819794503,-0.9025561503922311,0.08221408197945029,-1.6327066520074265,0.10253070773381716,True,session depth 1
EU,H1_session_depth,adjusted,30m_session_boundary,session_depth_4,-0.004472725047223262,-0.4472725047223262,0.0027380277770985275,-0.009839160879006638,0.0008937107845601146,-0.9839160879006638,0.08937107845601146,-1.6335572212357112,0.10235185646820184,True,session depth 1
EU,H1_session_depth,adjusted,30m_session_boundary,session_depth_5,0.001191790899919402,0.11917908999194021,0.003135069565500859,-0.004952832537489918,0.007336414337328722,-0.4952832537489918,0.7336414337328722,0.3801481514267456,0.7038354442941118,True,session depth 1
EU,H1_session_depth,adjusted,30m_session_boundary,session_depth_6,-0.0003059359008619682,-0.03059359008619682,0.003582592352075556,-0.007327687882218699,0.006715816080494762,-0.73276878822187,0.6715816080494762,-0.0853951191752882,0.9319472733244298,True,session depth 1
EU,H1_session_depth,adjusted,30m_session_boundary,session_depth_7,-0.0018073279478848698,-0.18073279478848697,0.004065708383584556,-0.00977596995135316,0.00616131405558342,-0.9775969951353161,0.616131405558342,-0.4445296556885441,0.6566596929817949,True,session depth 1
EU,H1_session_depth,adjusted,30m_session_boundary,session_depth_8+,-0.00019876288184627963,-0.01987628818462796,0.0031679630556395726,-0.0064078563752533015,0.006010330611560742,-0.6407856375253301,0.6010330611560741,-0.06274154033849737,0.9499723181297736,True,session depth 1
EU,H1_session_depth,adjusted,30m_session_boundary,prior_win_rate,-0.2698288240796158,-26.98288240796158,0.007735947278922986,-0.2849910021326055,-0.2546666460266261,-28.499100213260547,-25.466664602662608,-34.87986853462397,1.5015513100843064e-266,False,
EU,H1_session_depth,adjusted,30m_session_boundary,log1p_prior_matches,-0.011164367799594545,-1.1164367799594546,0.0012179559004918447,-0.01355151749931661,-0.00877721809987248,-1.355151749931661,-0.877721809987248,-9.16647950478836,4.8871902710633045e-20,False,
EU,H1_session_depth,adjusted,30m_session_boundary,log1p_prev_kda,0.006696317131297609,0.6696317131297609,0.0010634237807621541,0.004612044820700369,0.008780589441894849,0.4612044820700369,0.8780589441894849,6.296941306407846,3.035761600194872e-10,False,
EU,H1_session_depth,adjusted,30m_session_boundary,log1p_prev_loss_streak,-0.0046603823819242616,-0.4660382381924262,0.0021195568508759533,-0.008814637472826264,-0.0005061272910222587,-0.8814637472826264,-0.05061272910222587,-2.1987531874874016,0.02789547677031028,False,
EU,H1_session_depth,adjusted,30m_session_boundary,prev_queue_was_flex440,-0.0025522902802706353,-0.25522902802706354,0.00514991747063756,-0.012645943046073863,0.007541362485532593,-1.2645943046073864,0.7541362485532592,-0.49559828770511577,0.6201778611307208,False,
EU,H1_session_depth,adjusted,30m_session_boundary,prev_ranked_win,0.00025941362808573403,0.025941362808573405,0.002471385198837353,-0.004584412353560838,0.005103239609732305,-0.45844123535608383,0.5103239609732305,0.10496689395395485,0.9164020783582569,False,
EU,H1_session_depth,adjusted,30m_session_boundary,log1p_gap_from_prev_ranked,-0.001424218975028895,-0.1424218975028895,0.0005399113879962044,-0.0024824258503444866,-0.00036601209971330313,-0.24824258503444865,-0.03660120997133031,-2.6378754119535395,0.008342722623610072,False,
EU,H1_session_depth,adjusted,30m_session_boundary,recent_volume_control,0.0002271558223971841,0.02271558223971841,0.00041116543163456805,-0.000578713615294435,0.0010330252600888033,-0.0578713615294435,0.10330252600888033,0.5524681914385099,0.5806276216621495,False,
EU,H1_session_depth,adjusted,30m_session_boundary,patch_15.21,0.006432843979826124,0.6432843979826124,0.003919146329223498,-0.0012485416755942912,0.014114229635246538,-0.12485416755942912,1.4114229635246538,1.6413890779884877,0.1007166756317293,False,
EU,H1_session_depth,adjusted,30m_session_boundary,patch_15.22,0.01791254817655879,1.791254817655879,0.004070107447785168,0.009935284165691621,0.025889812187425955,0.9935284165691621,2.5889812187425956,4.401001301895916,1.0775247807547717e-05,False,
EU,H1_session_depth,adjusted,30m_session_boundary,patch_15.23,0.023923478831045262,2.3923478831045264,0.004485269185409561,0.015132512766675215,0.03271444489541531,1.5132512766675215,3.2714444895415307,5.333788863524085,9.61843559047585e-08,False,
EU,H1_session_depth,adjusted,30m_session_boundary,patch_15.24,0.03826911230176936,3.826911230176936,0.004872665897460246,0.02871886263405074,0.04781936196948798,2.871886263405074,4.781936196948798,7.853834657885362,4.0350615904949915e-15,False,
EU,H1_session_depth,adjusted,30m_session_boundary,patch_16.1,0.04806130158966138,4.8061301589661385,0.005408761851654507,0.037460323159464376,0.05866228001985839,3.7460323159464375,5.866228001985839,8.885823208311479,6.344918542596285e-19,False,
EU,H1_session_depth,adjusted,30m_session_boundary,patch_16.2,0.03633018043826975,3.6330180438269752,0.0061398973483839684,0.024296202766664193,0.04836415810987531,2.4296202766664194,4.836415810987531,5.917066422589609,3.27734365260638e-09,False,
EU,H1_session_depth,adjusted_sensitivity,45m_session_boundary,session_depth_2,-0.007006597677054136,-0.7006597677054136,0.0025505082549088015,-0.012005501998947489,-0.0020076933551607815,-1.200550199894749,-0.20076933551607815,-2.747137815989806,0.006011786697750025,True,session depth 1
EU,H1_session_depth,adjusted_sensitivity,45m_session_boundary,session_depth_3,-0.0063615834030133515,-0.6361583403013351,0.002690941437337156,-0.011635731704700624,-0.001087435101326079,-1.1635731704700625,-0.10874351013260788,-2.364073522651058,0.018075225043463924,True,session depth 1
EU,H1_session_depth,adjusted_sensitivity,45m_session_boundary,session_depth_4,-0.00584421806754736,-0.584421806754736,0.0028703471136998274,-0.011469995033527518,-0.00021844110156720234,-1.1469995033527518,-0.021844110156720234,-2.0360666623397563,0.041743661796720295,True,session depth 1
EU,H1_session_depth,adjusted_sensitivity,45m_session_boundary,session_depth_5,-0.0002879634910005548,-0.02879634910005548,0.0032126513875395312,-0.006584644505460668,0.006008717523459558,-0.6584644505460668,0.6008717523459558,-0.08963421680840913,0.9285778927555953,True,session depth 1
EU,H1_session_depth,adjusted_sensitivity,45m_session_boundary,session_depth_6,-0.0038524762894817737,-0.3852476289481774,0.003650269810498038,-0.011006873651911777,0.003301921072948229,-1.1006873651911777,0.3301921072948229,-1.0553949405060956,0.29124473588954575,True,session depth 1
EU,H1_session_depth,adjusted_sensitivity,45m_session_boundary,session_depth_7,-0.0037148669095060315,-0.37148669095060316,0.004030616684297561,-0.0116147304462155,0.004184996627203437,-1.16147304462155,0.41849966272034367,-0.9216621674738695,0.3567048202386598,True,session depth 1
EU,H1_session_depth,adjusted_sensitivity,45m_session_boundary,session_depth_8+,-0.003203257730857756,-0.3203257730857756,0.0032335312812819166,-0.009540862585053968,0.0031343471233384553,-0.9540862585053967,0.3134347123338455,-0.9906376194350102,0.3218625613125362,True,session depth 1
EU,H1_session_depth,adjusted_sensitivity,45m_session_boundary,prior_win_rate,-0.2699637042945551,-26.996370429455506,0.007735082002927173,-0.2851241864377563,-0.25480322215135387,-28.51241864377563,-25.480322215135388,-34.901207794874466,7.127317910225363e-267,False,
EU,H1_session_depth,adjusted_sensitivity,45m_session_boundary,log1p_prior_matches,-0.011231413750155392,-1.1231413750155392,0.0012175093257285176,-0.013617688179424933,-0.008845139320885851,-1.3617688179424932,-0.8845139320885851,-9.224909832567306,2.837995752017479e-20,False,
EU,H1_session_depth,adjusted_sensitivity,45m_session_boundary,log1p_prev_kda,0.006706687600186063,0.6706687600186063,0.0010634275149737468,0.004622407970668591,0.008790967229703536,0.4622407970668591,0.8790967229703536,6.30667112309167,2.851007353058587e-10,False,
EU,H1_session_depth,adjusted_sensitivity,45m_session_boundary,log1p_prev_loss_streak,-0.004677477345666771,-0.46774773456667706,0.0021185524913636075,-0.008829763928097045,-0.0005251907632364957,-0.8829763928097044,-0.05251907632364958,-2.2078647400688713,0.027253703430697763,False,
EU,H1_session_depth,adjusted_sensitivity,45m_session_boundary,prev_queue_was_flex440,-0.002513799922534962,-0.2513799922534962,0.00515047613869598,-0.012608547657612008,0.007580947812542083,-1.2608547657612008,0.7580947812542084,-0.48807136560609654,0.6254992924699204,False,
EU,H1_session_depth,adjusted_sensitivity,45m_session_boundary,prev_ranked_win,0.00026717014941024086,0.026717014941024086,0.0024707907092461445,-0.004575490654048379,0.00510983095286886,-0.45754906540483786,0.510983095286886,0.10813143679488593,0.9138914313914581,False,
EU,H1_session_depth,adjusted_sensitivity,45m_session_boundary,log1p_gap_from_prev_ranked,-0.0019288852043584574,-0.19288852043584576,0.000568895961906268,-0.0030439008006450134,-0.0008138696080719017,-0.30439008006450136,-0.08138696080719017,-3.3905763681202976,0.000697458196406348,False,
EU,H1_session_depth,adjusted_sensitivity,45m_session_boundary,recent_volume_control,0.00013617990332833002,0.013617990332833002,0.00045007861714246227,-0.0007459579764824878,0.0010183177831391479,-0.07459579764824878,0.10183177831391478,0.3025691471257461,0.7622182299699329,False,
EU,H1_session_depth,adjusted_sensitivity,45m_session_boundary,patch_15.21,0.006524617176546665,0.6524617176546665,0.003917711156745284,-0.0011539555925048463,0.014203189945598178,-0.11539555925048463,1.4203189945598178,1.6654155744261452,0.09582987432193271,False,
EU,H1_session_depth,adjusted_sensitivity,45m_session_boundary,patch_15.22,0.018041464446181116,1.8041464446181117,0.004068724054146613,0.010066911837021958,0.026016017055340276,1.006691183702196,2.6016017055340277,4.43418236431991,9.242237069862543e-06,False,
EU,H1_session_depth,adjusted_sensitivity,45m_session_boundary,patch_15.23,0.024075205067735646,2.4075205067735648,0.0044825844326886605,0.015289501022005962,0.03286090911346533,1.5289501022005962,3.2860909113465326,5.37083136508715,7.837447466811599e-08,False,
EU,H1_session_depth,adjusted_sensitivity,45m_session_boundary,patch_15.24,0.03845018268688996,3.845018268688996,0.004870511553914805,0.02890415545493073,0.04799620991884919,2.890415545493073,4.799620991884919,7.894485468571488,2.9151535677126743e-15,False,
EU,H1_session_depth,adjusted_sensitivity,45m_session_boundary,patch_16.1,0.04825416907857739,4.825416907857739,0.005406219167346696,0.03765817421804774,0.05885016393910703,3.7658174218047744,5.885016393910703,8.92567755484836,4.429791854167134e-19,False,
EU,H1_session_depth,adjusted_sensitivity,45m_session_boundary,patch_16.2,0.03655184482524567,3.655184482524567,0.00613649042684992,0.024524544597145002,0.04857914505334634,2.4524544597145,4.857914505334634,5.956473860908318,2.5773831317316295e-09,False,
EU,H1_session_depth,adjusted_sensitivity,60m_session_boundary,session_depth_2,-0.011049261667523614,-1.1049261667523613,0.0026755765025039016,-0.0162932952503129,-0.005805228084734325,-1.6293295250312902,-0.5805228084734325,-4.129675102611835,3.6327623618297274e-05,True,session depth 1
EU,H1_session_depth,adjusted_sensitivity,60m_session_boundary,session_depth_3,-0.008614016040118678,-0.8614016040118678,0.002804249075412486,-0.014110243231606897,-0.003117788848630459,-1.4110243231606896,-0.3117788848630459,-3.0717728020830726,0.002127916216940286,True,session depth 1
EU,H1_session_depth,adjusted_sensitivity,60m_session_boundary,session_depth_4,-0.008127762723035897,-0.8127762723035897,0.0029536982012061657,-0.013916904818600723,-0.0023386206274710703,-1.3916904818600724,-0.23386206274710702,-2.7517241672547526,0.0059282430633566426,True,session depth 1
EU,H1_session_depth,adjusted_sensitivity,60m_session_boundary,session_depth_5,-0.0015837140816533054,-0.15837140816533055,0.0033160619735401685,-0.008083076120294849,0.004915647956988238,-0.8083076120294849,0.49156479569882383,-0.47758880693130124,0.6329428990559053,True,session depth 1
EU,H1_session_depth,adjusted_sensitivity,60m_session_boundary,session_depth_6,-0.004867784071658337,-0.4867784071658337,0.003657788899174432,-0.012036918577090635,0.00230135043377396,-1.2036918577090634,0.23013504337739601,-1.3307996185228192,0.18325495351599744,True,session depth 1
EU,H1_session_depth,adjusted_sensitivity,60m_session_boundary,session_depth_7,-0.005895597511504548,-0.5895597511504548,0.0041283956658307586,-0.01398710433046409,0.002195909307454995,-1.398710433046409,0.21959093074549949,-1.4280601930430945,0.15327453386938203,True,session depth 1
EU,H1_session_depth,adjusted_sensitivity,60m_session_boundary,session_depth_8+,-0.002466545131024453,-0.24665451310244532,0.0033367217092701816,-0.009006399507626939,0.004073309245578032,-0.9006399507626939,0.4073309245578032,-0.7392121207386947,0.45977820192095736,True,session depth 1
EU,H1_session_depth,adjusted_sensitivity,60m_session_boundary,prior_win_rate,-0.27008392207355647,-27.008392207355648,0.007734707655227571,-0.28524367050874877,-0.25492417363836417,-28.524367050874876,-25.492417363836417,-34.91843959881507,3.9035365665392265e-267,False,
EU,H1_session_depth,adjusted_sensitivity,60m_session_boundary,log1p_prior_matches,-0.011392727734567893,-1.1392727734567893,0.0012182001967292857,-0.013780356246116902,-0.009005099223018884,-1.3780356246116903,-0.9005099223018884,-9.352098091229943,8.59260294922359e-21,False,
EU,H1_session_depth,adjusted_sensitivity,60m_session_boundary,log1p_prev_kda,0.006723165863627258,0.6723165863627258,0.0010633583218931113,0.004639021850055811,0.008807309877198705,0.46390218500558106,0.8807309877198706,6.322577935589872,2.572352094131875e-10,False,
EU,H1_session_depth,adjusted_sensitivity,60m_session_boundary,log1p_prev_loss_streak,-0.004712425576596219,-0.47124255765962186,0.002117907098344796,-0.00886344721195375,-0.0005614039412386888,-0.886344721195375,-0.056140394123868884,-2.2250388509860097,0.02607863013993845,False,
EU,H1_session_depth,adjusted_sensitivity,60m_session_boundary,prev_queue_was_flex440,-0.002471689448708372,-0.2471689448708372,0.0051498440223918165,-0.012565198258595216,0.007621819361178473,-1.2565198258595216,0.7621819361178472,-0.4799542351110684,0.6312599352032191,False,
EU,H1_session_depth,adjusted_sensitivity,60m_session_boundary,prev_ranked_win,0.00028382368008707845,0.028382368008707845,0.0024705527441614976,-0.004558370720376055,0.005126018080550212,-0.4558370720376055,0.5126018080550212,0.11488266371071056,0.9085381264599544,False,
EU,H1_session_depth,adjusted_sensitivity,60m_session_boundary,log1p_gap_from_prev_ranked,-0.002660990626495616,-0.2660990626495616,0.0005855838129721052,-0.003808713809850581,-0.001513267443140651,-0.38087138098505813,-0.1513267443140651,-4.544166979257629,5.515292594067411e-06,False,
EU,H1_session_depth,adjusted_sensitivity,60m_session_boundary,recent_volume_control,-0.00037792605441285345,-0.03779260544128535,0.0004931886827788069,-0.0013445581102420646,0.0005887060014163576,-0.13445581102420645,0.05887060014163576,-0.7662910111470497,0.44350316560716585,False,
EU,H1_session_depth,adjusted_sensitivity,60m_session_boundary,patch_15.21,0.006745874401717654,0.6745874401717654,0.003917871142252176,-0.000933011933165414,0.014424760736600721,-0.0933011933165414,1.4424760736600721,1.7218214067754687,0.08510187551910715,False,
EU,H1_session_depth,adjusted_sensitivity,60m_session_boundary,patch_15.22,0.01837153758187143,1.8371537581871429,0.004068947731520633,0.010396546573115036,0.026346528590627825,1.0396546573115035,2.6346528590627827,4.515058632863215,6.329925008819623e-06,False,
EU,H1_session_depth,adjusted_sensitivity,60m_session_boundary,patch_15.23,0.024434109714403088,2.4434109714403087,0.004481607982695086,0.015650319475493515,0.03321789995331266,1.5650319475493515,3.321789995331266,5.452085458779741,4.9782520475633725e-08,False,
EU,H1_session_depth,adjusted_sensitivity,60m_session_boundary,patch_15.24,0.038826377076674565,3.8826377076674565,0.004869634398949721,0.02928206903685576,0.04837068511649337,2.928206903685576,4.837068511649337,7.973160589848102,1.5466698541964237e-15,False,
EU,H1_session_depth,adjusted_sensitivity,60m_session_boundary,patch_16.1,0.048623039536006114,4.862303953600612,0.00540661438714624,0.03802627005890338,0.059219809013108846,3.802627005890338,5.921980901310884,8.993250869084209,2.4002356883037696e-19,False,
EU,H1_session_depth,adjusted_sensitivity,60m_session_boundary,patch_16.2,0.03699002541532677,3.699002541532677,0.006137106402205753,0.024961517897713306,0.04901853293294023,2.4961517897713303,4.901853293294023,6.02727458041661,1.6674757999156563e-09,False,
EU,H1_session_depth,adjusted_sensitivity,90m_session_boundary,session_depth_2,-0.008589396641050821,-0.858939664105082,0.0027496653778927823,-0.013978641751257393,-0.0032001515308442497,-1.3978641751257392,-0.32001515308442496,-3.1237970664028003,0.0017853354317975778,True,session depth 1
EU,H1_session_depth,adjusted_sensitivity,90m_session_boundary,session_depth_3,-0.005605341027467608,-0.5605341027467607,0.0029255312125380686,-0.011339276839690018,0.00012859478475480118,-1.1339276839690018,0.012859478475480118,-1.9160079384709925,0.055364085242055085,True,session depth 1
EU,H1_session_depth,adjusted_sensitivity,90m_session_boundary,session_depth_4,-0.004871405249368979,-0.4871405249368979,0.003142343686640151,-0.011030285702230493,0.0012874752034925342,-1.1030285702230493,0.1287475203492534,-1.5502458467799145,0.12108251959332225,True,session depth 1
EU,H1_session_depth,adjusted_sensitivity,90m_session_boundary,session_depth_5,0.0017514062322766854,0.17514062322766855,0.0035268421228072024,-0.005161077307584222,0.008663889772137593,-0.5161077307584222,0.8663889772137593,0.4965933181275059,0.6194758660437554,True,session depth 1
EU,H1_session_depth,adjusted_sensitivity,90m_session_boundary,session_depth_6,-0.0010873096348001966,-0.10873096348001966,0.003943529178280974,-0.008816484796213738,0.006641865526613345,-0.8816484796213738,0.6641865526613345,-0.2757199416169063,0.7827631779217307,True,session depth 1
EU,H1_session_depth,adjusted_sensitivity,90m_session_boundary,session_depth_7,-0.0036947353944262206,-0.36947353944262207,0.004419359709204176,-0.012356521259193811,0.004967050470341371,-1.2356521259193811,0.4967050470341371,-0.8360340948783183,0.4031357225670388,True,session depth 1
EU,H1_session_depth,adjusted_sensitivity,90m_session_boundary,session_depth_8+,0.0007215427534928559,0.07215427534928559,0.0037572989669679715,-0.006642627900913918,0.00808571340789963,-0.6642627900913918,0.8085713407899631,0.192037620598267,0.8477127368405666,True,session depth 1
EU,H1_session_depth,adjusted_sensitivity,90m_session_boundary,prior_win_rate,-0.2700288706574692,-27.002887065746922,0.007734368383312664,-0.2851879541319273,-0.2548697871830111,-28.518795413192734,-25.486978718301113,-34.9128535485938,4.744961105359855e-267,False,
EU,H1_session_depth,adjusted_sensitivity,90m_session_boundary,log1p_prior_matches,-0.011367746918507355,-1.1367746918507355,0.001217090191732395,-0.013753199860239798,-0.008982293976774912,-1.3753199860239798,-0.8982293976774911,-9.340102315939797,9.624107038193022e-21,False,
EU,H1_session_depth,adjusted_sensitivity,90m_session_boundary,log1p_prev_kda,0.006723139101734308,0.6723139101734308,0.0010635240572992373,0.0046386702527358905,0.008807607950732725,0.46386702527358903,0.8807607950732725,6.321567486500833,2.589232515102345e-10,False,
EU,H1_session_depth,adjusted_sensitivity,90m_session_boundary,log1p_prev_loss_streak,-0.004686250624345988,-0.46862506243459884,0.0021177332895642802,-0.008836931600753512,-0.0005355696479384655,-0.8836931600753513,-0.053556964793846557,-2.212861575836198,0.02690719048149532,False,
EU,H1_session_depth,adjusted_sensitivity,90m_session_boundary,prev_queue_was_flex440,-0.0026110143879521765,-0.26110143879521763,0.005150538779013546,-0.012705884895795633,0.007483856119891279,-1.2705884895795632,0.7483856119891279,-0.5069400503479462,0.6121968830815999,False,
EU,H1_session_depth,adjusted_sensitivity,90m_session_boundary,prev_ranked_win,0.0003358054552730237,0.03358054552730237,0.0024707260640179645,-0.00450672864586659,0.005178339556412638,-0.450672864586659,0.5178339556412638,0.1359136733786373,0.8918895259899443,False,
EU,H1_session_depth,adjusted_sensitivity,90m_session_boundary,log1p_gap_from_prev_ranked,-0.002166825275799622,-0.2166825275799622,0.0005901111551591559,-0.0033234218867868952,-0.001010228664812349,-0.33234218867868953,-0.1010228664812349,-3.6718934337298177,0.0002407600796687822,False,
EU,H1_session_depth,adjusted_sensitivity,90m_session_boundary,recent_volume_control,-0.0006085053699813712,-0.060850536998137125,0.0005987754853256977,-0.0017820837560452302,0.0005650730160824878,-0.17820837560452302,0.05650730160824878,-1.0162496376256638,0.3095105244261489,False,
EU,H1_session_depth,adjusted_sensitivity,90m_session_boundary,patch_15.21,0.006711345125338695,0.6711345125338695,0.003918296647906979,-0.0009683751853030043,0.014391065435980394,-0.09683751853030043,1.4391065435980395,1.7128221082810735,0.0867452715389511,False,
EU,H1_session_depth,adjusted_sensitivity,90m_session_boundary,patch_15.22,0.018254306148584337,1.8254306148584338,0.004067311765715004,0.010282521573886915,0.02622609072328176,1.0282521573886916,2.622609072328176,4.488051863261916,7.187743293131592e-06,False,
EU,H1_session_depth,adjusted_sensitivity,90m_session_boundary,patch_15.23,0.024274585856953353,2.4274585856953355,0.004480468394093574,0.015493029170659934,0.03305614254324677,1.5493029170659933,3.305614254324677,5.417867892775137,6.031395359736956e-08,False,
EU,H1_session_depth,adjusted_sensitivity,90m_session_boundary,patch_15.24,0.03863364978333804,3.863364978333804,0.004868684066742855,0.029091204360418038,0.04817609520625804,2.9091204360418037,4.817609520625804,7.935131804348914,2.1027189788708503e-15,False,
EU,H1_session_depth,adjusted_sensitivity,90m_session_boundary,patch_16.1,0.04842490928644074,4.842490928644074,0.005404251435876448,0.03783277110872403,0.05901704746415745,3.7832771108724033,5.901704746415745,8.960521149139929,3.2314746061001465e-19,False,
EU,H1_session_depth,adjusted_sensitivity,90m_session_boundary,patch_16.2,0.036779598721031835,3.6779598721031834,0.006134093579598605,0.02475699622722019,0.04880220121484348,2.475699622722019,4.880220121484348,5.995930489772308,2.0232355628157276e-09,False,
EU,H2_post_loss_requeue,behavior_only,categorical_requeue_gap,post_loss_gap_5-10m,-0.0028761468595908052,-0.2876146859590805,0.0025462743228161235,-0.007866752827069522,0.002114459107887912,-0.7866752827069522,0.2114459107887912,-1.1295510596870215,0.25866544294019916,True,<=5m
EU,H2_post_loss_requeue,behavior_only,categorical_requeue_gap,post_loss_gap_10-20m,-0.008808152376006118,-0.8808152376006119,0.003324726228090578,-0.015324496041519352,-0.0022918087104928844,-1.5324496041519353,-0.22918087104928844,-2.6492865191684443,0.008066191478717328,True,<=5m
EU,H2_post_loss_requeue,behavior_only,categorical_requeue_gap,post_loss_gap_20-30m,-0.0018459366700959092,-0.18459366700959093,0.0052386306951302634,-0.012113464160857254,0.008421590820665436,-1.2113464160857255,0.8421590820665437,-0.3523700710210129,0.7245607442995543,True,<=5m
EU,H2_post_loss_requeue,behavior_only,categorical_requeue_gap,post_loss_gap_30-60m,-0.0038930652948764915,-0.38930652948764916,0.0037843748286765008,-0.011310303663082371,0.003524173073329387,-1.131030366308237,0.3524173073329387,-1.0287208511631505,0.3036108688277958,True,<=5m
EU,H2_post_loss_requeue,behavior_only,categorical_requeue_gap,post_loss_gap_1-2h,-0.00012326988369719448,-0.012326988369719448,0.004165530530095817,-0.008287559699187035,0.008041019931792646,-0.8287559699187035,0.8041019931792647,-0.02959284124952962,0.9763917746701242,True,<=5m
EU,H2_post_loss_requeue,behavior_only,categorical_requeue_gap,post_loss_gap_2-6h,-0.0040911883420909935,-0.40911883420909934,0.003849143438471688,-0.011635370852824168,0.00345299416864218,-1.1635370852824167,0.345299416864218,-1.062882796520415,0.28783510558416453,True,<=5m
EU,H2_post_loss_requeue,behavior_only,categorical_requeue_gap,post_loss_gap_6-24h,0.004861477782370876,0.4861477782370876,0.0030323183205182925,-0.0010817569155059615,0.010804712480247714,-0.10817569155059616,1.0804712480247713,1.6032214525353454,0.10888577083698014,True,<=5m
EU,H2_post_loss_requeue,behavior_only,categorical_requeue_gap,post_loss_gap_>24h,-0.0014773790415916776,-0.14773790415916777,0.003382413781921341,-0.008106788234969423,0.0051520301517860665,-0.8106788234969422,0.5152030151786067,-0.4367824686287996,0.6622691143262247,True,<=5m
EU,H2_post_loss_requeue,adjusted,categorical_requeue_gap,post_loss_gap_5-10m,-0.0016390459628127742,-0.1639045962812774,0.0025518389413617224,-0.0066405583822285695,0.0033624664566030207,-0.664055838222857,0.33624664566030205,-0.6422999258480396,0.5206784624158032,True,<=5m
EU,H2_post_loss_requeue,adjusted,categorical_requeue_gap,post_loss_gap_10-20m,-0.006711802878911591,-0.6711802878911591,0.003340664432269503,-0.013259384850593765,-0.00016422090722941884,-1.3259384850593765,-0.016422090722941884,-2.0091221417147493,0.04452418203080224,True,<=5m
EU,H2_post_loss_requeue,adjusted,categorical_requeue_gap,post_loss_gap_20-30m,3.746269113190244e-05,0.003746269113190244,0.005237948421494991,-0.010228727567876707,0.010303652950140511,-1.0228727567876708,1.0303652950140512,0.007152168772446601,0.9942934436119892,True,<=5m
EU,H2_post_loss_requeue,adjusted,categorical_requeue_gap,post_loss_gap_30-60m,-0.0036229091058303906,-0.3622909105830391,0.004217504089555878,-0.011889065226010301,0.004643247014349521,-1.1889065226010302,0.46432470143495214,-0.8590173308431573,0.3903309544689241,True,<=5m
EU,H2_post_loss_requeue,adjusted,categorical_requeue_gap,post_loss_gap_1-2h,0.0007672469669755061,0.07672469669755061,0.00447387782002696,-0.008001392431509905,0.009535886365460917,-0.8001392431509905,0.9535886365460917,0.1714948413523914,0.8638346863613058,True,<=5m
EU,H2_post_loss_requeue,adjusted,categorical_requeue_gap,post_loss_gap_2-6h,-0.002364619693635867,-0.2364619693635867,0.0041643788250420935,-0.010526652208699598,0.005797412821427863,-1.0526652208699598,0.5797412821427863,-0.5678205064862142,0.5701568539997721,True,<=5m
EU,H2_post_loss_requeue,adjusted,categorical_requeue_gap,post_loss_gap_6-24h,0.008631407853058215,0.8631407853058215,0.0035441516900043134,0.0016849981849029949,0.015577817521213434,0.1684998184902995,1.5577817521213435,2.4353945903053913,0.014875558039314101,True,<=5m
EU,H2_post_loss_requeue,adjusted,categorical_requeue_gap,post_loss_gap_>24h,-0.004348975013011809,-0.43489750130118093,0.003916253556933338,-0.012024690938928034,0.003326740912904415,-1.2024690938928033,0.3326740912904415,-1.1104937281990797,0.266786329242203,True,<=5m
EU,H2_post_loss_requeue,adjusted,categorical_requeue_gap,prior_win_rate,-0.29613522819177224,-29.613522819177224,0.011708714680284601,-0.31908388727038545,-0.27318656911315903,-31.908388727038545,-27.3186569113159,-25.29186475868367,3.925348975817262e-141,False,
EU,H2_post_loss_requeue,adjusted,categorical_requeue_gap,log1p_prior_matches,0.002949974942130673,0.2949974942130673,0.0018673650096610384,-0.0007099932227952522,0.006609943107056598,-0.07099932227952523,0.6609943107056598,1.5797527140482024,0.11416350839657927,False,
EU,H2_post_loss_requeue,adjusted,categorical_requeue_gap,log1p_prev_kda,0.009701436225615935,0.9701436225615935,0.0019992261522150546,0.0057830249703238355,0.013619847480908033,0.5783024970323836,1.3619847480908034,4.852595698024043,1.2185594989727935e-06,False,
EU,H2_post_loss_requeue,adjusted,categorical_requeue_gap,log1p_prev_loss_streak,0.009980036316827106,0.9980036316827106,0.0021851430097115402,0.005697234716723029,0.014262837916931182,0.5697234716723029,1.4262837916931181,4.567223413969855,4.94227166299802e-06,False,
EU,H2_post_loss_requeue,adjusted,categorical_requeue_gap,prev_queue_was_flex440,-0.003659678056408935,-0.3659678056408935,0.007592751168989456,-0.018541196891202663,0.011221840778384793,-1.8541196891202663,1.1221840778384793,-0.4819963113444179,0.6298085666243226,False,
EU,H2_post_loss_requeue,adjusted,categorical_requeue_gap,session_depth_control,-0.000858072464252861,-0.0858072464252861,0.0006968812314439993,-0.002223934579385021,0.0005077896508792994,-0.22239345793850213,0.050778965087929936,-1.231303736613568,0.21820928488719782,False,
EU,H2_post_loss_requeue,adjusted,categorical_requeue_gap,recent_volume_control,0.0013153636201563312,0.13153636201563312,0.000644695978905489,5.178272052377823e-05,0.0025789445197888844,0.005178272052377823,0.25789445197888844,2.040285131589382,0.04132193483403557,False,
EU,H2_post_loss_requeue,adjusted,categorical_requeue_gap,patch_15.21,0.019584569195474417,1.9584569195474417,0.0060647877053132205,0.007697803719179186,0.03147133467176965,0.7697803719179186,3.147133467176965,3.229225843852181,0.0012412582911077343,False,
EU,H2_post_loss_requeue,adjusted,categorical_requeue_gap,patch_15.22,0.031550567741613765,3.1550567741613764,0.006247148477060522,0.019306381720500893,0.04379475376272664,1.9306381720500894,4.379475376272664,5.050395049432104,4.408972956208314e-07,False,
EU,H2_post_loss_requeue,adjusted,categorical_requeue_gap,patch_15.23,0.03277257785788024,3.2772577857880245,0.00672416804587257,0.01959345066197493,0.045951705053785555,1.9593450661974932,4.595170505378555,4.8738487251217215,1.0944480855561628e-06,False,
EU,H2_post_loss_requeue,adjusted,categorical_requeue_gap,patch_15.24,0.043615244768667884,4.361524476866788,0.007234650296377227,0.02943559074702649,0.057794898790309274,2.943559074702649,5.779489879030927,6.028659711514784,1.6532497022213767e-09,False,
EU,H2_post_loss_requeue,adjusted,categorical_requeue_gap,patch_16.1,0.04850466669983997,4.850466669983997,0.008093277973823997,0.03264213335427364,0.0643672000454063,3.2642133354273644,6.43672000454063,5.993204095635675,2.057463654387337e-09,False,
EU,H2_post_loss_requeue,adjusted,categorical_requeue_gap,patch_16.2,0.03306648743431159,3.3066487434311593,0.00948243721171214,0.014481252013693383,0.051651722854929805,1.4481252013693384,5.1651722854929805,3.4871295950654795,0.00048823471077554746,False,
EU,H2_post_loss_requeue,adjusted_continuous_sensitivity,log2_1plus_gap,log2_1plus_post_loss_gap,0.0002537177158089239,0.025371771580892388,0.0003275928551792757,-0.00038835248193510213,0.00089578791355295,-0.03883524819351021,0.08957879135529499,0.7744909933095961,0.43864049235147856,True,continuous: effect per doubling of (1+gap minutes)
EU,H2_post_loss_requeue,adjusted_continuous_sensitivity,log2_1plus_gap,prior_win_rate,-0.29401634734991755,-29.401634734991756,0.011700929229950884,-0.3169497472262733,-0.2710829474735618,-31.69497472262733,-27.108294747356183,-25.127606668821098,2.4835362331236305e-139,False,
EU,H2_post_loss_requeue,adjusted_continuous_sensitivity,log2_1plus_gap,log1p_prior_matches,0.0035719191921497542,0.3571919192149754,0.001861659362877683,-7.686611057228796e-05,0.007220704494871796,-0.007686611057228796,0.7220704494871796,1.918674953847849,0.05502548315965995,False,
EU,H2_post_loss_requeue,adjusted_continuous_sensitivity,log2_1plus_gap,log1p_prev_kda,0.009688790730809013,0.9688790730809014,0.0019983427740951115,0.005772110864816733,0.013605470596801294,0.5772110864816733,1.3605470596801295,4.8484128230684975,1.2445320080608404e-06,False,
EU,H2_post_loss_requeue,adjusted_continuous_sensitivity,log2_1plus_gap,log1p_prev_loss_streak,0.010095656081549413,1.0095656081549413,0.0021847123161233837,0.0058136986253664955,0.01437761353773233,0.5813698625366496,1.437761353773233,4.62104598717301,3.818101216314824e-06,False,
EU,H2_post_loss_requeue,adjusted_continuous_sensitivity,log2_1plus_gap,prev_queue_was_flex440,-0.0034859640206938883,-0.3485964020693888,0.007601180016179089,-0.01838400309241049,0.011412075051022711,-1.8384003092410488,1.1412075051022712,-0.458608270462484,0.6465154964475768,False,
EU,H2_post_loss_requeue,adjusted_continuous_sensitivity,log2_1plus_gap,session_depth_control,-0.0007462961367069032,-0.07462961367069032,0.0005883303220537538,-0.0018994023789451117,0.00040681010553130534,-0.18994023789451117,0.04068101055313053,-1.2684985096496806,0.20461998260765954,False,
EU,H2_post_loss_requeue,adjusted_continuous_sensitivity,log2_1plus_gap,recent_volume_control,0.0006977794148923522,0.06977794148923522,0.0005737856850854177,-0.0004268198627197077,0.001822378692504412,-0.04268198627197077,0.1822378692504412,1.21609763545857,0.22394773118804248,False,
EU,H2_post_loss_requeue,adjusted_continuous_sensitivity,log2_1plus_gap,patch_15.21,0.018860677061050553,1.8860677061050553,0.006066931717223331,0.00696970939862908,0.030751644723472027,0.696970939862908,3.0751644723472027,3.108766991312467,0.001878698166312071,False,
EU,H2_post_loss_requeue,adjusted_continuous_sensitivity,log2_1plus_gap,patch_15.22,0.030540760820068534,3.0540760820068535,0.0062488711777438696,0.01829319836766016,0.042788323272476905,1.829319836766016,4.278832327247691,4.887404452958359,1.0217405413955215e-06,False,
EU,H2_post_loss_requeue,adjusted_continuous_sensitivity,log2_1plus_gap,patch_15.23,0.03167660053466466,3.167660053466466,0.0067236322577572645,0.018498523464168692,0.044854677605160626,1.8498523464168692,4.485467760516062,4.711233351306264,2.4622210595613746e-06,False,
EU,H2_post_loss_requeue,adjusted_continuous_sensitivity,log2_1plus_gap,patch_15.24,0.042354803934890016,4.235480393489001,0.007227876548344375,0.02818842621543336,0.05652118165434667,2.818842621543336,5.6521181654346675,5.859923540696313,4.63080336694965e-09,False,
EU,H2_post_loss_requeue,adjusted_continuous_sensitivity,log2_1plus_gap,patch_16.1,0.04747882982360875,4.747882982360875,0.008085293999402634,0.03163194478036177,0.06332571486685573,3.163194478036177,6.332571486685573,5.872245316882309,4.299318986665162e-09,False,
EU,H2_post_loss_requeue,adjusted_continuous_sensitivity,log2_1plus_gap,patch_16.2,0.031739892829364215,3.1739892829364216,0.009473704336571662,0.013171773529502832,0.0503080121292256,1.3171773529502833,5.03080121292256,3.3503149034150908,0.0008071973695389665,False,
EU,H3_recent_volume,behavior_only,6h_window,recent_games_1,-6.934937601881922e-05,-0.006934937601881922,0.0016411710050494497,-0.003285985438387144,0.0031472866863495054,-0.3285985438387144,0.3147286686349505,-0.04225603292127969,0.9662945946028411,True,0 recent ranked games
EU,H3_recent_volume,behavior_only,6h_window,recent_games_2,0.0014841900908577179,0.1484190090857718,0.001772927498291214,-0.00199068395299376,0.004959064134709196,-0.19906839529937598,0.4959064134709196,0.8371408826859601,0.4025133825772187,True,0 recent ranked games
EU,H3_recent_volume,behavior_only,6h_window,recent_games_3,0.002106152835447494,0.21061528354474943,0.0019272580989104977,-0.0016712036273302143,0.005883509298225203,-0.16712036273302142,0.5883509298225202,1.092823445203384,0.27447132563636983,True,0 recent ranked games
EU,H3_recent_volume,behavior_only,6h_window,recent_games_4,0.004964774585096578,0.4964774585096578,0.002083863460309155,0.0008804772541916219,0.009049071916001534,0.0880477254191622,0.9049071916001534,2.3824855513134344,0.01719620679269222,True,0 recent ranked games
EU,H3_recent_volume,behavior_only,6h_window,recent_games_5,0.003024066369125451,0.3024066369125451,0.002305286130642136,-0.0014942114209928335,0.007542344159243736,-0.14942114209928337,0.7542344159243736,1.3117965396699363,0.18958879279298896,True,0 recent ranked games
EU,H3_recent_volume,behavior_only,6h_window,recent_games_6+,0.0036744249164706614,0.36744249164706616,0.0017223990539380711,0.00029858480374618003,0.007050265029195143,0.029858480374618003,0.7050265029195143,2.1333180066892763,0.03289864806019945,True,0 recent ranked games
EU,H3_recent_volume,adjusted,6h_window,recent_games_1,-0.006213158177276718,-0.6213158177276719,0.0028215180737374904,-0.011743231983531027,-0.0006830843710224086,-1.1743231983531026,-0.06830843710224085,-2.2020621576407384,0.02766091810573706,True,0 recent ranked games
EU,H3_recent_volume,adjusted,6h_window,recent_games_2,-0.004378130652320492,-0.4378130652320492,0.0028614289037283288,-0.009986428247949946,0.0012301669433089617,-0.9986428247949946,0.12301669433089618,-1.5300504746478099,0.1260042356439468,True,0 recent ranked games
EU,H3_recent_volume,adjusted,6h_window,recent_games_3,-0.003552351883220924,-0.3552351883220924,0.002992109230219986,-0.009416778212261962,0.0023120744458201142,-0.9416778212261963,0.23120744458201142,-1.1872400403509826,0.23513295130683126,True,0 recent ranked games
EU,H3_recent_volume,adjusted,6h_window,recent_games_4,-0.0006850938142005963,-0.06850938142005963,0.0031212875317800258,-0.006802704961883366,0.005432517333482174,-0.6802704961883366,0.5432517333482174,-0.21949077335079636,0.8262677664447914,True,0 recent ranked games
EU,H3_recent_volume,adjusted,6h_window,recent_games_5,-0.0025556084517238406,-0.2555608451723841,0.0032739795970055576,-0.008972490547973694,0.0038612736445260126,-0.8972490547973694,0.38612736445260126,-0.7805816670516968,0.43504857776890626,True,0 recent ranked games
EU,H3_recent_volume,adjusted,6h_window,recent_games_6+,-0.0018202578391281687,-0.18202578391281687,0.0030226670727221214,-0.007744576438918639,0.004104060760662302,-0.7744576438918639,0.4104060760662302,-0.6022025566609625,0.5470393140559875,True,0 recent ranked games
EU,H3_recent_volume,adjusted,6h_window,prior_win_rate,-0.2699221240733561,-26.992212407335607,0.007735080249415711,-0.28508260277973796,-0.2547616453669742,-28.508260277973797,-25.47616453669742,-34.895840168399715,8.596978380204548e-267,False,
EU,H3_recent_volume,adjusted,6h_window,log1p_prior_matches,-0.011275888373437367,-1.1275888373437368,0.0012184543904910684,-0.013664015095604564,-0.00888776165127017,-1.3664015095604565,-0.8887761651270171,-9.25425560565537,2.1572832578998562e-20,False,
EU,H3_recent_volume,adjusted,6h_window,log1p_prev_kda,0.006725105528261958,0.6725105528261958,0.001063741083945731,0.004640211314852727,0.008809999741671189,0.46402113148527274,0.8809999741671188,6.322126342358187,2.579883021492038e-10,False,
EU,H3_recent_volume,adjusted,6h_window,log1p_prev_loss_streak,-0.004593637770959639,-0.45936377709596393,0.002118835305366331,-0.008746478658649576,-0.0004407968832697024,-0.8746478658649576,-0.04407968832697024,-2.16800133513229,0.030158584954568,False,
EU,H3_recent_volume,adjusted,6h_window,prev_queue_was_flex440,-0.002788094759591484,-0.2788094759591484,0.005151128771836163,-0.012884121632118405,0.0073079321129354375,-1.2884121632118404,0.7307932112935438,-0.5412589906187968,0.5883290824761787,False,
EU,H3_recent_volume,adjusted,6h_window,prev_ranked_win,0.00043772160930798896,0.043772160930798894,0.0024715616353883593,-0.004406450181624112,0.0052818934002400895,-0.4406450181624112,0.528189340024009,0.17710325449327072,0.8594272856207636,False,
EU,H3_recent_volume,adjusted,6h_window,log1p_gap_from_prev_ranked,-0.0015601817741820738,-0.1560181774182074,0.0005713533895150933,-0.0026800138400765415,-0.0004403497082876061,-0.26800138400765416,-0.04403497082876061,-2.7306773755314513,0.006320431117397707,False,
EU,H3_recent_volume,adjusted,6h_window,session_depth_control,-1.1852389602145204e-05,-0.0011852389602145204,0.00043393899479114007,-0.0008623571908802938,0.0008386524116760035,-0.08623571908802938,0.08386524116760034,-0.027313492782205247,0.9782096952000385,False,
EU,H3_recent_volume,adjusted,6h_window,patch_15.21,0.006478875040157515,0.6478875040157515,0.003919147764282995,-0.0012025134279278283,0.014160263508242857,-0.12025134279278282,1.4160263508242856,1.6531336478819445,0.09830366668781498,False,
EU,H3_recent_volume,adjusted,6h_window,patch_15.22,0.01790957048428647,1.7909570484286472,0.004069055813127917,0.00993436763947241,0.02588477332910053,0.993436763947241,2.588477332910053,4.401406937330564,1.0755119643855962e-05,False,
EU,H3_recent_volume,adjusted,6h_window,patch_15.23,0.02388316041157733,2.388316041157733,0.0044798235454647185,0.015102867605371946,0.03266345321778271,1.5102867605371946,3.266345321778271,5.331272575625473,9.752690385685264e-08,False,
EU,H3_recent_volume,adjusted,6h_window,patch_15.24,0.03818965233583847,3.8189652335838473,0.004867736246230966,0.02864906460698558,0.047730240064691364,2.8649064606985584,4.773024006469137,7.845464586420082,4.313535621518588e-15,False,
EU,H3_recent_volume,adjusted,6h_window,patch_16.1,0.04800358584747725,4.800358584747725,0.005403872769799331,0.03741218984163386,0.05859498185332064,3.741218984163386,5.859498185332064,8.883182097801283,6.497447405907216e-19,False,
EU,H3_recent_volume,adjusted,6h_window,patch_16.2,0.03631087693515461,3.631087693515461,0.006134772075513775,0.024286944613785576,0.04833480925652365,2.4286944613785577,4.833480925652365,5.9188632418937335,3.2417437382610808e-09,False,
EU,H3_recent_volume,adjusted_sensitivity,3h_window,recent_games_1,-0.005601253619564318,-0.5601253619564318,0.0028245536521635467,-0.011137277050205945,-6.523018892269118e-05,-1.1137277050205945,-0.006523018892269118,-1.9830579657334104,0.047360955121259735,True,0 recent ranked games
EU,H3_recent_volume,adjusted_sensitivity,3h_window,recent_games_2,-0.002696841749351088,-0.26968417493510877,0.002945877168453047,-0.008470654902397894,0.0030769714036957183,-0.8470654902397894,0.30769714036957185,-0.9154630675817573,0.35994858253543544,True,0 recent ranked games
EU,H3_recent_volume,adjusted_sensitivity,3h_window,recent_games_3,-0.002358009956000776,-0.23580099560007758,0.0031061888731562562,-0.008446028276566092,0.0037300083645645404,-0.8446028276566092,0.37300083645645404,-0.7591328319983189,0.4477731008285732,True,0 recent ranked games
EU,H3_recent_volume,adjusted_sensitivity,3h_window,recent_games_4,0.003172735971858976,0.3172735971858976,0.0035104273041593266,-0.003707575114639338,0.01005304705835729,-0.37075751146393376,1.005304705835729,0.9038033541101286,0.3660996829050011,True,0 recent ranked games
EU,H3_recent_volume,adjusted_sensitivity,3h_window,recent_games_5,0.0053037832106043676,0.5303783210604368,0.004387288360314611,-0.0032951439654040583,0.013902710386612793,-0.3295143965404058,1.3902710386612793,1.2088977917612953,0.22670211464546539,True,0 recent ranked games
EU,H3_recent_volume,adjusted_sensitivity,3h_window,recent_games_6+,3.150239156702702e-05,0.0031502391567027016,0.007490220268584928,-0.014649059571131363,0.014712064354265416,-1.4649059571131364,1.4712064354265415,0.004205803092220481,0.9966442645400875,True,0 recent ranked games
EU,H3_recent_volume,adjusted_sensitivity,3h_window,prior_win_rate,-0.2699498674283758,-26.99498674283758,0.007733920859251326,-0.2851080737717915,-0.2547916610849601,-28.510807377179148,-25.47916610849601,-34.904658625444995,6.3179335032678975e-267,False,
EU,H3_recent_volume,adjusted_sensitivity,3h_window,log1p_prior_matches,-0.011246896966746352,-1.1246896966746351,0.001218447690823139,-0.0136350105578057,-0.008858783375687004,-1.36350105578057,-0.8858783375687005,-9.230512767559482,2.6933940291571682e-20,False,
EU,H3_recent_volume,adjusted_sensitivity,3h_window,log1p_prev_kda,0.0067392639403618185,0.6739263940361818,0.0010644079469130255,0.004653062699554067,0.00882546518116957,0.4653062699554067,0.882546518116957,6.331467140871032,2.4284089151000864e-10,False,
EU,H3_recent_volume,adjusted_sensitivity,3h_window,log1p_prev_loss_streak,-0.004665404870062987,-0.4665404870062987,0.002118235336090475,-0.008817069839580414,-0.0005137399005455592,-0.8817069839580414,-0.05137399005455592,-2.2024960072064985,0.027630290861406292,False,
EU,H3_recent_volume,adjusted_sensitivity,3h_window,prev_queue_was_flex440,-0.0026406902282156046,-0.2640690228215605,0.005150132391778186,-0.012734764231713977,0.007453383775282769,-1.2734764231713978,0.7453383775282768,-0.5127422029832234,0.6081316640870196,False,
EU,H3_recent_volume,adjusted_sensitivity,3h_window,prev_ranked_win,0.00033043688738293187,0.033043688738293185,0.002471261404374086,-0.004513146461574151,0.005174020236340015,-0.4513146461574151,0.5174020236340015,0.13371183105035542,0.8936304493545949,False,
EU,H3_recent_volume,adjusted_sensitivity,3h_window,log1p_gap_from_prev_ranked,-0.0017005729470455566,-0.17005729470455566,0.0006053781996915862,-0.0028870924154667625,-0.0005140534786243506,-0.28870924154667627,-0.051405347862435065,-2.8091083357674993,0.004967892607300358,False,
EU,H3_recent_volume,adjusted_sensitivity,3h_window,session_depth_control,-0.000917776698136529,-0.0917776698136529,0.0005854094927703399,-0.0020651582201742565,0.00022960482390119836,-0.20651582201742566,0.022960482390119837,-1.5677516498636264,0.11693910265596857,False,
EU,H3_recent_volume,adjusted_sensitivity,3h_window,patch_15.21,0.006549762640457796,0.6549762640457796,0.0039188059462628095,-0.0011309558766187172,0.014230481157534308,-0.11309558766187172,1.423048115753431,1.6713669240764557,0.09464922492324986,False,
EU,H3_recent_volume,adjusted_sensitivity,3h_window,patch_15.22,0.01801027079123326,1.801027079123326,0.0040717715443676535,0.010029745210997625,0.025990796371468897,1.0029745210997625,2.5990796371468896,4.423202676030847,9.72484328254581e-06,False,
EU,H3_recent_volume,adjusted_sensitivity,3h_window,patch_15.23,0.023973569402896317,2.3973569402896318,0.0044850757898821,0.015182982386794866,0.03276415641899777,1.5182982386794865,3.276415641899777,5.34518713306437,9.03236876763131e-08,False,
EU,H3_recent_volume,adjusted_sensitivity,3h_window,patch_15.24,0.038275006427259055,3.8275006427259055,0.004872213276052046,0.028725643881199137,0.04782436897331897,2.8725643881199137,4.782436897331897,7.855774010425359,3.9731087681474854e-15,False,
EU,H3_recent_volume,adjusted_sensitivity,3h_window,patch_16.1,0.04805629292154507,4.805629292154507,0.005409203495378774,0.0374544488855545,0.05865813695753564,3.74544488855545,5.865813695753564,8.884171757006524,6.439873117478139e-19,False,
EU,H3_recent_volume,adjusted_sensitivity,3h_window,patch_16.2,0.03633610849026888,3.633610849026888,0.006142644451059559,0.024296746596357333,0.04837547038418043,2.429674659635733,4.837547038418043,5.915385267659628,3.31099642287572e-09,False,
EU,H3_recent_volume,adjusted_sensitivity,12h_window,recent_games_1,-0.003889235263170593,-0.3889235263170593,0.002639036509413449,-0.009061651775507253,0.0012831812491660662,-0.9061651775507252,0.12831812491660663,-1.4737330269201212,0.14055348677802557,True,0 recent ranked games
EU,H3_recent_volume,adjusted_sensitivity,12h_window,recent_games_2,-0.0020706103965565325,-0.20706103965565326,0.0027355060600979283,-0.007432103753839533,0.0032908829607264677,-0.7432103753839533,0.3290882960726468,-0.7569386983856313,0.4490865895067188,True,0 recent ranked games
EU,H3_recent_volume,adjusted_sensitivity,12h_window,recent_games_3,-0.0005081744444908287,-0.05081744444908287,0.002813597141381999,-0.006022723508604398,0.00500637461962274,-0.6022723508604398,0.500637461962274,-0.18061379044521655,0.8566707306986248,True,0 recent ranked games
EU,H3_recent_volume,adjusted_sensitivity,12h_window,recent_games_4,0.00202336175366745,0.202336175366745,0.002970244812602929,-0.0037982111043012128,0.007844934611636113,-0.3798211104301213,0.7844934611636113,0.6812104325819217,0.4957383476877697,True,0 recent ranked games
EU,H3_recent_volume,adjusted_sensitivity,12h_window,recent_games_5,0.00016112924922170359,0.016112924922170358,0.003096695918070941,-0.005908283221269539,0.0062305417197129455,-0.5908283221269539,0.6230541719712945,0.052032635261804336,0.9585026894471494,True,0 recent ranked games
EU,H3_recent_volume,adjusted_sensitivity,12h_window,recent_games_6+,0.002498696823832703,0.2498696823832703,0.002694563255896438,-0.0027825501117893004,0.007779943759454707,-0.27825501117893003,0.7779943759454707,0.9273105088050444,0.353765339659984,True,0 recent ranked games
EU,H3_recent_volume,adjusted_sensitivity,12h_window,prior_win_rate,-0.2699095575710434,-26.99095575710434,0.00773627117667044,-0.2850723704519528,-0.25474674469013403,-28.50723704519528,-25.474674469013404,-34.88884391552674,1.0976170670545162e-266,False,
EU,H3_recent_volume,adjusted_sensitivity,12h_window,log1p_prior_matches,-0.01142977852350195,-1.142977852350195,0.0012211279754079957,-0.013823145375815934,-0.009036411671187966,-1.3823145375815935,-0.9036411671187966,-9.360016929988934,7.972391668222992e-21,False,
EU,H3_recent_volume,adjusted_sensitivity,12h_window,log1p_prev_kda,0.0067058514793972715,0.6705851479397271,0.0010636728222726919,0.004621091056408722,0.00879061190238582,0.4621091056408722,0.8790611902385821,6.304430590855225,2.8925531069282356e-10,False,
EU,H3_recent_volume,adjusted_sensitivity,12h_window,log1p_prev_loss_streak,-0.004628895037824524,-0.4628895037824524,0.0021188379868818364,-0.008781741181188275,-0.0004760488944607734,-0.8781741181188275,-0.04760488944607734,-2.18463849831038,0.028915362842162985,False,
EU,H3_recent_volume,adjusted_sensitivity,12h_window,prev_queue_was_flex440,-0.002884769982139679,-0.28847699821396794,0.005151521159024132,-0.012981565919423014,0.0072120259551436555,-1.2981565919423015,0.7212025955143655,-0.5599841082058469,0.5754902774052264,False,
EU,H3_recent_volume,adjusted_sensitivity,12h_window,prev_ranked_win,0.00035803343385856307,0.03580334338585631,0.0024706931360304082,-0.004484436129611357,0.005200502997328484,-0.44844361296113566,0.5200502997328483,0.144912141713319,0.8847802399280238,False,
EU,H3_recent_volume,adjusted_sensitivity,12h_window,log1p_gap_from_prev_ranked,-0.001010150197395643,-0.10101501973956431,0.000504783203257937,-0.0019995070957819615,-2.079329900932475e-05,-0.19995070957819616,-0.002079329900932475,-2.001156518037845,0.04537552518905425,False,
EU,H3_recent_volume,adjusted_sensitivity,12h_window,session_depth_control,-6.651516428581791e-05,-0.006651516428581791,0.0003907964100189912,-0.0008324620532105886,0.0006994317246389528,-0.08324620532105885,0.06994317246389528,-0.17020413335574278,0.8648496012025618,False,
EU,H3_recent_volume,adjusted_sensitivity,12h_window,patch_15.21,0.006515177901447608,0.6515177901447609,0.003919440527235185,-0.0011667843714800357,0.01419714017437525,-0.11667843714800356,1.4197140174375251,1.6622724228560968,0.09645816455210256,False,
EU,H3_recent_volume,adjusted_sensitivity,12h_window,patch_15.22,0.018006288963538578,1.8006288963538577,0.004070248312107031,0.010028748863673852,0.025983829063403303,1.002874886367385,2.5983829063403303,4.42387972005996,9.69440070450376e-06,False,
EU,H3_recent_volume,adjusted_sensitivity,12h_window,patch_15.23,0.024016578984886374,2.4016578984886374,0.004482753014143396,0.015230544525576947,0.0328026134441958,1.5230544525576948,3.28026134441958,5.357551243423942,8.43574466099675e-08,False,
EU,H3_recent_volume,adjusted_sensitivity,12h_window,patch_15.24,0.03842770672598463,3.8427706725984634,0.004870489839198672,0.028881722054086956,0.04797369139788231,2.8881722054086953,4.7973691397882305,7.889905942665314,3.0241437216317915e-15,False,
EU,H3_recent_volume,adjusted_sensitivity,12h_window,patch_16.1,0.048173574993439626,4.817357499343963,0.005406201815836673,0.037577614141244706,0.058769535845634546,3.7577614141244706,5.876953584563455,8.910798493005242,5.066632840634752e-19,False,
EU,H3_recent_volume,adjusted_sensitivity,12h_window,patch_16.2,0.036673053260699105,3.6673053260699104,0.0061388945400972905,0.024641041057218836,0.048705065464179374,2.4641041057218835,4.870506546417937,5.973885529579061,2.3166838696521627e-09,False,
EU,H3_recent_volume,adjusted_sensitivity,24h_window,recent_games_1,0.00733426650829838,0.7334266508298379,0.002711720857356808,0.002019391291752959,0.0126491417248438,0.2019391291752959,1.26491417248438,2.704653942680258,0.006837557955885746,True,0 recent ranked games
EU,H3_recent_volume,adjusted_sensitivity,24h_window,recent_games_2,0.007611380543035655,0.7611380543035655,0.0028568556327455592,0.002012046393823971,0.013210714692247338,0.20120463938239708,1.3210714692247338,2.664251023325528,0.007715996069924072,True,0 recent ranked games
EU,H3_recent_volume,adjusted_sensitivity,24h_window,recent_games_3,0.00912765881053438,0.9127658810534379,0.002968914866920213,0.003308692598205234,0.014946625022863525,0.3308692598205234,1.4946625022863524,3.0744090752601823,0.0021092000319445537,True,0 recent ranked games
EU,H3_recent_volume,adjusted_sensitivity,24h_window,recent_games_4,0.01316135212427813,1.3161352124278132,0.003039775122525313,0.007203502363027687,0.019119201885528573,0.7203502363027687,1.9119201885528574,4.329712427327273,1.4930418544318056e-05,True,0 recent ranked games
EU,H3_recent_volume,adjusted_sensitivity,24h_window,recent_games_5,0.013820736189677992,1.3820736189677991,0.0030775419498888755,0.0077888648069846245,0.01985260757237136,0.7788864806984624,1.985260757237136,4.4908360031215935,7.0944161531009086e-06,True,0 recent ranked games
EU,H3_recent_volume,adjusted_sensitivity,24h_window,recent_games_6+,0.016201630357555296,1.6201630357555297,0.0027092105138987995,0.010891675323776398,0.021511585391334194,1.0891675323776397,2.1511585391334194,5.980203559095037,2.228589478103906e-09,True,0 recent ranked games
EU,H3_recent_volume,adjusted_sensitivity,24h_window,prior_win_rate,-0.27029957078443523,-27.029957078443523,0.007735204817708427,-0.28546029364018444,-0.255138847928686,-28.546029364018445,-25.513884792868602,-34.94407415891958,1.593133594273567e-267,False,
EU,H3_recent_volume,adjusted_sensitivity,24h_window,log1p_prior_matches,-0.012696142527667226,-1.2696142527667227,0.0012477411895914202,-0.015141670321293573,-0.01025061473404088,-1.5141670321293572,-1.025061473404088,-10.175301283293091,2.5560774451675306e-24,False,
EU,H3_recent_volume,adjusted_sensitivity,24h_window,log1p_prev_kda,0.006624251857024015,0.6624251857024015,0.001063670609612456,0.004539495770769838,0.008709007943278193,0.4539495770769838,0.8709007943278193,6.227728581724688,4.732459902524594e-10,False,
EU,H3_recent_volume,adjusted_sensitivity,24h_window,log1p_prev_loss_streak,-0.0045906014321757055,-0.45906014321757055,0.0021179136349915436,-0.00874163587912544,-0.00043956698522597,-0.874163587912544,-0.043956698522596996,-2.167511156418819,0.030195899945957047,False,
EU,H3_recent_volume,adjusted_sensitivity,24h_window,prev_queue_was_flex440,-0.0027863962895413835,-0.27863962895413835,0.005147898403117532,-0.012876091755723004,0.007303299176640236,-1.2876091755723005,0.7303299176640237,-0.5412687025551943,0.5883223893499953,False,
EU,H3_recent_volume,adjusted_sensitivity,24h_window,prev_ranked_win,0.00021480054542714054,0.021480054542714053,0.0024702677721862893,-0.0046268353202279814,0.005056436411082262,-0.46268353202279816,0.5056436411082262,0.0869543568699976,0.9307077925660692,False,
EU,H3_recent_volume,adjusted_sensitivity,24h_window,log1p_gap_from_prev_ranked,0.00042741710508135614,0.04274171050813561,0.0003782468649119313,-0.00031393312741121625,0.0011687673375739285,-0.03139331274112162,0.11687673375739285,1.129995103015258,0.2584782879336093,False,
EU,H3_recent_volume,adjusted_sensitivity,24h_window,session_depth_control,0.0004374143655067808,0.04374143655067808,0.00035356189738197777,-0.00025555421966754204,0.0011303829506811036,-0.025555421966754203,0.11303829506811036,1.2371648889365794,0.21602587362394168,False,
EU,H3_recent_volume,adjusted_sensitivity,24h_window,patch_15.21,0.007112781488427984,0.7112781488427984,0.003921067022879005,-0.0005723686573825583,0.014797931634238527,-0.05723686573825583,1.4797931634238526,1.8139913056639092,0.06967906431988106,False,
EU,H3_recent_volume,adjusted_sensitivity,24h_window,patch_15.22,0.018921266950320863,1.8921266950320863,0.004072716681241801,0.010938888935851437,0.026903644964790287,1.0938888935851436,2.6903644964790288,4.645858877802329,3.38664466735782e-06,False,
EU,H3_recent_volume,adjusted_sensitivity,24h_window,patch_15.23,0.025067396319238912,2.506739631923891,0.004484939368169812,0.016277076684780255,0.03385771595369757,1.6277076684780254,3.3857715953697567,5.5892386187303735,2.280673768649068e-08,False,
EU,H3_recent_volume,adjusted_sensitivity,24h_window,patch_15.24,0.040046977461483516,4.004697746148351,0.004881452254088741,0.030479506851217718,0.04961444807174931,3.047950685121772,4.9614448071749315,8.20390641492803,2.3269927413865125e-16,False,
EU,H3_recent_volume,adjusted_sensitivity,24h_window,patch_16.1,0.04971557239792487,4.971557239792487,0.005412169238919068,0.039107915611407945,0.0603232291844418,3.9107915611407944,6.03232291844418,9.185886509316584,4.0815135230950667e-20,False,
EU,H3_recent_volume,adjusted_sensitivity,24h_window,patch_16.2,0.038728870232275586,3.8728870232275585,0.006152751034885359,0.026669699798058735,0.05078804066649244,2.6669699798058737,5.078804066649243,6.294561572975657,3.0826989663059587e-10,False,
