seed_riot_id,status,distinct_puuids_seen,player_id
The Face Farter#EUW,resolved_unique,1,6e3476873f754bea0932d4df54ea4a48
Agurin#DND,resolved_unique,1,8afc955592957a68000fab7616e556df
Kozi#Z10,resolved_unique,1,940dc08ac17fdee6c9de0b727bdb4ade
JG top boy#lync1,resolved_unique,1,2e4330c227a630096caa2da1261b32db
Kenal#EUW,resolved_unique,1,26a21a18d9db5c1de1cc21d3fe9fac11
TheRoyalKanin#EUW,resolved_unique,1,a298d378eb395af4a76b6ad8964c9154
Thumbs Down#4847,resolved_unique,1,44c34463033654ee4bf81025c0252c15
TWTV Peng04#Yuqi,resolved_unique,1,3d1580521d35b934f2c81b7ddc6ce8d0
VIT Fleshy#EU1,resolved_unique,1,a3e1133d00e06c0ca0404d295de3b639
Perly khder#SIL,resolved_unique,1,b8adf75d6c6a485e2ffa81d915ecc780
Céleste#6162,resolved_unique,1,6ecaaafd4d302e5ae87e68b9b227289e
Rush B P90#PT1,resolved_unique,1,89f0cce7744976f1ff707f26fb9b4360
Maynter#EUW,resolved_unique,1,c23e006d5f1a80a39cf14f8da783be64
Pun1sher Reborn#EUW,resolved_unique,1,b8787b09ed542f26b6e95f60b43dcf4d
XXXXXXXXY1#EUW,resolved_unique,1,9c8746388c200e827c410ddd5c22cf03
twtv Peng04#Aespa,resolved_unique,1,4886febd2a16abfbd2bf08f9a288b511
Mαster Oogwαy#EUW,resolved_unique,1,a78f5b8b038b04cab8ce53ef98332f92
NO Англ#SLAAY,resolved_unique,1,6306cfd67316fe8ca9ee0ae092552d08
TTV Guli#Guli,resolved_unique,1,248700ca6d63ef5139b5fd2e37b4a53a
the inescapable#RAT,resolved_unique,1,a34d6e0efe25f67bc9e0fe73bce7dd5e
JL Shift#2005,resolved_unique,1,a561022066dbee5cfeca360e57fe4367
ismααα#EUW,resolved_unique,1,e2d8170fab2974cc1af650627c70778c
Tοαst#EUW,resolved_unique,1,62a00c65eb2d8902c960b2791cee34c0
asdcxz#11111,resolved_unique,1,5e6a0d384d4776adaec777ea70ca10fd
Kaimietis3#EUW,resolved_unique,1,2a3be98a28c59b4b2b9797b13c36e53b
Michiel deRuyter#NLNLN,resolved_unique,1,726cffa810da13bd6f979e51663f5002
chains#free,resolved_unique,1,96c9bb6bc83d5f58778f89949dc8857e
ALBANIAN#iLevi,resolved_unique,1,a13185ef6d41b2845e20d5be6eb2f1a3
twtv Peng04#NMIXX,resolved_unique,1,da042450326572312eca15bca87460e9
KindheartedQueen#Gentl,resolved_unique,1,2a15cc1b4a4455ac4328a4243d5d5a1f
Koldo#1233,resolved_unique,1,ac9d128bf2201df5ff4b7d83f1de9a7f
Expedition 28#0211,resolved_unique,1,7fc10c14bc8d86ca18ee1b15765fe56c
ESCIK#EU1,resolved_unique,1,36905135203fe39fbfec84b9c79e274c
Wunderwear#GOAT,resolved_unique,1,ffec9bd09e45582cbdd82a9783964376
G2 SkewMond#3327,resolved_unique,1,0bddc7ac836f00484949de7044bd6eac
LOCK TF INNNNNNN#6802,resolved_unique,1,9d3a6fbe2acf07a75795f7d2ccc1453e
Odysseus#131,resolved_unique,1,20ef517e7a0e3c4acfb27e5cd64b58f6
아엘카의 남편#UMP45,resolved_unique,1,a2f00f853fb09125d209bc55f5e4d7bd
TwTv LadicusVibe#Vayne,resolved_unique,1,3cb8f46eb359a0234824deee295a755c
Ryuk#adc,resolved_unique,1,f8bdaf203de621a178cd6651518bc525
zxcvfs#5093,resolved_unique,1,2aa737e1f1e32d350b5bf234a97075ca
LR Rekkles#LRAT,resolved_unique,1,6207a1cab12dd05970a63cf4859b3591
B O O S H I#STAR,resolved_unique,1,78eb5764bcb20f7029970e0596f1d6a3
Numb#2036,resolved_unique,1,6bad78d862566e8237e8fdb5fc3b427c
DONT GET C#EUW,resolved_unique,1,ef3733569941a41c538876edda5ba6e4
TwTv Keksereslol#katar,resolved_unique,1,2915661c7618c8031bcc0f0b0ac3ba2d
Thayger#SOUL,resolved_unique,1,79ed6e43db88857b04b58732132e1bb7
NONAME#gromp,resolved_unique,1,385edca6add9cb6d53586f98ec9f0ff1
unforgiven#12321,resolved_unique,1,6c9ef75f9467fb66226fed321376e157
pt4#000,resolved_unique,1,74ba754190ea10666e74002615f94b91
kolejkawygranych#win,resolved_unique,1,573daeedb796b70319e461b6f4d0a21e
Walid Georgey#EUW,resolved_unique,1,aec37a36671fb7d22cc5fb8e73c1d91a
consistency#2026,resolved_unique,1,d3b73d354841d7ef2a7cf6fab7264091
TTV Guli#00000,resolved_unique,1,ed7fbce165355675dc6c21050288bad0
3XA#2809,resolved_unique,1,0dd3c970e7fad2da0b9d416b11c77469
MetroArcher#EUW,resolved_unique,1,573fcc9f85b7d4796155c1253f4d0e83
Xagog#LoL,resolved_unique,1,f0ddde560982364e1048f6cbaadafdaa
TryhardEkko#0407,resolved_unique,1,5801fb0aa17b7f3cbf76096db04decb4
NattyNatt#2005,resolved_unique,1,9859e4798307f0b1ef077fec10ce6f91
Soldier#0710,resolved_unique,1,9a033e36d79e0350a28b29f0fd9ff6a9
QQ Pawelek6#EUW,resolved_unique,1,606b3793949696dc456dd7c00b490e81
skygge kriger#EUV,resolved_unique,1,5207983f4ddc0c853855b85884fcd885
Yuros#00000,resolved_unique,1,6578774e97c41e961e98625fa7456bd1
LOOK OUTSIDE#SYBIL,resolved_unique,1,fb9d4db3b5be9a465b9ecaba58f5bd88
Dekap#EUW,resolved_unique,1,a9e741b1d9fcefc72f3354af499f10cb
G2 Hans Sama#12838,resolved_unique,1,131a2e68085bf2cd498cd486d5e55c09
Greed#1031,resolved_unique,1,13a873a5ef73cdda6cbdb34d26ed02a8
Alexandre Hakim#2007,resolved_unique,1,9ae7cf18673060aab563a62359bf673d
AbbedaggÆ#EUW,resolved_unique,1,270952c7495b1fc9f60917677a352b8a
BIN ICH NICHT#FIXED,resolved_unique,1,20c2080c44dcaf29c24d21da42a84ca1
Foutriquet#FOU,resolved_unique,1,91f8dae175df52c0087d95d97b265e87
yukino cat#blue,resolved_unique,1,79d16cc9be569150fb5f04726a27273b
TwTv Keksereslol#Kata,resolved_unique,1,de7a9166dc05d129be7a87b818159e71
FNC Upset22#EUW,resolved_unique,1,2b7164ff33f1bfac352431b749099e14
Opossos#侘 寂,resolved_unique,1,b56aee51694a975142859422ac0dfec3
avarice61#51483,resolved_unique,1,52f4e0b66bdde51a21d41c40b6a91110
Autumn Leaf#Seal,resolved_unique,1,f5ffd95c6f7c033f311904a111cb6675
JEZUUU#0814,resolved_unique,1,2bb9a42e49890aae193168011356d1e6
zabujcastworuwpl#pve,resolved_unique,1,01d28b8162d92534fd3a4b3b8102deea
wishful thinking#Densi,resolved_unique,1,bbed168e7e8f2451ce164e5a16ec807d
yebit#haha,resolved_unique,1,13f92e88a356ac3579ea160ef521bf90
Reeker#KZN,resolved_unique,1,12cc10ec34532a21dec83db7c90714aa
qweasdx#EUW,resolved_unique,1,367c241d9711ca3b9fb776c6c5a792c3
ttv pumpTM#1070,resolved_unique,1,70cc9dadc8e883baca218aadefbc02ed
Kijo73#ZTC,resolved_unique,1,0b65c964de9077ce34ab352e50c7bda1
chenzelot#LOT,resolved_unique,1,00935a2ceffe33b91e8079d8bd4bd24e
molodoy jg#FURIA,resolved_unique,1,7d45cc6d24f0df8fbd3cc66700ee7f79
정성훈#2003,resolved_unique,1,56f38ba563fc4b00381c9dac28eafd92
Lathyrus#EUW,resolved_unique,1,3adc4797c3bac376d49784ec31589de1
J1HUIV#000,resolved_unique,1,f3611999cd85aa4e764c24cda1b24426
Agurin#SKT,resolved_unique,1,0fb646162129f0d051f18ef7e94eadcf
Smile on face#Smile,resolved_unique,1,40b4f6fc6ec42d6b42522ad1dfb71bee
TWTV CruncyWM#JEWQ,resolved_unique,1,e36204a50d5c3f3ec5bd6c441de3b759
Pyrka#EUW4,resolved_unique,1,744389c83a583c82557781e99c278a5a
Coach Kirei#Coach,resolved_unique,1,ccacbcb3c866e0e1433ce4f91d8411a8
bedoes2115#SMOKI,resolved_unique,1,d13937bcfbf96375d55aefeb5d9529cb
iwanan#7596,resolved_unique,1,52196429868316f16c92ded4686e94ef
SIXTY5#EUW,resolved_unique,1,5d0179262d1a6e086081ec032a308dc4
Shaolin Nunu#00000,resolved_unique,1,f6282b3e55ab9dafe40ec1cd97a80011
ocsaV#EUW,resolved_unique,1,aa6ca66f97e5cdb405379cc5f9551207
platamon prodigy#0000,resolved_unique,1,0bf988878df7e066d60d47769743e838
Notiko#EUW01,resolved_unique,1,b5d3ec5dc167e4126ce82cbc74005bf2
CALIPPO DE LIMÓN#ÑAM,resolved_unique,1,52095f460fe4d883f36dd25739be7e07
gorillajones#123,resolved_unique,1,5f85a9b4f39e45adfcb3b75566ea8bd5
EWI Vizicsacsi#TOP,resolved_unique,1,9ce05cd0f2e7ab8ed8080130bd15c6f4
G4KG05#0023,resolved_unique,1,682755d24cc19b94c33fe648f5f40218
IWILLMAKEIT1#2509,resolved_unique,1,73cd0c2496cf93d8ea6cfa064f1bc23f
Spooder#euww,resolved_unique,1,84a0c0f04472633407c45dc955049f27
RAIKO TE OWN MDR#kata,resolved_unique,1,705bfecbe57725bb7bc626876ce287aa
RTZUIO#111,resolved_unique,1,7b403f06aaf60a98e676e0e98fc2036b
selenex#ツツツ,resolved_unique,1,9fc879e5a940d20d543082958fd72d79
Afroboi#depu,resolved_unique,1,c4c1765fc17d357cf0d8b44a2f72fc01
TWTV Wakatito#ELISE,resolved_unique,1,11f5e4caedff853a80b6c5b0558d1806
hovinko z kose#marek,resolved_unique,1,af7d4db55eff5aaea2e05f8720176615
Mishi#001,resolved_unique,1,7c8ec351490c083933dde0238aa70ff9
Frank Lundy#AGENT,resolved_unique,1,46b042bd0654b7a7688f9906a10f49af
Targamas#5555,resolved_unique,1,6f4c57289e6520d87352c56788c08985
Zanzarah#1996,resolved_unique,1,84f0a3ad2db5718053d29eb542d58795
Govno Smrdljivo#GOVNO,resolved_unique,1,397820605b5d94893b9237d86f1d8980
alix de souza#1111,resolved_unique,1,67106001c7b946af50956df813ea1b55
UCAM iLevi#ALB,resolved_unique,1,eb306363d0bf461832a5d117d9df856b
B Z#ZED,resolved_unique,1,2c5c0cbce7f123c88461d46f8372abde
Buggy2v9#EUW,resolved_unique,1,934ea40d379bbc05e990b33aa85e5a9d
Bisgaard#Mid,resolved_unique,1,6b5ecef2384ab8b13040be0682cc3ca8
murloc slayer#000,resolved_unique,1,17f2e058bfd64a331f62c6f6252520ce
TwTv SharonMirza#99999,resolved_unique,1,3ea25ae52b41915b8c38e252875489b6
ANDA#RIEL,resolved_unique,1,cf3bc7877300469f341df71731673427
Dark Wanderer#2956,resolved_unique,1,13ceb5439a6fd4793ea06488fd9ac75f
Argonaut#fire,resolved_unique,1,a4f9e6b15077c9b458dd58844382b3f2
KC Subfry#KCORP,resolved_unique,1,fb9b6bfaeb21afc3157aa05ba8ab2799
Shëun#2530,resolved_unique,1,e7bd3524d8f91c963be63143cc97fa24
OLEG INSEC#OLEG,resolved_unique,1,b3279e8639ad9fc0bcd2a484d7b9f9ea
Antonio#FORS,resolved_unique,1,8212adec61f1cb514dc15014011fb4d0
Relative#00003,resolved_unique,1,2459f02664721c76ff4449cfa7a88130
The Bitter Truth#Julia,resolved_unique,1,f72a93531a21f0a963c4dbc1b3eeb75f
Shending Help#guide,resolved_unique,1,fb31f464f5204e2e18216bab0c02a8aa
Nio#Nii,resolved_unique,1,a423b8143911bfd3977b2c425ea19c08
Plαnk#Plank,resolved_unique,1,1c2c1d1a23835bf6e02008d362c6286f
Panda#32111,resolved_unique,1,11120ab36411aee7718457d01767f2fd
Tockimo#freak,resolved_unique,1,06937f829bef4bbfdb548510c5631240
Closer#kral,resolved_unique,1,0d2b9c2d2d818a0b4255e18760e58298
EDGE BEAST#EUW,resolved_unique,1,e15136fa5c6d850707a1779c9386a57d
양귀비#LCK,resolved_unique,1,db900cc069f980fefda475e0903c88a6
ZY77 oo 7YZZ#DJIAI,resolved_unique,1,41a0cd2cb84ebd946fa6027d39e67dbc
Peter Decker#Argu,resolved_unique,1,1b9600d8dbc5478af9ed514ce911c84f
CROmpir#11111,resolved_unique,1,ef3c6af469fc637289870ee3d887a826
B Butcher#EUW,resolved_unique,1,8af886bd92e63d42d1286c5f7323a02b
Dark Magician#123,resolved_unique,1,7b1a86ab1758bd8183376eeef3fe8b74
humble Marty#EUW,resolved_unique,1,640d6bb50ef2ab9fb04c83e7a3183993
papabear68#bala,resolved_unique,1,0521b87e8266317172a4eaa3c40135eb
zwaker#T1WIN,resolved_unique,1,276ffc711de3ccf1ff13f51cff58f51e
SwiT#ZEUS,resolved_unique,1,57579acf8e2cbf36c4b236b9edb525ee
Łanz#EUW,resolved_unique,1,8b41d6fb0d857c96121419bf68cf83f4
2026#KR11,resolved_unique,1,e657cefa4c0d0945c46bb4bfc041db4c
faker baIIsack#0000,resolved_unique,1,4eec502d5b63aaba3cfd78a82e4aa8be
agrsv#EUW,resolved_unique,1,524030dda2ae49c8b68fbd53824c59cd
LR Rekkles#ADC,resolved_unique,1,fde154493781dd2200225fa400bfb03d
James Doakes#BOAT,resolved_unique,1,7d5d7b592244129f4a5edff2661803c6
Senne Lammens#keeps,resolved_unique,1,6d8a1dada9f6b37b148a1438eeda4d69
Maki Otsuki#0511,resolved_unique,1,2a03d05d92a5732d4561b9486ca598d3
maciek11#joker,resolved_unique,1,beece89c188f1ab2df577b06d2140ce7
Rinky#MMB,resolved_unique,1,eb2a70302cda506aed68f5f3fab7a5d9
Illyrian#2000,resolved_unique,1,f9371ab22d6f588ffd62bbf0bc6be963
Porcelain Heart#XDXD,resolved_unique,1,e8c7d97bb71fb59943c639d7b35670b1
Wilden#bruch,resolved_unique,1,0f674bcc63777fde4c5f096143176085
Ewigkeit#0000,resolved_unique,1,40f054fe5cb3df28a263b1599f47e05f
Turret Syndrome#HEIM,resolved_unique,1,460e5a7892ed338c8e0914e63631c387
G2 Labrov#8085,resolved_unique,1,327aa4f99bde11bafd6f3dcfecd81221
MadalBemm#EUW,resolved_unique,1,73e19792ba859997b223f11f1036aa58
twtv imtof#EUW2,resolved_unique,1,a3ede9e36c8e028467aa12eba8a1fd13
Creepano#EUW,resolved_unique,1,aba5edfb7b568c39b274fa63d6fa3e44
KC NEXT ADKING#EUW,resolved_unique,1,39b8665410ec41192bf552b696d04f06
Kuroko Tetsuya#DWG,resolved_unique,1,18424401c29aca8328f47aa7f55f5b40
Dieu inarrêtable#Sauvé,resolved_unique,1,15fad4e469164ec7438ecbb25d440a53
Dreilix#CN3,resolved_unique,1,3f3c3bba6c328a1fe2e5a606a4e9c107
TTVItsUniqueCORN#IMPRV,resolved_unique,1,8d859b7c537e87112dae5699217f660c
Mikelysha#kksrs,resolved_unique,1,9bf8fe3e50e2eebbdc2026c700cbdd70
Nevir#616,resolved_unique,1,1c790adb796220b414dc292cd4fdc426
Winter#Raizy,resolved_unique,1,e912d3013db879bc26cd45586318a359
thundercløuds#xxx,resolved_unique,1,c0545a18b674a1f72fbb9ab823a67580
EnasEnantiwnDio#Plz,resolved_unique,1,8d097cacb1253bb88226b0f2fffa164e
z7z7z7z7z7z7z7z7#z7z7z,resolved_unique,1,c871521d641abec251e44fd3032e231b
CrıstinaFerreira#certa,resolved_unique,1,e0220ab0567c523ad224586ae705150e
PoEs tk#EUW,resolved_unique,1,b3b806b5d6ebae8afde09ddc679fe2c1
raikooooo#EUW,resolved_unique,1,a215099b4c729c5e054f8ce97319d0d3
Rayito#EUW,resolved_unique,1,f19c8fd2de6fa56943257302ad2b3b76
Guggu#gaga,resolved_unique,1,6057474eaae1e123fd12a51f1e29750c
Po Gap#EUW,resolved_unique,1,6c5059f09edf78397d7701ec9a5c41b7
lovebomb#lie,resolved_unique,1,e2769f4e58f508bae8f366a72c0019cf
Calmsky#meow,resolved_unique,1,b6cb4107e4c62ee27d8ff05da65bc616
xhtao#3100,resolved_unique,1,364c6550ae2187b1d699b57ad25d5647
Drututt#MAKS,resolved_unique,1,07a446a8e35bfbeef6d05748f14657b6
IntAcc999#EUW,resolved_unique,1,501cef40292a4ea01f0213b63413eeb1
Nothing much#EUW,resolved_unique,1,a21ada102466e3707e23460f20d45eef
Twtv CruncyWM#drewL,resolved_unique,1,2345e9343257a5c043b5de2548effac1
秦始皇#Hao好,resolved_unique,1,a3c523cf6248e47171065a746d431c8b
Rychly#001,resolved_unique,1,fdde337996851cc31601ce3daebba7ec
qweasd1#cmna,resolved_unique,1,2e8c791f5d88cab9c1cd96ee80e539bc
NemonFly#twtv,resolved_unique,1,96566e74f6cd9f3d97152f1b0a6c42ab
fight fight#fight,resolved_unique,1,755ac3958302a5dee1dbbd72e426aa74
cat8#nid,resolved_unique,1,845d6424378a1d138a84c80c52521713
Red block#999,resolved_unique,1,c8d437f42171c88cd3e06118a4715d9f
Cekeliniomzumdan#62343,resolved_unique,1,03d45b2b4c5fed876954f5c8a41f2f1a
Only Spatula#999,resolved_unique,1,4f96c31f1206dada35546fd0ed0be1d4
alvarooo#000,resolved_unique,1,9a9fe53c2a3fea566963c3215faa38e6
BONJOUR L AMI#happy,resolved_unique,1,294f054319338bca3f8913dcf8df9cfe
Daksider#FOCUS,resolved_unique,1,110fd1f123df8dc54e75661bb9693d9c
EUW VILLAIN#0311,resolved_unique,1,e7deaf46c53b03b1ad9eb7aa1a9eb69e
Him#0905,resolved_unique,1,685ff1d6af72937c499484fa4cdd84b6
Kaori#EUW33,resolved_unique,1,28a2587c8047fc11084fd946e259cc71
Lonely Silence#UPGRD,resolved_unique,1,2dadbf257df8c02b082b1719242135f7
Nyxes#0001,resolved_unique,1,423baa8be24a6262178585f76754ab14
ronort59#Oog,resolved_unique,1,8cc45f4a9f5b2112f486262396503b95
zng zng zng#11111,resolved_unique,1,bda34ab38aabb50a524f08eb738842ca
SRAMON#GUWNO,resolved_unique,1,c3cdb94b068f27c59ecf03020866da28
Drali#2ACC,resolved_unique,1,fd7e08ad5b357cd8cbeddd260e4758e6
Kamus#ANKN,resolved_unique,1,237091538efeb870449027803f264c19
SUP Carry#999,resolved_unique,1,8f434c3b5ea8db1f66914373b70257f4
KDF DuDu#KING1,resolved_unique,1,194cf50e40db094902ee8d1589ea1841
xlb#0001,resolved_unique,1,ea76243553bf9e1a7d4bda1542c7e44c
Marth#ADC,resolved_unique,1,d2c8aae28eb5826e2664369e21577f30
Dark Passenger#1702,resolved_unique,1,54187b71cb70c9f0861acc4bdc1f4d8b
raiko#KM10,resolved_unique,1,17ab7afe000a9324db7c29d5b5663f4c
Veg#4483,resolved_unique,1,ceca340a36a984c9656d8cbfb231d6a0
Fezco#000,resolved_unique,1,b07a5eff505a0c13e703540b6cd82d43
Sati M#JNGL,resolved_unique,1,8ae547ce6ce8d5453ba4dba62bd06e0d
note#Ryuk,resolved_unique,1,fbc320c9699981bb758f40834a436f04
Venour#EUW,resolved_unique,1,db4b04c4c75ee32af2c025515e4e1e48
Sung Jinwoo#9942,resolved_unique,1,6318ea21d3703153513ed2fea534232a
Barsas#BRAND,resolved_unique,1,ea77405f1c0c18c7f205122b269a4879
AαrchΦiend#666,resolved_unique,1,10bf872d92cc170413f44354bcb978d3
BunnyBeast#BUNNY,resolved_unique,1,a4c40fa6c3054542169ec9b32d198174
laabuk#0124,resolved_unique,1,ac3deb439446a1c7ac5a77ed3446bbad
SNOMWBBDi6m7sNEH#0000,resolved_unique,1,4cfc416d43faa39a5c9055192882d653
CruncyWM#TW TV,resolved_unique,1,a754659204752e03de947970b038360a
he is god#71300,resolved_unique,1,418367573d9825f99ae5e183ed958b8b
ttv ronaldoo#123,resolved_unique,1,997060dbaae7d51ea4c3ad36b17d3255
SYN Raydio#Ray,resolved_unique,1,e3c26862a2ed658bf417253399992b98
Road2Narnia#EUW,resolved_unique,1,e0133ccc8a4d502f78ae1539d0db5470
Jonny227#Anna,resolved_unique,1,29d5776f840d2b8ef85628b9d879a50f
wK frx#EUW,resolved_unique,1,63e5ca848bdc4dc9bcdc8351069378b5
노즈2케이#2210,resolved_unique,1,9cf55737fe61fb9ae8a713fb09b9ac0a
twtv star zall#twtv,resolved_unique,1,caa0206af19b5d7e8db6c1dcddb52412
NEP Zerkome#EUW03,resolved_unique,1,ee76e46ef109616281c8e50b7a2462f8
LSNG#MOON,resolved_unique,1,14116d0c0dd067efea89b1f7f2593905
Am i Dreaming#00000,resolved_unique,1,6c5df094a788e2c8eb463c0798edd0be
Rhilech#15105,resolved_unique,1,bfb05042f8b25ea4392864564e883ff7
Nick Calathes#pass,resolved_unique,1,e11a5a83dd25bcafae0b4387578b6ce6
woxiangdabisai#123,resolved_unique,1,91fdb3d2344a165950df381c9b241c6c
doubt#qr1,resolved_unique,1,bee4c7e6c41833f677d2ad65137c8503
talent1919#jey,resolved_unique,1,fdb79813d6ce9d181bf45f1121a1b61e
emtwfwydw#9999,resolved_unique,1,f9500736f91d408c558be3378b34adcd
mimimi#cat,resolved_unique,1,306668ebdab0c0375a1d19a4953e6f81
TwTv Burgi41#HECA7,resolved_unique,1,48872b6e883b498ff2a2771c46b9889d
Żywiec#Orzeu,resolved_unique,1,ed48c87f7decbd515e1b3e9ca8a32bcd
Reminder#AURI,resolved_unique,1,2e33017744e6261a9a4edc6c144b95a7
spacing in#pain,resolved_unique,1,140122769aa12fbc82645552ccd94d73
Yen is my Wife#EUW,resolved_unique,1,a2f9f1c483d45baa363e418fd18c8192
Stanpelly#405,resolved_unique,1,2bb84f42d9440e2c78fc818fffafafad
SMRADOCH ROBO#EUW,resolved_unique,1,cf19983e11d24c1fae65cdc425a2ff44
Navi SamD#2026,resolved_unique,1,4771a8fd10ef1fd747fa8e9298da6ee1
LiL TommyG#EUW,resolved_unique,1,5ce1b8549ad070e65b40ab72b176418c
smurfeee#OSRS,resolved_unique,1,78cecfb7b29f7c89f6b6e248b95675c5
Mustafa#mudi,resolved_unique,1,a7e00a598665703da5b6b57686370375
Sasaki#sit,resolved_unique,1,0bdc6d43b5000d0e643d386a58238102
Denji#EUWW,resolved_unique,1,a6f2a12818c10d00d864afe54fca81a4
Marbirius#3113,resolved_unique,1,7b623c70841a6cee5ddd07c21d1ad611
reksai kitten#enjoy,resolved_unique,1,6bd8035254c107f02e5df721d058d382
JACKPOT#GAMBA,resolved_unique,1,dac5957e2a149221700c5fb15ef8cbfa
VAEII#EUW,resolved_unique,1,1622ecf0631d4423b550d418ad17bfab
Relative#00002,resolved_unique,1,61dcf423bd455910e7607578dba7c1cf
TheFlyingPotato#EUW,resolved_unique,1,bed73c45d960a8c1551b30603c1ad97c
WiIIyrex Fanboy#EUW,resolved_unique,1,594cf9aac886e4297f49633cb800d093
ad gap im sorry#Mango,resolved_unique,1,d10377810d2cf4d5149b84fa5a579602
2TA Vin#RKO,resolved_unique,1,7109a98671c340026098f8edaadb5390
Mentos#1323,resolved_unique,1,46aaf16026d6e8ac9ddc1f4bdb3bb79a
i cant sleep 2#3338,resolved_unique,1,e9e02f50decc0ed5bfc494ad1049e2ea
SenSen#EUWFR,resolved_unique,1,376a12fd9d4cf33aeeda2c3400259f60
Papadodi#1010,resolved_unique,1,1e3c66c41afc14dad0dc1851627d0be3
KED1111111#1310,resolved_unique,1,042bf49676ca31e41a70921b024e558d
QloTrGeSdV#EUW,resolved_unique,1,4cec98b7b59950a0a436b55f896bcafe
indoor fish#EUW,resolved_unique,1,efa2f3fce8262cde3bcc621f8efd2faa
Димитърлда#EUp,resolved_unique,1,ca412def4fefc78a464471960b65772c
G2 Jankos#unc2,resolved_unique,1,84305aea4baa9b3f697c6c52ec669d81
Pun1sher#Demon,resolved_unique,1,f1cba4ce26a49269e7ad408b54f00e0f
bro#han,resolved_unique,1,f518d90470e0cab31dbe9121b8f392b3
TwTv Kluckadell#2002,resolved_unique,1,9b5bb4c91b745aadef67b7feeea66dc5
Tsiperakos#MID,resolved_unique,1,8d55cd08c846ee834cbb6389f4cd74a2
DOVA#6324,resolved_unique,1,84723059b35c73df397c2ee2ccf2157a
You are amazing#9517,resolved_unique,1,39ce5b15dab77a1fb26b60780803ceb2
sootrebor#EUWPL,resolved_unique,1,097259001e21dc148c46ea85e4420764
Gerap#0001,resolved_unique,1,ea6d019f0f0e1ee6dc1ccbac15d47e19
SOILED PANTALOON#FART,resolved_unique,1,951f8829f9d1c65f3b15a3e855345bb3
Laogai#LAKE,resolved_unique,1,7efe78d6cb2aa4b4330bd88ffc84188f
Nida#Zed,resolved_unique,1,5e700c8a10fa83083aad5c6df2aae050
TwTv raiko#kata,resolved_unique,1,76e381c991bd71344020613a5db81d3d
EkkoSuna#SUNA,resolved_unique,1,0d043a163ee5271a7c5b9d0deaa80eff
Maximillion#PGS,resolved_unique,1,a7bdee9f016db61e561d4adb6b04f1db
silkysmath#6206,resolved_unique,1,886173e86f0946e533db1702d85ff34d
ObiDagsYTB#EUW,resolved_unique,1,882f0f2d01d46c0f9adf11fa80d07bd1
FEBIVEN#EUWW,resolved_unique,1,b7be090228d2e9dbea789fc54e5e72e4
Jonathan Bailey#zzz,resolved_unique,1,439278eb23a75fce3fc4b31571db67b1
JOHN WICK#BRKN,resolved_unique,1,21bb245711244351b498f7ea1d2b58a2
Antarctica#S B,resolved_unique,1,449af103bca2a9ffb7391283c4ce0bf3
Léonard#1756,resolved_unique,1,4b78fc27e4c12d5a9454d34e6f283d5e
Shikari#dregs,resolved_unique,1,9ffd903786dc8ff953ad7e0bae3913c4
c0st0m#dane,resolved_unique,1,223ab2c5eea31cc8c6ad8730ce9b3c9d
Spoodersussi#1352,resolved_unique,1,d1702841d0c079991fea07c70517002d
jellynauts#9999,resolved_unique,1,d80ea7463d0549c9762ad10330afd1b7
Biotic#123,resolved_unique,1,3c904ce64312039d18b48307d42fb184
Full Drip Nsurr#EUW,resolved_unique,1,4d9b80f4529881f8a33a2786561e738f
fubgun#exile,resolved_unique,1,90df91dc3eb78d382d8c8f91c984c6b3
Erdote#001,resolved_unique,1,155516f383540d9ffcbc2cc4287298e5
Kaboom#EUW1a,resolved_unique,1,29f4307048f1bf49c07c9b8c15c33413
Fluffy Hooker#EUW,resolved_unique,1,c87e64bd17f79977c4fd9d5010bcadc5
Theocacs#EUW,resolved_unique,1,803fb4d226ecec2d176ce12a2d607a0a
remove autofill#phrek,resolved_unique,1,b9cba962f68feec2513647d40607aa0d
GrandpaMentals#T2BOT,resolved_unique,1,bb8335c588ca5b29baf18810916c486e
majitel#hony,resolved_unique,1,da04520043296868c1b0fadc64b8a7e2
Slimeslimeoglu#3131,resolved_unique,1,b0d531453ec6bfd123247e1273d24d99
Sexelent#typsh,resolved_unique,1,e8bfafe3cd7e29a8ebac857c9d8244a4
TryhardEkko#Annia,resolved_unique,1,b17c2ca71a035ad2df6e4f2289b5f54f
DejaVu#BAD,resolved_unique,1,11a0133b14c0518bf37bf40c6dba52a2
CN1CN1CN1CN1CN1#CN1,resolved_unique,1,76ae3c1df4bf39a5ae81e817164883d8
Dreampull#EUW,resolved_unique,1,1c51d8f3aa84ceedd043f88fe8c2de9d
joebidenhotdog45#SWAG,resolved_unique,1,42997c73cf0e957eb321521cb7a65be5
Engage#EUW,resolved_unique,1,5f7f611dcad40d124a069d7c5173a8ff
marlοn#EUW,resolved_unique,1,50f79eee6f94061034453182aac432df
joeli#doss,resolved_unique,1,496f169534b871c181eb41c68d133bf7
TwitchTVxKenzuke#EUW,resolved_unique,1,fd4cedf7ca4e586d3eccf204fca83a5d
4GOOD#BRuj1,resolved_unique,1,98efe4264c9762c2bc89ece1a45d9816
babam1diva#simi,resolved_unique,1,24a1cfd413437dd42ec8088ccd8468bd
Shaolint Nunu#00000,resolved_unique,1,99e7173681d1378bc01248fd8cad010d
Αrt The Clοwn#EUW,resolved_unique,1,a954e6dea45caaf48ef214a1b42886b1
Köinzell#000,resolved_unique,1,63660015633f5cd626468ed068fa1ffe
KC Yiken#1111,resolved_unique,1,6157aef7ef57e35d262bafe3899d1a82
Red#KR31,resolved_unique,1,27d65914d36f169264e30b9ec3bbb9e9
K Man#EUW12,resolved_unique,1,531e410f43e63f77fb930af00755e3e8
L Vasco O#EUW,resolved_unique,1,34d085b189663d83add97ade394daace
Daviß#EUW,resolved_unique,1,19bb384f7458df1085e81c41e1e4aa20
Xiu4zQAQ#Omnos,resolved_unique,1,6b5fb56be0f82a11106245974223815c
Tali#Bali,resolved_unique,1,db34781704843204462e568f611e5ca1
Marek Brazda1#DOG,resolved_unique,1,33bfb005dfe2a0dcefaf32c809e4b94d
i love my gf#rhea,resolved_unique,1,696eb641cf05277e33d5f5f830d7918c
MagiFelix5#EUW,resolved_unique,1,d66ee2ab371e9934e2e0e573ca56906d
Cicciopotetor#EUW,resolved_unique,1,c991afd711c6adea0da596aa1dab4c7b
haha nice game#ffff,resolved_unique,1,834d6f6b3d2f6222438f4f51e3f73cd3
pyke4132#CNT,resolved_unique,1,fdf56ca399b9a672ab6556205ec2e62b
Morgenstern#009,resolved_unique,1,1372663bb464b6c88835e3e926413fce
septico1#EUW,resolved_unique,1,f475d1de20b0dd072a5fd1f6e1df4b8f
Awful Things#Koala,resolved_unique,1,1e13ad6b31ec7eb18500d9b8cadee314
Secret#6994,resolved_unique,1,02197893f02eb0b9ec52d45bb5a88092
Nethi#easy,resolved_unique,1,7b9999bdfebbe625d9cec1a9813eb8f5
Apophis#2093,resolved_unique,1,f2b6a0d8b1abc4af9c6dd90254e4590a
CristianoRonaldo#028,resolved_unique,1,edaf570a248e1eaa0f6cb0cd19af809e
Faetski#Hera,resolved_unique,1,1332358f1c8ea9bbe37b9b2dcbadf583
Miulchi#0303,resolved_unique,1,8a812175c31979d57aa278bc7a6ed3cf
PropaPandah#EUW,resolved_unique,1,cb12540b762265355c2c126147c3d2d8
Shending Help#cmon,resolved_unique,1,552e8d1e663a266cc9cc296b854c2ca7
hopeless failure#aymen,resolved_unique,1,a7b8f7bddbfa6badfe29fd4cb85ceb0a
Elix1r#ego,resolved_unique,1,bff25b415212ff8c6a6d69ccc3aea9af
CALMQ#ACC,resolved_unique,1,ed910c29884a61665e7b3d17e7110563
TTV DomeEuw#LEC,resolved_unique,1,bdb65a375ae97fff01fc2cc778363016
Carnagε#EUW,resolved_unique,1,96c31407b2a4493cb648b9f0495236af
behave#ARAM,resolved_unique,1,cd7cb0e4b2986fc7da143263b49429a8
kenAl Pacino#EUW0,resolved_unique,1,23e910c2852aa26c7ae46d3785722fef
C0inflipSupport#EUW,resolved_unique,1,6811dc4b663520b6b1f212f45400242d
LR Rekkles#SUP,resolved_unique,1,9f42f59e6978e03db50b47fa4b8bbe90
DIREKT EIN BAUEN#kerem,resolved_unique,1,2d54a480888942f57fbbc938eb726ed6
FUN k3y#EUW,resolved_unique,1,e90c23ca8e886347947a0a53ab1474c5
washed úp#bambi,resolved_unique,1,ffa0245912e8a4404912f2d0002a22e2
PLUTO#1589,resolved_unique,1,0ddb91fd39f96b04a716605bb4bb4c4d
VÍTEJ VE VIET#NAMU,resolved_unique,1,6bbcaf9ccc6da2047f52462cd35f30bc
NIGHTCORE LOVER#EUWXD,resolved_unique,1,661dfb133bd53e052729554305245ebb
twtv Six10lol#v222,resolved_unique,1,baa9fb8d574594a9c831c2639604ce94
Aylox#EASY,resolved_unique,1,12e37e551fabde9e7430e3e72630d012
악몽천사운명#LPL,resolved_unique,1,904fb64b059eb5596d301cb3e751e58a
BioticZilean#123,resolved_unique,1,84fc74b4d37ef5cf1cfcb0f6d167c39c
Creepano#gfghs,resolved_unique,1,bff56af39ef9a7f333d730286b64a31d
Jon Snow#7596,resolved_unique,1,75a3f273b3b8f9982fdb1ce252a6f7fb
qualzy#333,resolved_unique,1,c14e504f8f2578fe1d3f35011be1446f
La Pasión#S1E5,resolved_unique,1,f6778d1b5abe83c91d5875e664377f92
SummonerSchool#Guide,resolved_unique,1,f8d040af2753ba06f639bd81cf410f72
VeigarV2SmurfAcc#123,resolved_unique,1,b011b04f7186eb114c87adb5a55ed298
IJDWL#EUW,resolved_unique,1,d3e867e83ff722a4527ce30a00fdb59f
normale kartofel#devn,resolved_unique,1,5aa0a0b8420749490840d02deab73e48
tuokaZ#ece,resolved_unique,1,ed16e051eebaec604a2a58391440e116
c0cky movement#tukan,resolved_unique,1,931bc380d669dd69d3f29216d755bc30
Best Male Nurse#EUW,resolved_unique,1,64362063a8eadaf288c0e38ac30614a1
TripleMonstre#EUWFR,resolved_unique,1,1f91d0a89d039d7fc4c556ca8072355d
iNTRiCATEMiND#RAVEL,resolved_unique,1,f344df5fdb9d403090fe00b53007177e
Deadly#9381,resolved_unique,1,6fa46e7969d16d1b1df82d9f915ecbd3
MadScientist#TTV,resolved_unique,1,688eee298a3cbd5d7a059b50ce8e2505
Veignomims#0401,resolved_unique,1,72a84b7aaee87322d3e0c313f1fa0c1d
JDG Ruler Arabe#GOAT,resolved_unique,1,0ccdf6864a9fefe6e0ede01990471a75
Zueb#EUW,resolved_unique,1,fd73fbca71c4e22a820f937a78288136
Nireo#1408,resolved_unique,1,36e7d24ae3a085692e3572660213d301
tomomaso#freak,resolved_unique,1,ccdf33eefd7a2323dcc7656a304047c1
ZDFHDZFHHDFZHDF#1111,resolved_unique,1,abef09ec78975cd0097c1f076a518dc4
Nomanz#1111,resolved_unique,1,42bb736562f1de9ebc5a940298036b69
TWTV Peng04#Hanni,resolved_unique,1,f13de62a54e7acacfa088d22411d3a44
Boukada#EUW,resolved_unique,1,710c31d357e2e6f02a72bc3c82adf9b1
Kehvo#EUW,resolved_unique,1,d927288110d5b9ea1ba734f4f5f07471
mów mi kamikaze#icPug,resolved_unique,1,e633a1f6f2cb10fded91565c11daaa8a
niezły yeti pl#hui,resolved_unique,1,d3000866b02fc154a906554f8a1832e4
ShadowZerô#2805,resolved_unique,1,c59c0d53c867da223cb18326267581b1
slavic adidas#combo,resolved_unique,1,1cfc947512802756ad5c20e7e07b310c
TOG Six10#EUW3,resolved_unique,1,5d5398a78d6edaf01487602a59b434b2
XiaoMeowMeng#buh,resolved_unique,1,744cf7b1a8ddca76a0630e42d3abd95f
TWTV DETDERT#12MAJ,resolved_unique,1,a284718772aa0cb84d3df2d07af5815a
Michael Scofield#Fish1,resolved_unique,1,442cccb72a440baee4242c3149011ef5
Sinmivak#777,resolved_unique,1,5836c13a04646dea7b6a23e8cc76fa84
1BADCLICKEQUALS#BOOM,resolved_unique,1,6b2386c0dd788e5ce6917b77b18e1f3c
TTV BAASHH#EUW,resolved_unique,1,5c8efa3436c324a16731795de1de73d6
Falling Flower#SVT13,resolved_unique,1,266e533a02bc06a2bfc4bc7a39772c67
Hubbalicious#EUW,resolved_unique,1,64cb3b1890e66789b2b54f104443b5cd
Farmazoniarz#EUW,resolved_unique,1,fa015880312d0bae54c37c8e20051fc2
tech movement#EUW,resolved_unique,1,32df5b0d1d9e6bd6b0b9f69b309ce02d
trymboner#2000,resolved_unique,1,cc0124d9008306ccaee1a9f0a9484759
Vander#아우우우우,resolved_unique,1,fe9a0823bb2cb30be1ca110bd4dbede8
ComboScriptXD#EUW,resolved_unique,1,9ba68fb93cbfd5a55b29bbe3a13e2a57
choilot#LOT,resolved_unique,1,a7d1f795da5c796d7f1344778603b894
unforgiven#1231,resolved_unique,1,77cfc4bd536ef3f083cecd4b3636f029
Emilie Arons#2703,resolved_unique,1,b1e345d31ce980140da69c32ebb15bfd
in god i trust#faith,resolved_unique,1,ea7123d3c0743b9ececc9fb39d2f3bec
Kryzik#EUW,resolved_unique,1,74677bb69a052e6e1c153dec73a46e1a
A FADING DREAM#777,resolved_unique,1,6f5c65e0cabb0b89b238fa326d234ee1
Certified Random#EUW,resolved_unique,1,0e99faa9a564adfdb51ab7ffd5c07b82
noobsupp#noob,resolved_unique,1,89cc4420ef331ddeeb047173e406f134
twenty#svn,resolved_unique,1,58bd9ed4843267209ee2668e45828c25
Blazteurs#EUW,resolved_unique,1,dadcd3e98abda5ba0f0dddb940e3f1eb
Bgurin#4000,resolved_unique,1,e2cc0abb752d7099a5f853ac307a8804
123456789#10T,resolved_unique,1,0040f933eb0c9b3aed8e71941960f77c
Stormaxx#EUW,resolved_unique,1,0deb5bee715e31040a186cc06b99e9ea
Dawidsonek#2137,resolved_unique,1,0d3c35f475fb87f1177e1cd8992f8e7d
Son of Robot#969,resolved_unique,1,69fdb0f46882dab2c2577fd439061824
moon#luca,resolved_unique,1,6e85b5d9ce578dcd1515c0acb8e76ba5
Badlulu00#EUW,resolved_unique,1,218b963dcf85c4283f8e1f979c05e14f
deus ex machina#vamos,resolved_unique,1,3fca334c338890938363b01a7e1d04b5
kay2no#EVE,resolved_unique,1,e5528ae2a0ee1c9da1685550d7a63ab5
CapsIsMyFather#CAPS,resolved_unique,1,e1471a82e9b612070cdab183a9477230
William4#EUW,resolved_unique,1,ec725ab9249c39e40da8eb99414b4d6b
Jesklaa#EUW,resolved_unique,1,a24988c5a63114ccdae73ca25fac91de
Prince Zuko#Maii,resolved_unique,1,2f8f3000b91ae763dbfaaf82568e4b2d
winter#창 공,resolved_unique,1,f435ddb840814fbb7c4a0a18186f3c9a
NEVER MISS#EU1,resolved_unique,1,c82c5296b086d39413041ae316c04661
VELJA DEL REY#2203,resolved_unique,1,adae6e15461410ef52941b1670930816
Hardcore doll#ASBAK,resolved_unique,1,375765fe03ad6035dadb1c57492a85cf
Shourdy#EUW,resolved_unique,1,0d5b4c50e2cd88277607d2d463d1343d
AloisNL#EUW,resolved_unique,1,857bfb1bb3239b433a87c423026568fb
anjelik#EUW,resolved_unique,1,4547eb9355e5d6e1b344f90531e627d6
Also Zefath#Zef,resolved_unique,1,48681305ae840cb6e1a8757be1565848
SeRiN1#EUW,resolved_unique,1,5a9396a60e387d3c4a0fe6eabce4e5a5
Metroflox#EUW,resolved_unique,1,6890d3248b8012f640914590c18998b6
Shredder#SHRD,resolved_unique,1,68ffa29823b63e244e4f1f152b5fdd46
BRL MaxouTigrou#BELGE,resolved_unique,1,b2109253fb5c484ec1570588e583f2a0
PeberJack#ΕBLAN,resolved_unique,1,a432d7e75bf70961c9df5695e1856d17
MatheMann4u#EUW,resolved_unique,1,9b99fbe75f09055f5aa9330629c96e6f
killer tune#zzz,resolved_unique,1,dd9ed6cb5ea7b2ef16b9efc6eebbbfb8
shift zzz#zzz,resolved_unique,1,39bf62ec4f2784f4109a34651430ef86
Támogató#rés,resolved_unique,1,3448a7641c255e8ab33879b17c155bc7
Kite Machine#2015,resolved_unique,1,ba5a45764ecce0aa90d08b66d45f5eb0
Dimill#322,resolved_unique,1,256ce9b5ec650e7c3d80d88fb04687e6
Tebox#00007,resolved_unique,1,9d8d4f07e7f35f3cbf3543fff94cf8ac
Zuhy#Zuhy,resolved_unique,1,b433edf56597f333f0d278a765b4d858
drooofan#Noula,resolved_unique,1,8b9e15bcfafeec852acc702360b9eec2
PSKHLLO#ADC,resolved_unique,1,f2d19661fd0e8b938895a5d0ec5ef934
C1tyN3v3rSL9eps#1337x,resolved_unique,1,c87a51261c32cfd4f4eba5e260860a13
Jastor Gallywix#ASD,resolved_unique,1,95dade95507cb7f60a9d1476c3b60129
chöego#EUW,resolved_unique,1,dc37275425b1e5d7cd7ecd3f621d72e2
SlyBeäuty#chkä,resolved_unique,1,0da19cb19af1790a67a1c22a40281787
I LOVE FEETS SO#MUCH,resolved_unique,1,2eb975ff1512227d1d44594e3eda2c1c
twtv mageteaXD#1400,resolved_unique,1,bccab357da963d28f17f7ec72b863f42
모르파리우스#2003,resolved_unique,1,1a8993223284f008f0fcac2f55a76ffb
Napoleon#Carn,resolved_unique,1,ff0bdfc624c4658005ec2e1d26f2ab91
Shensual Łover#EUW,resolved_unique,1,d10bd839ac236f299c34699d187cd739
63rdSLASHER#VON,resolved_unique,1,ccae4fb3de2057b4ddc3651e6948b368
Danilo123#EUW,resolved_unique,1,b3c9233cb6b0cea42ac2f34636676b14
Backslicer#KekW,resolved_unique,1,08801f845b49e133de2e045b5e7a972b
ContentGamer#Happy,resolved_unique,1,d683321c0fd271f6fc5991ad30270bd5
enVy kennyS#2015,resolved_unique,1,1b78ca28877a753bbde325c113f045f4
KER1A MODE#OLY,resolved_unique,1,029cd2f34cd33ae6b293863b7a1c6e24
Cboi#EUW,resolved_unique,1,8a6993bad6644b4052324190b77e13a3
Kakarot#EU1,resolved_unique,1,491e62067a5616b258d2b651079f2b54
Byron Love#CHAMP,resolved_unique,1,ab9b59756c396a99734f8e74053465f4
DeadhoundC#Naomi,resolved_unique,1,fe5ace2e4e2e58ee116c93e6be90d1ac
ardaffler#EUW,resolved_unique,1,a4b32b3b5e1a66d9fea58cb53832fb2f
Knurble Lux#EUW,resolved_unique,1,e89245ebcf6d37df678540c5d842360a
NuQ#1305,resolved_unique,1,7d9fec09aedb62a403b4446bcabab2d1
драли#드랄리,resolved_unique,1,23faea1f94de2b94197689fb1338da2d
hot coffee#nr1,resolved_unique,1,a9d0b4b87d0f7fa1d11bb6e8eadeccda
bvig#bvig0,resolved_unique,1,8b0a7a53057a90fccf841b5ab61bbbfe
Hydra#6809,resolved_unique,1,9e4c58352f20bf981ac67e7f1ba1b415
frajgo#AFERA,resolved_unique,1,9f970b1c627b7d44b67c9aabaffb9f74
Not QuiteMyTempo#Kebab,resolved_unique,1,d7fa7d4895fe3d2f26fb74f6478643fd
rato#EUWE,resolved_unique,1,c49c5bcdea10ad9414d876d15c1a4648
Ersin#643,resolved_unique,1,b4774fa6b1f8cb920080fd2df299c4c8
qweasdf#EUW,resolved_unique,1,a3c525d399bd573474fdf02b90a28ac1
Subbex#EUW,resolved_unique,1,b7bc2460f8f887b1d6db93eb95f9edc4
Koυssay3#EUW,resolved_unique,1,1e2b1e8e8b5649cf67defdb3c33cedf5
good times#0000,resolved_unique,1,e9bee11641f300990a5a179dcd5d3317
God King Yassuo#Beast,resolved_unique,1,04a3e03ba441f825f6d4612efe74cf1f
Sencux#123,resolved_unique,1,c94ff54920357797340865b441c958db
xLinayaa#EUW,resolved_unique,1,09cf606603725b5223718a55da9147c3
choego#0001,resolved_unique,1,dc67cb577afa18776ffdbf4d4fec15cd
xTremeNuke#EUW,resolved_unique,1,92d767fe60914bd1f07da76ed2976bee
LR Nemesis#LRAT,resolved_unique,1,bb26823e139faefff2b91b1b5fc52583
ollip#lole,resolved_unique,1,90b5918d7ed440abe45cd3c834d8ee16
oussama ammar#ammar,resolved_unique,1,69a1e0f370318bc1b5d7c7741becb6d0
Savesta#EUW2,resolved_unique,1,cd49aec9396a4d06bb6558b0683e9ebb
Azzapp#31415,resolved_unique,1,8967887c4135953c2c6687faffe54408
Naak Pado#VIT,resolved_unique,1,5a45fea636b240b6cd2fb60634a920d0
Ben Cristovao#BOMBI,resolved_unique,1,77aadddd345b38558a3b39eab1a2d072
Speedy1#GRE,resolved_unique,1,8d7d941ae48e91d60b3ae91b0cd104f9
Suna#Ekko,resolved_unique,1,fb4474a392267754b5113f29083fd703
rng victim#0867,resolved_unique,1,134232a16f40f5522687e8910ae6d48e
KOXTROLL#meow,resolved_unique,1,1e0b3855c9eb5b8bcca2e1296180fc86
jai un rêve#again,resolved_unique,1,4e1fe80c94f10736f92852970bfcd831
Schow#EUW19,resolved_unique,1,0daef61138abf9f39a01e083d0bea20f
신의 계획#RVR,resolved_unique,1,8cd71ba85c7238d078fc8e825e7aa42b
ICLEANSETHERIFT#TOMMY,resolved_unique,1,6b83bcdb682bc8efee592488b179836a
Ketrab#jultu,resolved_unique,1,6e185901b376ae20bdae3babe963b3b7
Tao Baraka#EUW,resolved_unique,1,8d11ce8990db4698b7d9323d9e7661d4
i miss csgo#1481,resolved_unique,1,655cfcdaeac586d901eaa5af73c91993
Facen#EUW,resolved_unique,1,14c0c1da9a79da2bec3c5f45e6b5091d
Canicius XX#YOUKI,resolved_unique,1,591a319be1fdccf8fa583ef01cb78254
13yo girl#3143,resolved_unique,1,5ba195bc69acec396f29be4ef58ee4b0
Thebausffs#COOL,resolved_unique,1,45a81b41cdc05469ce3bf531fd071aea
TwTv RustySniper#Aura,resolved_unique,1,7fcb1464b25bbfe753ee7eebbedf7997
Lucker#067,resolved_unique,1,e7192ce8dc2634be57b0e29140fd29e0
Gaming13x#EUW,resolved_unique,1,d841f1f735d964bd622e1bde6ff10076
MissedPotential#GRE,resolved_unique,1,5bea1bf906bdfb3b95f98f43fb2ddad2
LetGodSortEmOut#Clips,resolved_unique,1,258eed94ceb1a9adce430ea62ff6b51e
Krisimaru#EUW,resolved_unique,1,a2b66255a87c3dcdfb9442f635e9a21b
JANE DOE#RWS,resolved_unique,1,5772d173b0215c24f5f624ef604a33c4
Kaitze#spuds,resolved_unique,1,ea65b42029e2259f02e44863aa97e1b5
KledalCwedalPL#ROYEQ,resolved_unique,1,39318aa3141a31333b0c68a4e7f40714
BardBerry#3333,resolved_unique,1,327de1d93aef18c00ba1477c1ed77cae
SteeelBackON#317,resolved_unique,1,96aa66f4624c0487756fd867850b67a3
Sergeant Sona#KJP,resolved_unique,1,e074d3dc6bbe31230d466017e684cd2a
Relative#00001,resolved_unique,1,32708f88f26432e42a11e358d9f738f1
Vas1liasTuXwriou#PSWLA,resolved_unique,1,2c68690589f588441d5503571f10f3c9
A U X X E N C E#TALON,resolved_unique,1,580556d5377191ba3a05df944da61961
CHALL BTW#EUW,resolved_unique,1,3fbd6f9bc420f85ccd73a010bf9d0104
MIDKING#KR45,resolved_unique,1,6bd8112d9bd1c44a3b7fafdc5ca6fba4
VΥD#EUW,resolved_unique,1,c720789a09ec19188fa62a4c443006e4
Ginz#WRLD,resolved_unique,1,9bd1920c3ed3a9790acabb89df9cd011
MathisV#ARCHE,resolved_unique,1,4f440e88735300f020c4d86cf9ddf130
1 digit bodyfat#soon,resolved_unique,1,bbf0fed340dc5f6b6b80cc7e88ae82a5
BRL Bozolecl0wn#KEKW,resolved_unique,1,397d6c528837e8b13473f6c073e923e2
Hiragana#8888,resolved_unique,1,572ddc63f1dd88caefd70f2ff573ecd6
ELE FENT#1HAND,resolved_unique,1,cd72acf5280f525e34ac8a6ee0313852
MaiYuk#3864,resolved_unique,1,f3f4ee9e9db403c8ab773a618ec942b9
RaYn#one,resolved_unique,1,c9feeade7a3ac663c34cd222ec15b86c
Malevolence#HAZE,resolved_unique,1,d6b64efa910569332f72a37cf16476f3
Alexander#EUW11,resolved_unique,1,81681ce0265ef40ad826315def7c473c
Manυel#EUW,resolved_unique,1,ce030129b08e219acebcf50bfcbfa6ac
civogarD navI#2002,resolved_unique,1,6b49bd0928b482368c067399083af380
Kittxnly#Luna,resolved_unique,1,f0bb8fa75212b8ebd679c064dd11cb00
Music Therapy#EUW,resolved_unique,1,bda0ed1aaf69ec1bc0069fdbde201e91
INT qLibali#EUW,resolved_unique,1,bd0bdc6bfd96c99a3d005a5924ff891d
chaaz47STA#NNIS,resolved_unique,1,c2c893784149e7dd241500808f47d421
mikusik1337#2012,resolved_unique,1,ad936b05072c61074e7f1c54c2c9b1c7
kero ü nehar#EUW,resolved_unique,1,9a946add46ceafa5474dd6a1f900ee37
Abyss Enjoyer#7777,resolved_unique,1,c9d15e5fcdb26df0b1a23236f481bd5f
Keria Prime#Bing,resolved_unique,1,81419638ef22f1dc3f54f10b2e953dcd
Dora Sackvillbag#1978,resolved_unique,1,167b31ffd8ab71d155864a821ba2a2f1
I Satanael I#666,resolved_unique,1,d9b9d3bf31c798d687a412cae394a85e
WP Luke#TTV,resolved_unique,1,b4316df80d8e8285cc09ede03c770156
Bowling Billy#bowl,resolved_unique,1,3f76f9c27b7bd60e998c386b4f601647
Bjoernen#bjørn,resolved_unique,1,6d4673907d72196d937efe59f2bc0a58
KOM Hasagi#Nejc,resolved_unique,1,85326dce988b63a95ebf78d7b8442e03
BATMAN ALGERIEN#FEET,resolved_unique,1,457c1fbe5964135c6a9bd285828acda7
Hallohihi#EUW,resolved_unique,1,160155d84a608052fbec33743ed035e1
Creal#EUW12,resolved_unique,1,a213805267e3afc78dc0663db269adff
1K99HX6ZSG3726LG#00000,resolved_unique,1,45e1218b7fa2a7c2847c73b035b01e3f
ACAリ#ZTMY,resolved_unique,1,b4d069e6ade23a27b6f0a2395a225440
Mazs#EUW,resolved_unique,1,c983d7074a72b990a9ba6725674b1520
Pinki#PPPPP,resolved_unique,1,fe6cb94874c11320e95fa99ec6802d8e
FA zorenous#LFT,resolved_unique,1,e5150ea632d246d23829f0f044427bc5
SDJKTSDJHVSDFJHS#SDFHJ,resolved_unique,1,c2477ae1ca73b20aa2996ad89ab621f2
Toumpa Prodigy#031,resolved_unique,1,0d3d6988fdd7c899c9bad5d4ec4caab0
Xxelpid#EUW,resolved_unique,1,19801fb323bad5481a2edda987390d1d
Soldier#Asu,resolved_unique,1,7d8c1c4c4a745d5bd30f8058295c131d
DASHKAI#00000,resolved_unique,1,ddd879cc54d68eeb4921f158e1d8be62
empty soul#Euw6,resolved_unique,1,a32aec80778eb76a3641c1f5aba5d058
Kusakabe Shinra#win,resolved_unique,1,138a732c18c87fe2834dd9dad30ddcb9
CALIPPO DE FRESA#ÑAM,resolved_unique,1,0b0f9554c15b84e3da967baa2e3e5e63
Force Tranquille#SOLOQ,resolved_unique,1,f9855bc10fdfe32e0201fa507780b642
chaos#note,resolved_unique,1,df6184263b2d8fab99752318b75a45c0
Rek sai#Skori,resolved_unique,1,0e8f21b530af35f7d752d35cee8c5cd1
Scorth#EUW,resolved_unique,1,0114945021573153ead252de4baacc7e
Roro Farmer#EUW,resolved_unique,1,9aa5ecd8961b66f3f02901f24c2e2075
reo#peace,resolved_unique,1,868e76391c32d7c9d1d527e13d48a75c
Cryoshi#alive,resolved_unique,1,673d9d6b69915159e7002543a80f603b
Carl Friedrich#Gauß,resolved_unique,1,4e84c77614dde35ac5d29c02361733eb
katliaM#ONE,resolved_unique,1,913f7046b521124d3b28cc00742c6f1c
Wrongo#1234,resolved_unique,1,79c4123bef88689f3efed3999bf4e127
Shinra#ON1,resolved_unique,1,c37b9544c606c51203ed32e5258a787a
Giyuu zzz#EUW2,resolved_unique,1,4b5e1952c1ddd720d8fae03ac710a624
No More Games#QUIET,resolved_unique,1,31a5a3c59d07eb595109e459d3bda9e2
fantomisto#MID,resolved_unique,1,4e03655e0e2fe3ae39a5a2f1ff6b3713
Furuy#EUW,resolved_unique,1,7058036a53c375fce0e4ed966f62611e
TwTvCastFM#Cast,resolved_unique,1,d8e153e072d3e180c446f2a9849c0458
Retired Golem#6185,resolved_unique,1,873abcecc69a96cefd0305f34a2a853e
Finality#end1,resolved_unique,1,710f340a43a824abc950cb23366fd235
Sukruu#sukru,resolved_unique,1,64bcfb57b7f78aae714828d71243ff55
Mystogan#DING,resolved_unique,1,ed2775716440817752182d1fcc98d5bb
Lust#9032,resolved_unique,1,e3347e116c8ff39b697624dcf8c9837a
what is freedom#death,resolved_unique,1,a05ee4afed3a1625dc00c7eb77868f34
Darkdrift Knight#Reign,resolved_unique,1,42922ccd72577c578876585fdc41c530
dni#1111,resolved_unique,1,53592c1a63511ce3a2acb9dea070da15
역천괴#22051,resolved_unique,1,6d23cbbea1913f6d63b21307e6b22042
Purple Hyacinth#Aimer,resolved_unique,1,671f709a739f7154d133d5b46c292603
sajator21#zubri,resolved_unique,1,7a8d583a19812c6e279e43d4f34cb20b
Dancing Detlef#123,resolved_unique,1,e5fcd7bb0c4c744fb8bb5c8cf6d19a38
SCL Filou#Scald,resolved_unique,1,5dfa6467994b3981c1e2a2e18ce898ad
ZYB BDD#CEO,resolved_unique,1,cfb86829c1063ace5446f54efdb7c8e0
CHAKIB 1939 1945#6 YO,resolved_unique,1,dd8dacf5379af9330f12f37c20d996d3
6 vran#rank1,resolved_unique,1,8d3a871a05685755621e77e664a1c5c9
Hodling Bitcoin#EUW,resolved_unique,1,95f15a3a45e313aaf81fa4b18866b679
Dealersz#EUW,resolved_unique,1,3c32533ebf9c84e68b628e492b308fdf
Panghi#Giack,resolved_unique,1,c00f3b35265aa27f769cd9fab8100d18
Stoic#PoE,resolved_unique,1,dafdf8d8ffd90d00df799ff82c681fe3
elramir#3161,resolved_unique,1,305597f9351039191322a6c842237d1d
Torakle#EUW,resolved_unique,1,31d40bdd199ad6922385b1ee18d9f8b7
Egglado#Egg,resolved_unique,1,17f738bd09c8db32aef0c0a42868d639
TraYtoN#EUW,resolved_unique,1,a904b722ddd4bb89fdeb82146d35026a
twtv v222lol#EUW2,resolved_unique,1,a499f08179547d8e43dd05d96dc356a6
eye#x93,resolved_unique,1,9b53071926c9aeb5394f32d3d7fd255a
TwTv BZ EUW#INSHL,resolved_unique,1,284a07ad550778395906ed83919f26bb
Mietek#777,resolved_unique,1,ab1cc548e167a638d0dd08b0e82632fd
Frαnk Castle#EUW,resolved_unique,1,b5b312b1e59f126a106e8159e6dc858c
worthless pride#fear,resolved_unique,1,89ed2659472f4d33182ce3332617cf66
SNSH Mahonix#BROCK,resolved_unique,1,7dd08cb0348e6f2d0f63d1584eeef231
Ludwik#EUW3,resolved_unique,1,08ffb93abfa15941ed0af6420a2d5526
30pushupperdeath#hard,resolved_unique,1,c1dd046276e9a07c497dd98193e9df76
Bewbiou#HIHI,resolved_unique,1,3e56f173b23f387ad52e6b0ce178aae2
Dino#AOMA,resolved_unique,1,22fd2ffc501f59e787e49a111b40ff9f
Adam Jeřábek#Praha,resolved_unique,1,424059c079e80b9bc6b199fe327e20db
sindrelolpro2345#EUW,resolved_unique,1,54235da7bea593767f5f0a3b2035aed4
wawek#malek,resolved_unique,1,e42efd3d551a3c69466e611975025f98
Zefath#EUW,resolved_unique,1,387cfde8280176da2ff5ec5c59949731
maturazlewusempl#LEWUS,resolved_unique,1,b2ee7f7d081605299dbf92d2e6f39131
OstryZWrocka92#zbok,resolved_unique,1,d6704f7fb80965992f068c617ceb007a
PlayAloneForever#loser,resolved_unique,1,f037ef218478dc097811b494389ae7e5
adc1#234,resolved_unique,1,dd21a01be271518cd1cf96264eeac65b
Sons of Winter#Stars,resolved_unique,1,fce1cb49730292b50608d764bb2a3dd7
Nilsog#EUW,resolved_unique,1,ed4af2409f4d18f93c4cdf50df71ea22
ClairObscure#MILK,resolved_unique,1,43db682c2b3dfa25b9b160ee7d0cd026
Toranax#yoh,resolved_unique,1,e5ab66327d2544fb366531b1e9a3dc6e
instynkt zabujcy#kosa,resolved_unique,1,1af1433c1e1fe82b72afbfe4da2d8aa3
born screaming#00000,resolved_unique,1,613dcdb1584a3290c455ac71c7693c55
Bitterness#001,resolved_unique,1,d6d63336ec430505ab4e24cc962ae65a
Chill1000#larry,resolved_unique,1,4a58603ae1a3536f5661abf22e9c9841
punpun#wispp,resolved_unique,1,52ef0bb971cc63ddf248d4b81903e49f
uncle kujek#mam0n,resolved_unique,1,ecb18887e06ab74fda1a2e34cc3fafec
Βraındead#EUW,resolved_unique,1,93bc1875d5e3a2f8810b8a3fb38fce6e
La Carioca#EUW18,resolved_unique,1,6b714e2ab4a374109f3fecade60ec6c3
sknahS#VVUE,resolved_unique,1,442876f7e87b4092bbdefffe5a15b501
Zhuo Ding#ARC,resolved_unique,1,a1a47b0c563f638656072baf807d445f
Barryy#777,resolved_unique,1,74187aae96fbf7e36fcb12b415554420
Dyenn#2444,resolved_unique,1,58b13f9474bc7920920c6bea55e442c3
gimme resources#EUW,resolved_unique,1,e4cab72cf77191ff58e1fca72f0b8844
YellowSnow#Chill,resolved_unique,1,88322eeb1cdeb1a6d2faa7c5c492a2e0
CR7#Time,resolved_unique,1,5989eca7329af44b43568890fda2c8fe
Flammos#FLM,resolved_unique,1,32f0ba741d5c767a0825ebd5584d76a6
Disconnect#SPS,resolved_unique,1,7bcfc40875013b89f163318b0e53f116
Denner#187,resolved_unique,1,266e91bde2c6863a8bb7e30116ad69f7
mateid#EUW,resolved_unique,1,77981281a00926dc7b791517dbe71ade
floor collapsing#341,resolved_unique,1,7563a17ffd7985cb78b469bad2fe14e4
Hinata Shoyo#SRRW,resolved_unique,1,fd6e271d0fc734cecb1cce2363173f19
PERREO FURIOSO#EUW,resolved_unique,1,dacb128ee3433ae7f300bd9735493c0c
Suirotas#EUW,resolved_unique,1,a67f8316df49222cb35400d3c82ae55e
24 時間#OPEN,resolved_unique,1,b3af32a0967d6bc7a07d2f4308be2132
Sayonara#stars,resolved_unique,1,679c6502b6043c79599fa545b0663961
hahahahah#2218,resolved_unique,1,59dac9acad509eda24f3b38f6b5e9ae9
TwitchTV Nyro#euw2,resolved_unique,1,731971f6017fc48d72bb9742d70f3070
Kusa o Miko#EUW,resolved_unique,1,4b71438ba639e6dfe7b143aeed61aabb
ovine hall#777,resolved_unique,1,85a1050fb9868c5bc3e18dab3b613242
Godskin Apostle#EUW,resolved_unique,1,66a084f66ec464be49d6838029da5b37
Paixdia#Supp,resolved_unique,1,4eba3e85d818e6e25d3709050e85c59a
Kos Subin#Beiu,resolved_unique,1,5e3e8164173c78f90e839b01adeb0d8e
LEL Unchained#MID,resolved_unique,1,8a065e190864669f02b5735daa8d8f68
So much PAIN HAH#HAHAH,resolved_unique,1,ae68b55b1eca3fe174386d79210d5923
lft lekcyc#111,resolved_unique,1,4cc8e6687536ff8b9b7adb4a70c01186
Pennywise#1715,resolved_unique,1,496aac6180a64b74672b96a15eb167a3
Mood9#EUW,resolved_unique,1,f6a630203faa8ec67f4eeadfacbc6812
nida lee#EUW0,resolved_unique,1,dbe5e5c50221d258e7d006152803a89a
TwTv BZ EUW#NOJAW,resolved_unique,1,3b7b1ecfa1f586db234bac6e10f32f34
Flavio#LOL,resolved_unique,1,a923a2431badf786afe83cf5e1255b03
YCO#EUW,resolved_unique,1,61b8c20f769b414b506492a5a1632fa2
bluerzor#grind,resolved_unique,1,92ff799a446633fcc7e446f67117d0b4
Solidalo#EUW,resolved_unique,1,25bb731c56e929e3e79d80fd44a0da66
C H R l S#sirhc,resolved_unique,1,e411df59632c3a6a592c3b93e2774471
TwTv Helyanweeee#JADI,resolved_unique,1,56577ace514224412e149e8227cdd603
vimsaet#skrn,resolved_unique,1,77e4fe14aaf6e64beec099b59c396b2a
Xally#016,resolved_unique,1,ef792b00b446fa1d0bf9162ab5d46ec2
clicking forward#12321,resolved_unique,1,72b5d95f233395f9cf8d5fe1ffaf7993
GOONERKING#LFT,resolved_unique,1,e96c5686478cdac3d1fa3b8f1c54ce58
SHIHAN4#ALPHA,resolved_unique,1,b603ec4970193c0bd4d0a28780c99b88
FrajerSSonek#EUW,resolved_unique,1,3f1e27242c698f6f5da911f46e8032c7
Sertuss#2312,resolved_unique,1,19daa99bd30e54d307f7c3134a78fb8d
0527#2705,resolved_unique,1,483514bbd9bbaf6982e13972a861c392
XadowAsol#2007,resolved_unique,1,48b025e966c1aa8aa0f4a773a7d91ac4
sfvcxz#2612,resolved_unique,1,85e8e367ff489d5d1540164d9773a973
CuteButUselesss#EUW,resolved_unique,1,6957940b42d6ebc0f82ad6491ac74ff2
Belisarius#2009,resolved_unique,1,9002fc78b29a5b73cf93c2ab916d356f
Go Roam#EUW,resolved_unique,1,bc4a96ac3c1c6258dd0e4050e504cf77
tibor#zzz,resolved_unique,1,e1cc4ba6d5d2283a7f5e847b7136c80a
ZYB Manaty#LFL,resolved_unique,1,6d3aac5c47e89ea9c334b69bce15ff08
Pasameelcelo#Celo,resolved_unique,1,b4855f3e56b7bb1b078a70144f660410
Truman#42069,resolved_unique,1,5f365e7458e17d41fdb16cf524bdd30e
veinyy dihh#trade,resolved_unique,1,9462259d546e2d6559ae4c708f95d85c
Kritias#Aries,resolved_unique,1,8a72a58d9124519060e741d6824caab5
GoBGG#GoBGG,resolved_unique,1,15999d334e16c131056776c84f412682
wondro#BANG,resolved_unique,1,4fd6c94977a57f977a71d412b63087d9
Hipitero#west,resolved_unique,1,703ee2de9f05dcd87a6cb3ac8737a328
Peto#bald,resolved_unique,1,2883b03c8b3971453d5bbb7200c3889c
FullClearUwUka#WORST,resolved_unique,1,2567cb3f916f007617eadae5f854c735
Specky#EUW,resolved_unique,1,f6f27e674dee7cc032468f246123a55c
R1 McDonalds#Messi,resolved_unique,1,fecfe9fcb82ef5689a1eef27e7d7e2be
Vento#TAIF,resolved_unique,1,afd46906f4185b0af61bddb1a95c9756
KISS OF DEATH#YEN,resolved_unique,1,aac7459e712bb32a50388a2f7f241a54
Ninkey#NA1,resolved_unique,1,e8079a59e6cbfd4d7743ba670ce8c92d
jgl king#69690,resolved_unique,1,704104fe64e62fc0f66fe19871ee5ea0
Caviavampier#EUW,resolved_unique,1,3f8360d7fb4526518cf4d9e4b3179e7d
GothmogOnceAgain#KLED,resolved_unique,1,d6d6a416ab44c78782bf0d22f502f1d1
LOVE RUSSIA DIE#EUW,resolved_unique,1,7a2946de94b454a38036e723cafba32f
Freak#Euwv2,resolved_unique,1,7df8ba677b483347b36ae0e4fc9eaca1
Wuiš#Iris,resolved_unique,1,0a676dc045d1e735e34c1a25477e32d5
KEL PATAKLAYAN#111,resolved_unique,1,2f1b500bef78f238132ae6e349fb1592
Panj#kuk,resolved_unique,1,94be9dcc44cc24c55b4b710b15956206
JinXedd#MOP,resolved_unique,1,e21983d67d2637345cc60b46823088bc
SiwyIrelia#Rank1,resolved_unique,1,05107955666afe8c0978f71ae5535cc0
Zzolzg#0504,resolved_unique,1,7f08a14a63e6d9ff7d9e46b8bd36e7fb
qldurtms#NSCG6,resolved_unique,1,aa61a6601b0995f77253f5e7a9d59780
MarcinaTORRRRRRR#Grind,resolved_unique,1,25d7585ee38b2ea219257f96c75dfbdf
Szép vagyok#figu,resolved_unique,1,188d3370091e4e4ac556ae82384acc17
Me go Beep Boop#EUW,resolved_unique,1,cf1482e45b40322f920c8130ec1c5fb9
Kitanø#EUW,resolved_unique,1,8dc7b3ee90ae94663aee305a7b5b0b8f
LUCADENGA#EUW,resolved_unique,1,f3853a20c5d010775f8028dcb9d642fb
Singecarus#ONK,resolved_unique,1,2d57023cd721bad9662e221551263a01
Juan Gasolina#EUW,resolved_unique,1,67b8d60430e71f8d3ffde5a836905dd1
Husum#EUW,resolved_unique,1,205d774abda44138c5547b7f0db4fcb8
Hawkella#1v9,resolved_unique,1,9f6129bd7d796507b4539975a33da9c9
NamieAmuro#Hope,resolved_unique,1,25bcba1a2a029219fd18563862b41ed2
free palestine#mune,resolved_unique,1,9396063e2080b98d82402bc0075168bc
Lagolinas#0000,resolved_unique,1,73ed49d8166f5c40b9ba0524758297d5
Optimus Prime#FEUR,resolved_unique,1,56ef898d405c348b596fdaa465c0b6b0
hesszero#PAWEL,resolved_unique,1,b9bf1497468d5e998a11342ef83af524
vley#balls,resolved_unique,1,8f73c74fa90502619dc8fde79ed3d4ae
4 Fun 4 Support#Hook,resolved_unique,1,41f861ed13f9b6141b94b43e02ec5001
YAMAZAKI MALA#MALA,resolved_unique,1,929e4076b17464f18a5504ae6ce630a2
Receploloynuyor#Rank1,resolved_unique,1,d4d5344512df506d822457d490d063ba
Nevir#1111,resolved_unique,1,33edc8a85bca1a3a9626d0f1bfe52fd5
3rd June#Densi,resolved_unique,1,3d976d22f240eccd685ad9490d4dbd24
Given Up On Me#angel,resolved_unique,1,f4bb0b8a400e9083f2e4159363d501ee
ZinogreDrip#MHW,resolved_unique,1,4e359b1ff9e6744fb97318c2a011ca61
Fliko#2297,resolved_unique,1,3a7981186558f252d23241564c8d48f9
Senceless#069,resolved_unique,1,26f732129b20dc100ccef7237592d0c1
Divine Departure#zZz,resolved_unique,1,9de3d2a1c58e4b0e5ad810c532354c20
AltGirlsAddict#Smash,resolved_unique,1,594a1513a8dd9315a9935522c489d800
TwTv Anemia lol#OVER,resolved_unique,1,4ed3dd78aef557d3dae59e38852691c1
Decay0#EUW,resolved_unique,1,5b7f8deacaba65e5a94f003bdf5e0051
Madres Enjoyer#MILK,resolved_unique,1,43e5284320794d4f4ad677c618d79634
Jacobmolly#1234,resolved_unique,1,9e1eba6cb1f427b23340d18f47b6990a
Sheriff#0001,resolved_unique,1,3624319b1c934f3e9f960503797eec40
Mori#Inari,resolved_unique,1,c010bcfd58242d801bdbd6bded4cb2bf
Vincent Masuka#11111,resolved_unique,1,0ac641af695ed4175ca85924034b7958
nine#19999,resolved_unique,1,57e14428cb6ad02939b8212a0040fb71
dong feeler#WILLY,unresolved,0,
Isildur#weak,resolved_unique,1,61cd3969ae0343789e12edabef9d166a
Royeq#Mietk,resolved_unique,1,b4a0c68e001a5a9da94d2cdbf3975680
Gazowane Mleko#MILK,resolved_unique,1,a75d1bf07133ef189d0eec70195d5ac3
Inąho Kaizuka#520,resolved_unique,1,23ed5ec1be3278bee26eb24e3f7abefc
sp00n123#EUW,resolved_unique,1,12ef84d69282460c49622691f0b512c8
EUsupportsBAD#DIFF,resolved_unique,1,39dbbd99debfdf5a3cb0d89766889e54
Iblis#404,resolved_unique,1,c3b4d0dfca1b7ea6f2c5c80c0e18cc28
Opfer kein Täter#EUW,resolved_unique,1,93d19fdecaa1d4d1eef23866d06060fd
HHX#2221,resolved_unique,1,59e1843ab05fcdddd8f86f4093f3ca2d
elijah#5786,resolved_unique,1,12037893b33af1ed03d640dd5b11b99d
TELEKINESIS#2312,resolved_unique,1,ddb6f27baab3b250c31d95efd8fab0dd
龙王ADCR1#赤影王,resolved_unique,1,1e78243030ec8e82211a43131ccf1413
cxy#000,resolved_unique,1,ad9149cb4dc3dd33fd35d5d0fc7f4989
Hayamii#키스ϋ,resolved_unique,1,fb54ae3cff297ba6de22b76f66712bd6
F1agged#Shen,resolved_unique,1,497f1c2df1405844b331294451710d33
Midnightsky#0000,resolved_unique,1,739066cbf5ec1f9f9465db6783360850
404 Zyres#hayo,resolved_unique,1,1f7760b7801305cae5d9f13ebe77380d
POTATO#MMMMH,resolved_unique,1,b4c2c6e46019f3217e20a7ee902deed2
Rusty Knife#666,resolved_unique,1,a78803f533c547cd99a687a6747ecc2b
CowboyIndianerOg#HEST,resolved_unique,1,e71beeba5796a853ea665cfacd953cc2
happy voices#EUW,resolved_unique,1,50a49932fcbab34585cf5e2c2e15b1fa
SmallBugi#EUW,resolved_unique,1,b0daf6b4b2f790178226b55e4e48a22f
D4SH#0001,resolved_unique,1,687476ce7e5babe4a09e42cd9d90ef22
MORTE#EUW97,resolved_unique,1,fabb88f7e704efdb05cd4565beb1e4a1
Tsugara#EUW18,resolved_unique,1,9e190464e6f78eb2d784ef5f09703962
La Streyance#EUW,resolved_unique,1,b50b8175822588f07d94d07a3232ff98
Queen#Zoe,resolved_unique,1,a1a1adf64b2328e27dffce9b7c9ca183
Odi11 핵원자폭탄#APH11,resolved_unique,1,4e0182f356957d47dece154f00d1f1de
Princess Akali#sushi,resolved_unique,1,b7f0d7e78f9ed38cc1b5b24552c8d150
Law#PLYCK,resolved_unique,1,f72ce3a474ff18ef2438059eae57c0eb
Abner#EUW0,resolved_unique,1,8479feb6e38b7cc72922b3c55b5e5c67
Splinter#TAFE,resolved_unique,1,25160aa0e373c70b66c5bf503e8af961
Pick setup lanes#EUW,resolved_unique,1,7a0f5a6544fef364d1dfeb48e3015a81
marix#333,resolved_unique,1,4af15f8d8d6bbbaf9e3f187144f29dc2
Demon Reborn#RRR,resolved_unique,1,16d8e381ad926d30d93b1c48abb4babf
클라우드#1901,resolved_unique,1,ec1349ec3c4b49c72ac0bd01777c5b67
Shubber#tori,resolved_unique,1,2d4dd932b436ba5f31b98e4d8a1efe8b
Kaizoku#77777,resolved_unique,1,5cb2726fae68dd587eb596fda914b837
Skillshot Lander#EUW,resolved_unique,1,7a81ee52fa5591fdec28bf385780abb0
MarQ Sparrow#EUW,resolved_unique,1,809f8f0084cbc26e0e82287fd5861a1a
autumn diary#1305,resolved_unique,1,fd755216006acd6f3c4bec0a86291fbb
Ryofu#EUW,resolved_unique,1,15fd970f276bb55db4ee79e82da8978d
The Dentist#FEAR,resolved_unique,1,3a3819182b5dd286cfd4d2475c02aeb6
Afrocowboi#depu,resolved_unique,1,b8a0b2c7ada1308fae6fbb45a6fcf5a8
Luke#234,resolved_unique,1,8abdae83a1707a9ea49badddc1c69387
missed me XD#EUW,resolved_unique,1,59a473ec862ceb5c51cc19168040e1df
Pol#Shen,resolved_unique,1,36aa407b384f43ee1a041d108b87487c
TEU 170#111,resolved_unique,1,160bd2de787d613b6d8897d83162edd0
HandiDog#DOG,resolved_unique,1,7e25acc5a7d09f82d32ab428f3f5144b
KNOX#SUP,resolved_unique,1,52648511ca638bbc022a124b7b4bb682
Nico#coati,resolved_unique,1,27e89ab529d95bfdd365f65e3020ab65
FIRST SINNER#SIN,resolved_unique,1,3aebef066581748480f0bb8c170c4a36
SLRSLRSLR#023,resolved_unique,1,4eb5f604122cc26bc7b9f5031af842a4
sterben285189781#allie,resolved_unique,1,703a9c4ba3edde95fe6388a24bb5e79a
twtv liceumlol#ślizg,resolved_unique,1,b7cfb883608afca26b60b99118a9f9e8
FatLittleFarmer#EUW,resolved_unique,1,267e08a44c523b34b9ef7fd43d216be5
Scrooge#117,resolved_unique,1,e95b2c3abea1e14ab11087fe54aed6ca
BRL GolÐ#GOLD,resolved_unique,1,db28a59198506bb2340f42ab5917198c
remy the rodent#EUW,resolved_unique,1,4dfbcb4a8f5cd5fa569a233cd3b9b167
AlmightyDvck#69696,resolved_unique,1,5172e1685a44a6b8b41e4ab9ef866acc
superstar parA#001,resolved_unique,1,b2b497b29ba1253e319c9eee6f56f8dc
Saku#ritou,resolved_unique,1,7d38c2653ee15bc50bb5f738bbfd7f6f
DarkxGumiho#ADC,resolved_unique,1,6752a0a9b92dd4ce52dbc56ebcf83102
Peaker#Kind,resolved_unique,1,f17a9e004768c703114b03edf0d38b46
anteno#PT1,resolved_unique,1,1e2d84e5928de65aea45dddde05475b2
reaIity#check,resolved_unique,1,974d379d180490f15464eef9018f1a83
Pentulis Tumsa#YEP,resolved_unique,1,945c86f8e941dffed0e5fff85b3c11ca
twtv noahlepingu#SHEN,resolved_unique,1,d02a64d80402ab9ff5172b6074799c46
JDS 2115#EUW,resolved_unique,1,a33390fdc40232f40d713e6aeaf82b41
Po3s#Tilt,resolved_unique,1,65bf27b492aed8187ce76e80be8c2444
Herazor#EUW01,resolved_unique,1,ae9cea4086e1bdcd35742d92f34fd57a
TheWanderingPro#TTV,resolved_unique,1,8eaa3a4c853494ab7f52c41f59ce1932
Morning coffee#crème,resolved_unique,1,375513533b665933122407634288dee7
Pucki#MID,resolved_unique,1,84f8665f02ee99ed5550b6680a7258b3
천둥의 평온#Glory,resolved_unique,1,abcce4c2dc846590c30b27517db3df91
ALLRIGHT24#Pig,resolved_unique,1,c4828336492f7f0e18ec3a8d8cecc9d6
Wrath#9042,resolved_unique,1,dc39cd1bdedfa4b165386de6ceb32cc5
Focus#14J,resolved_unique,1,ae7801861e8191ff79cb7726ca64323d
OneDoggoThe#Car,resolved_unique,1,18313c440901b4aa118860d0bbe97f49
Retired Yung#EUW,resolved_unique,1,c4a22d0314b7f9207dde365454319664
UwuEmpress#UwU,resolved_unique,1,09c2bbbc0d80ccca41dbac5aecbf2d50
Unknown Baguette#UkB,resolved_unique,1,47cbc992678a41f89bcf792474ad7daa
자비는 없다#bang,resolved_unique,1,5963b51ec40bec6536d4abcc4d6566b5
Bob plechovka#sfg,resolved_unique,1,020b23a95ad6f795b75fa13c0725f300
purple friend#lol,resolved_unique,1,f4cce50749edfbee6330de43441cb817
KC SUPP PRODIGY#HUGO,resolved_unique,1,263a10d7e7137ceddf738c07ddf1e880
gorbert#7777,resolved_unique,1,a2e35b9e8ac85626cdcd97d81615c6ea
Lauxio#2246,resolved_unique,1,5057eb15b27c75c850250ce3f0aa71f1
unforgiven#12331,resolved_unique,1,fc80070ffdc1779bcac635c59dcdc01c
UnwaveringShadow#ALONE,resolved_unique,1,871f8809843c745d36d34fb1261791b6
alecc sosababy#11593,resolved_unique,1,3d1a4dd93160970769a3ca89f56dec19
Kpopalypse#EUW,resolved_unique,1,4f3b8a39cd083446598fe2d208a07c47
Quintero22#EUW,resolved_unique,1,ce5c68263f450160b0538236271fbda9
Nomi#EUW4,resolved_unique,1,1a270eb2dbcd5e5d6b2b92ff62c1c4d0
FindTheHway#hwei,resolved_unique,1,a8cf444e5dbc9334f304c920aa443cd4
Barney#dumpy,resolved_unique,1,5cdee338160255a14c1fbc6766d73f32
Тарган Топлейну#EPWIN,resolved_unique,1,b5d4df0b4b846e2192b76841077acea4
TheodoreJea#EUW,resolved_unique,1,ae9871b2e29396eeda5c3510191e0253
Ayane#9707,resolved_unique,1,83e17dfac20e69470afc055f76f276c2
SOGEKING#EUW11,resolved_unique,1,ad897ccd1a24c5011be4933e464caf8c
Spidergirl#69690,resolved_unique,1,b39d2e50b850bc4068b24592569c1fc8
Unidentified 13#0000,resolved_unique,1,eefe6330e532b4e5567238f5f7825d43
JANNAD0RF HETLAR#HAHA,resolved_unique,1,4f7b01b762c985e42d5c78c8748e6758
Nenad#1v9,resolved_unique,1,529a08291a193b035a309a9a2db71ec7
save your tears#252,resolved_unique,1,84af5d2229d73b051907a22b0536e669
nemeni#sack,resolved_unique,1,2e8e86be903446ccb2660e61dfd5e241
takopi#talk,resolved_unique,1,60a560c9aabfdb460c4cfc6c39275c96
FornoReason#Gap,resolved_unique,1,a270a604e9c76e345fd0ec6a2f6111a9
krytybu#EUW,resolved_unique,1,3d94638bffe8940bb0e95c53e4316638
UPDATE#16164,resolved_unique,1,74d92447ef41cfd25cb4578434c0beed
Rabadon Merchant#3500,resolved_unique,1,2c3558813a4f0ab7cec3fc1f674a33c7
Łúcíƒër#G2FR,resolved_unique,1,f90b97c074208c00df58c18bb295ce83
buffi#1505,resolved_unique,1,0ddcb3b04c0c0feb728035bd59da3a20
Henning#119,resolved_unique,1,3a58e0021bb5435885c37f36424154ec
nickname ptaku#xpp,resolved_unique,1,c6730b7b372f22faf743660635f0b97f
JayJay#xyz,resolved_unique,1,09c7bbed12d0c9ec5ea1de5e713a47a5
Satto#happy,resolved_unique,1,bb49333299ff80a1bf73162b22d03989
Owelius#EUW,resolved_unique,1,5e33cef972d6e14a1df5e2bf743450c7
BreadRosten#EUW,resolved_unique,1,727ea0df1d5a215e1dbfa076726ddb6b
STRONGSIDE LEON#0000,resolved_unique,1,699dd50ad090b5a937d4212003ec1f01
requiem#saku,resolved_unique,1,caf61595113f76f393e21de435f81aeb
sudo#EUW2,resolved_unique,1,1862ec8975e9f905195bb05d1f3821db
Clawser#ARCHE,resolved_unique,1,4d84063cd3803f55cfd97c7be8fe932d
PopesWornOutBoy#133,resolved_unique,1,185332badccf6331004f90e8c091ad27
YellowMoonkey#123,resolved_unique,1,c4f2bc338672a4ccbabfcf2aede02e11
Hans Zimmer#GOAT,resolved_unique,1,6f147797dc07136fb896dbf4bce157c9
fallenvxz#CN1,resolved_unique,1,3ecf58338eae64d0357cde477aaf5ce2
Scarface#wwe,resolved_unique,1,a20dc5c3b2c32f5ac23150d026cf5db2
SeXnS#SeXnS,resolved_unique,1,3eb568348242fc9b64edfe5c3567bbf5
MY BAD AGAIN#MYBAD,resolved_unique,1,609befc9fe50f581efbdff88ef61aadf
IvernDevil#devil,resolved_unique,1,4f3849f609335766e16ba033aab0cfcb
the clock#6204,resolved_unique,1,e7c847650ba3009257892122f4437229
Johan Liebert#Booze,resolved_unique,1,354c75e316a39de098b7a48f09b23218
Mâuntér#00001,resolved_unique,1,a27793fecad240df923e996c4488b8aa
Νagi Seishiro#LAZY,resolved_unique,1,be60115cfce08af297b1194ab47363e0
Cryoxx#EUW,resolved_unique,1,3da4ce669156bdb6c45ab33271d6c9ca
Jenax#Twtv,resolved_unique,1,a60505d99f1350cd76b901db011b68dc
SQBANY#EUW,resolved_unique,1,c47b2066d65ccd1350da0cde0dadda6d
GUMADRUXY#Sung,resolved_unique,1,d5fefb5b76ee674608327179e9e3aaa2
Antihero Arc#TROPA,resolved_unique,1,2469974fe48657571ec6d5728f33d740
EARYZZ#0001,resolved_unique,1,8f4dc8e73d40cfc870de80101f173440
Krysia 777#666,resolved_unique,1,2362cb45d6f62f54fb1c69f85c82b1ae
SeyZo#EUW,resolved_unique,1,57c48c0828981e028d540e9665cf6c73
waterenjoyer123#EUW,resolved_unique,1,9233192d4aa5ee66df55881cabeb4ecc
realskym#ttv,resolved_unique,1,2d0dd4bb2bec8843f3fce19d8d83c874
Kynra#1158,resolved_unique,1,98f6cafc4ba7fea89bcb6a748f2e5edf
Neltran#EUW,resolved_unique,1,1bb944a98e7f7ce1d4944c22b93f25cd
Mr Sanchéz#EUW,resolved_unique,1,d8f17942ddaa701adeaac9fa126543aa
Phosdoq#TUN,resolved_unique,1,e4850444856740ead3f8e9602ce5337b
FIKUSMEISTER#EZZ,resolved_unique,1,3db39c6dfd34948be5919bd4ba1f7545
Sakuryhu#saku,ambiguous_multiple_puuids,2,
kyo#dopa,resolved_unique,1,1929dcef2955551f861153996a733774
ADHD meds#SK1,resolved_unique,1,07bedaff3a77d6af2ce7b42c32c7db96
Poweh#dog,resolved_unique,1,5f9a0fa188a59c47ddf755105b274a84
flordelotus18#lotus,resolved_unique,1,6233777d0cf063bec89a6c6d0bd71dc6
sayeon#6213,resolved_unique,1,785568a037288b54ef2f407d57092a73
Susuwatari#sol,resolved_unique,1,8c393a944c6086ae3b896fdca673eafa
TN Whitecore#EUW,resolved_unique,1,5ba1972b9c4fc39075145bf497c43022
Zealous Spark#Spark,resolved_unique,1,24698cd11403e559390c5d9fd8428a3d
Pepek Bol#EUW,resolved_unique,1,d9a8a65e59c7085acdc8312fdbaaf54b
くﾒ З#ﾑﾑﾑ,resolved_unique,1,be6df7b90dfc88c2b412139441f7eae4
Jakob Schubert#NLYUP,resolved_unique,1,b1b687b1ce3797bbd19cd90394c27d07
SHIHAN1#ALPHA,resolved_unique,1,9a8af66209fa6c6693326dcabc339955
Jennifer Holland#EUW11,resolved_unique,1,498fc00f491484acbb9cfd2900c44452
Mirrai#025,resolved_unique,1,9cccd56049a506616b5298d7e193775d
ΛŁΣX#ZIZON,resolved_unique,1,383f74ce2d50caede220b8be6dd30a46
MKL#622,resolved_unique,1,0defec6f445e5158321bddd6453457a3
Ryze#4209,resolved_unique,1,666cfcda3d32008f9c5dba37be92ec48
GOODNIGHT MATYI#smile,resolved_unique,1,d7074c33ace045de3681eeddc5e99cc8
natis lover#333,resolved_unique,1,2a59557d4078d0271a41c6d6a4bfbc0b
i am twon#2NN,resolved_unique,1,3544114505f44872c0d981b11452c31a
dont need it#thors,resolved_unique,1,44c9718aeb08de80f1177a0853bdba1e
mike tyzoune#IRON,resolved_unique,1,0ea2afa57f2a75e814686e4a14384c52
Wapzy#EUW,resolved_unique,1,1caa5279d1b29e0ed71b02a336898c0e
TwTv Yikesu0#Yikes,resolved_unique,1,7cd31ea47d48f6ed8a09ee2ec691491d
DizL#2297,resolved_unique,1,e93ebf3e344fb9fd4e600a452b8e87be
JırenMid#EUW,resolved_unique,1,d3a32f2b24dc26b8ae6d8954744e6794
害怕999#hirm,resolved_unique,1,fe3e4afe410e924dd744f8260bc4acba
Dustin Poirier#CETM3,resolved_unique,1,5a61d4225e0889050af8652d23f48260
BowChiquita#EUW,resolved_unique,1,55edcccbb02b13ce6f8c656af727a648
2eveu#X77,resolved_unique,1,17f713a46b1d357042843dbe2a2ca747
Hazel#KCorp,resolved_unique,1,ba07d530b484c734868d3706774ab3d8
focus#Koala,resolved_unique,1,793e1e063cc453ada705e737deb5c236
eskii#6463,resolved_unique,1,bbec2091d8e310f614db431cd6ad0950
Elliot#56340,resolved_unique,1,5e785e4e859532ace1e148b808f8b6da
sevaus#EUW,resolved_unique,1,1d291bf6ff73eafc53702a9d6fbc46e7
Peak Level#444,resolved_unique,1,7c874dc17670ab5f2743496984b0d440
Phil Hellmuth#brat,resolved_unique,1,bb6add5a7632fd2ff7e8da690b1711b2
Nightmare#TDK,resolved_unique,1,cfcd5aa6dac2f82cd793ff70e78110cf
FLASH OR HEAL#EUW,resolved_unique,1,529ccd7c303379e4158d68481d70d9b0
ady hobo cba#kid,resolved_unique,1,6ad1efbae3ad63e6d6f3c6983177c126
Irinay#EUW,resolved_unique,1,4f6ccfd5c7fc1a0eecd1b6eb01b7f848
Numandiel#EUW,resolved_unique,1,2e116f1643e980b05501c1e942476913
asrgilubaligbasd#sijgr,unresolved,0,
Jolagreen#0023,resolved_unique,1,da4314f74cb47407f3de5fc55bde1956
Goldenpenny#EUW,resolved_unique,1,d2cfe06b21fd1a23ab0c3df068785fab
CaprioPomarańcza#EUW,resolved_unique,1,2dab74fb110e676da6a4224732b4309d
KPR kpR#ZATUP,resolved_unique,1,f3571b7f32846e9346ee68058b3e94a3
Praxmax#12620,resolved_unique,1,559aefe4503679990e653ee423cb3c85
undersea light#KAI,resolved_unique,1,a8ee60a7214e5f3d1be8ada8538c1f91
brhoch mqawd#2998,resolved_unique,1,ff4996886587b46394981cc9ce1ea9d1
Thomas1ve#8251,resolved_unique,1,db7c2272fdbd9e3ed121154641ef1584
Forstie#UWU,resolved_unique,1,1a4f9ee4a36b04a15e9b8f5cc1f72df9
vanilla scent#gabi,resolved_unique,1,58e67f6816aaef6a22f858d78053daa4
Birkyy#LOLPR,resolved_unique,1,a7b76aa11b68c39c9731bd81f9117d70
Frennna#EUW,resolved_unique,1,0d41741072e45e62851e8c402cb93f91
Zelligien Sucré#WC030,resolved_unique,1,caba3b93a0df1d6d9f3b6bcd9df25f31
Blackholychan#EUW,resolved_unique,1,4c4393c7dacad68b581dedb42d079452
SCIE A METAUX#1999,resolved_unique,1,85ad6853fa4e54ef0bc18acc8dbb75a0
Eberechi Eze#COYGB,resolved_unique,1,b1082c2a48537d0b44cf1cf951d7ac2b
Vegan Veigar#Grass,resolved_unique,1,9ec746c3dae2c072f12376db6cfb102a
Dit Verse#CHNO,resolved_unique,1,41c518b24a589bf68888a7f011d62dad
Artix von#12345,resolved_unique,1,67a552ea6a53de0f3c4e709fb9d84bb3
Jowni Dasper#9466,resolved_unique,1,3d592805ed8429eb311b63f42ab27bde
Spiderlair#EUW,resolved_unique,1,3e545801061681d6615e7db405f7832c
tdrgesad#EUW,resolved_unique,1,a30fcf62b708f5931a005f1e91714aa9
qwerqwsad1#2006,resolved_unique,1,ae02ec4f0a91c94e1aa4d38822dd9951
Popomare#EUW,resolved_unique,1,5066fc009d3aed4fd4a098e599c52e91
Masikinias#VEL,resolved_unique,1,ee088aa02b7725fb6530d971c477b1b3
Trailer#EUW,resolved_unique,1,1ab0cc2754737a7744a85a19c938bd0f
H3ad#EUW,resolved_unique,1,404dcdaeadb3c946d9d1d8b4106b9815
Zodiac#25511,resolved_unique,1,4face0d4d57625e2e5e5bbca49216023
Xiphlo#EUW,resolved_unique,1,d559216e540b4fe11ee988227c4d30ee
Εlement#EUW,resolved_unique,1,4772953a297958c2e803ab21d9a22723
nimifan#NIGHT,resolved_unique,1,d6b56a4ba9a55a1a544dffc2b8a8c4b9
Twitch Aegonxlol#AKALI,resolved_unique,1,9c44a60c3e818261fe0d032477ef47a7
BobMarleyEmin#snscp,resolved_unique,1,a4bf8c4da7283d14bcf88432bba2ca88
CANT BEAR IT#EUW,resolved_unique,1,039e6d44507601a917a35d22cd5f8bfc
EsDeeKid#19200,resolved_unique,1,24cc220ccabc5fbe52d62b8dc55b0bba
BGT FireAscept#1310,resolved_unique,1,5ffdc6c72b01e7bc9a5e0fa07f755de9
Anton Daniel#EUW,resolved_unique,1,4e61d790389e96490f90974a98fb4fb1
Mauro Garih#EUW,resolved_unique,1,655d2d73d004f746d90f3b3c6d22976c
Poop Genius#Klo,resolved_unique,1,1a68c3615d45c2b174a2220a6aaa6a05
CikroMipek#HOMIK,resolved_unique,1,3e1e0d8bbb07c19cea70b8486d181270
Ekko the Neeko#EUW,resolved_unique,1,3aef9e902a3678a1b98c2b7d43205b9d
Kral Batuuu#kral,resolved_unique,1,1b9ef43ebee145a513f33ac7d6f5d93b
CURSED DRAW#DOIT,resolved_unique,1,d248662f4702e168b9bdc75b24e4db9c
ANTOS#SOTNA,resolved_unique,1,8f1547f8af5456f416f3e787961c68c1
T1 PEYZ LOVER#FAN,resolved_unique,1,56cf8278dba8b33f31c71b9e062d0bcd
Simpli#000,resolved_unique,1,b86d71604d8938143768bab4fafe9cad
Aurelion Sol God#EUW,resolved_unique,1,d2e6bf5c0f0cf192994405ee3749202e
veigar1000APhaha#HAHA,resolved_unique,1,d4615e3416045daa9e26f5868cd27b49
Lesbian princess#UwU,resolved_unique,1,e163996da0b00f65fdc73934c0cd533a
Borz Chimaev#borz,resolved_unique,1,37a8ee10682c789547d78319c2031b39
Don Diego#DON,resolved_unique,1,9ebe5312d8aeab3eff3f6771cb09a619
wqecxzsa#EUW,resolved_unique,1,648fced3aa3d40c40464b8b45e4a41d2
Gottschalck#EUW,resolved_unique,1,305a7650a81926377c964ea6da92904a
FredSpaghet#EUW,resolved_unique,1,e2415bdee4d677c40c10ae0498d1006c
Espresso#2700,resolved_unique,1,537f7fc77b3efe193db5709d1f9b59e2
Zaoqi#EUW,resolved_unique,1,fae107007c210bf1682a9da1b3c3f4e9
MAKE THEM BELIVE#RANK1,resolved_unique,1,34ef5cedfee91b8ab1f68dffe4a011de
CHALLWHENEVER#iWANT,resolved_unique,1,29bb016eeeddb11a064ff3b50e6ac866
1meân1#just1,resolved_unique,1,dfbbac7fa3402adca4de07f218899eb5
DJ Toenail#EUW50,resolved_unique,1,b9cd9f22f175e5d7190ae44ee85053a6
wing chun#冷静的,resolved_unique,1,435798f501f414702d2488081c2a2d63
feng xian#999,resolved_unique,1,9adce187c6355b2826f55a160dec87af
Piim#8888,resolved_unique,1,61411ca54783dba451d4c41ff93be171
mor elo uzmani#kaine,resolved_unique,1,6128604d79f420e788cf6444f3e34458
Raven#VELK,resolved_unique,1,0f5f96bdc72f4c29440cf1f6d8bca19d
neodeT#lwc,resolved_unique,1,af165f11224d346a93c449e89b27069d
Goldmen#TOP,resolved_unique,1,400017b326f9022871401071ac0d7fe0
Rising#2005,resolved_unique,1,db7095ab32d428e6bbbf1b14e048f20b
m7md7100#M7M7,resolved_unique,1,4d427daf46480d7abc618b7dc234fbc9
twnz#X11,resolved_unique,1,3bceb0b6e7c350bf765ec2f60ee7d775
grisha turbina#ADHD,resolved_unique,1,5a5a5b801f335ebf3530229f0ace73d0
nznm#5424,resolved_unique,1,01022692b436c482e8f554c3020788a3
Recep İvedik#3169R,resolved_unique,1,5bd0f756a8359939b0ddb0acb24827ae
6 Legs Counting#EUW,resolved_unique,1,6daa9c7d40e5004516f4bef16ac50631
awhf#爱花爱花,resolved_unique,1,4af7273061b5eea5cde4ed729bbe5384
World Creator#AAA,resolved_unique,1,e6d903bba3c6642cc196d785169bb18d
18G3#EUW,resolved_unique,1,8b960a3c5c22d8518a51ecfa63ba1f9f
Lucius#Rain,resolved_unique,1,0d6cf902859f3d3498251f683d1815b1
Ad1s#448,resolved_unique,1,877a5981e46dbafe04094d4844e14d77
Haster#EUW2,resolved_unique,1,8406829ac0bcced8f8077e6a6fda8beb
Gugugagaa#adc,resolved_unique,1,c991c374a3995f990e301c147059eb5f
All Gas#EUW,resolved_unique,1,1f8f0b8ed0cef4f30cd713d4ea948bf7
Canam#123,resolved_unique,1,5ec5445461fa6deb9554fb781c7062e3
DIFFERENT DAY#yvl,resolved_unique,1,d126effb4cee69d6e7215f9f1951e4e6
Mysterias#EUW,resolved_unique,1,d66e1f1e81518e3b2d2e26e73a21e99c
fallenski#ovich,resolved_unique,1,c8942713e0d5820c7f9d701e07ba45c5
zereflol1#1007,resolved_unique,1,bcddaee5a8db21d9bdd07b80ee80c6b1
GLO Cocytos#Fugis,resolved_unique,1,88881393dc6c1595c8944e7e76b39422
actually not mvp#EUW,resolved_unique,1,5b7207a472539d21e74f54acff9dbe79
PatrizioOfficial#AURAA,resolved_unique,1,37ba309e16d94e2c584e269b10b8f4a2
MR PRINCE#S4nji,resolved_unique,1,5e881cb50e811abe0c3bd80f6d4d282d
Marcel#Focus,resolved_unique,1,2c81f6820cb15f490ab9c5ec670c5000
Quwrof#1111,resolved_unique,1,c06366290336ce12003d151a2b252880
gostozinho#2003,resolved_unique,1,ec24f387a080ebfe9f430f6ee208ca1b
Phantom Scythe#Aimer,resolved_unique,1,5334ba89ce463b0e564824e770b4d8c1
TheSpiralKnight#EUW,resolved_unique,1,7a5337e296bb08956fceefd119cbb789
Shane Walsh#EU1,resolved_unique,1,d749e3b323b0b8855a3db389b60a727f
Horse#2026,resolved_unique,1,615c2679625b15135ccdb61bf04f672a
Shadow of game#EUW,resolved_unique,1,036246e5472ff1d93b2753757551f142
cantwingg#2030,resolved_unique,1,4d6970aa1ca6e08039aed19ea4d76e72
Armandka#Grind,resolved_unique,1,6075ace004bb2ac02499cac451a81173
Cripple#Gwen,resolved_unique,1,a52b1441a62b586d1e0579b1862fb652
Libra#Noxus,resolved_unique,1,ca1fb2a4c11d4b577030c14876773b24
revert#777,resolved_unique,1,adbc755b653a0440c3aacf6dcf141bff
Infinity#5365,resolved_unique,1,dbd2fb4e36ddcd6bfe31a482a7e734f9
Alireza Firouzja#Djoo,resolved_unique,1,4c9c5c1f89728b72008aa9734ac66fd5
FlipAndDip#EUW69,resolved_unique,1,8e102e456a2b684aeededd116f77a578
TwTv ilyaRAIDEN#ilyas,resolved_unique,1,c2407ecadb9e3cdc134a46cb17d63e85
구름 속의 머리#happy,resolved_unique,1,e0a763146411ec7b9521f5ead4476e18
Dr Canigula#2606,resolved_unique,1,e16d332d21fbaef090d377b266b07c60
George Pickles#9478,resolved_unique,1,429f740b8d01c30be682aa70830092c4
Tyson Fury#last1,resolved_unique,1,e83fccdc32cbe96bf581caa2e8c28df6
GengarIRL#Smile,resolved_unique,1,8b530dbb108ed83a0ebebcdebb108303
ADC70#TOMSK,resolved_unique,1,64a95e9f207a51bd05c808fc8771067c
Whiplash#zzzzz,resolved_unique,1,25d702b74311b218126b5eab3d3d3bba
Blade ZXM#EUW,resolved_unique,1,7ddccdbe518bd288e9c4f374c258ad21
i like coffee#nCake,resolved_unique,1,85fe9a4ea458250577a23254bef16e9e
Karlos#gnome,resolved_unique,1,a646b0b5bb9456fd6e862da44d288a0a
Dudu#0000,resolved_unique,1,03e208e7e64a2ab5305ba21315a6e342
self sabotage0#EUW,resolved_unique,1,50d1bc754d74f8589e04dd7c1d6680fa
PGG IsoMS#URGOT,resolved_unique,1,c1e127ae004dbfc3f242f1148e4b2f6d
B1BZ#2026,resolved_unique,1,b25b7f8d97350259996d5439fadb81dd
영혼의 꽃#OTF,resolved_unique,1,15f9fbd6c16b557bd195dfb18aa6e8c2
ichdeutsch#161,resolved_unique,1,6afbf35dcfcb0f13bbb2e4088bc3fa69
Harbo#000,resolved_unique,1,a5f6d5ee413a110e87012f64fe36fa72
Sakkex#EUW,resolved_unique,1,17b93d987814b7be2136051ab8f257ac
TTobias lol#feet,resolved_unique,1,5fa085720984f7bdfaae230e8ed4b8fb
wiwiwi#EUW11,resolved_unique,1,37ea89521e715554a65991a4f881d40a
Szustki#666,resolved_unique,1,f5220556da30aca965ff3b693596171f
Artishpalk#EUW,resolved_unique,1,2b7f849287aea7d8dce84a5c60134a62
Peeluuche#EUW,resolved_unique,1,dddbf49ee2b9ca06993ea6cfb47c24d9
Fawkes#4321,resolved_unique,1,cea384a75c8c0ba5a5cf48982de23b06
CHAKIB IS NAKED#LEA,resolved_unique,1,21c792519b7f877370f8a58b7124975d
Kartso#2006,resolved_unique,1,50cc1e2e7f68cf1ce4f4bd9f68a1f86e
Top Steve#2026,resolved_unique,1,3ef91bc9a8dbd35ecc53c03740db424f
Obsess#2308,resolved_unique,1,6a38b218d6a780dd8016c9a95d178947
陈伟霆#OLVIA,resolved_unique,1,f38c5d40ee5c5b2678211fdcd56387ff
YOU WILL LOSE#GOFF,resolved_unique,1,9cd5541cf870d59a00b2619ca0cddf1e
TheEnglishGooder#EUW,resolved_unique,1,775185dc5ee3104cb0dd6f1c2c21f09b
Armani Sanchez#Brno,resolved_unique,1,5cec3f0a72a81eca936cf4215e134187
Shidou Ryusei#Yonko,resolved_unique,1,ea71aba9c8f46e3d8005af584740618c
10 12 14 BUREAU#93zoo,resolved_unique,1,241c46dbb3392c5556750557b3bb422e
Haytem#GP1,resolved_unique,1,a16b9f35d375914b43d4b4a857a05ebd
FIama#EUW,resolved_unique,1,0e1d86d32e3e1f5ff75d2536134e628d
Shenoxyr#EUW,resolved_unique,1,ac1e9857b4167692f6194cd4677f3485
Schizoid#666,resolved_unique,1,48e51d786a8097c96b3a55bc39fdf9ff
Pride#9032,resolved_unique,1,3812a8b23661dbbf26225b29e1f97cee
Isagi#PYKE,resolved_unique,1,59ae70299bbe2aaf8d2f9764fe82efa1
THE EQUALIZER#222,resolved_unique,1,de7c9b8074b8a60236cc82bad6e4d7ea
G2 BrokenBlade#1918,resolved_unique,1,b052f7a271f68146d9ed32f83a6cd5d3
TWTV Mysteryguy#9ine,resolved_unique,1,8487b2cbf1582879736856db9693508f
fallen angel#0710,resolved_unique,1,72efd1ce0288fd8c8c4b5832a51d9e2c
tears#876,resolved_unique,1,9b4a7c0a2d17ad60a82dc3db6e317b63
TURKISHMAFIABOSS#khura,resolved_unique,1,5514429bf6fadc9ec271d9ac52db8918
Letzter Versuch#Mond,resolved_unique,1,89f3ed527835aefdf38c274fb74f1e4c
Silva#EUW2,resolved_unique,1,3a70c38db38cd8d64982142cfb5875e8
WAO KING 1#EUW,resolved_unique,1,369c18b4fd7df18a3a53d0e5faa6abfa
Caucha#148,resolved_unique,1,321937f572d085ce4a3901253b0703ac
Fadit#3940,resolved_unique,1,28c2e91b3919432640c5a9b21a71ec26
Shaaaw#93270,resolved_unique,1,7dbc7116690f49e4fe1b315467c9555e
TURBOSPEEDSTER#EUW,resolved_unique,1,fde4c0f8e603012bffe5d373e255cc9f
SuperHyena#WWWWW,resolved_unique,1,3f0fe9a801ba32fbe2af05fe9769936f
Furby#EUW,resolved_unique,1,ab7e688598fd76931fc645b32d8adca9
StarGuardianRell#EUW,resolved_unique,1,892b831e7598bb053362e3836b254d04
IvanDragovic#2002,resolved_unique,1,214ad909753464d570221ec5e1921a7e
BEND to IZo#0707,resolved_unique,1,fe5fbd749bf7067e610d68af57709f22
EnRonin#EUW25,resolved_unique,1,109901a56e0cb06cd87377e3951d0ad1
777#real7,resolved_unique,1,b98ce23effc12117663ad66eb270c53f
H十DX#VIII,resolved_unique,1,99ccbb8ea09826f290d051218892b50c
Arkfly#Lamb,resolved_unique,1,25fa15776c0e37b11f0bddd4a2f65a13
SOLOQ#GRIND,resolved_unique,1,4b838de71ce4611cf7b424052996afbe
Vistaro#EUW,resolved_unique,1,bbc81c5619166f57d8dc60d0b3072873
sea#owo,resolved_unique,1,dcfacd79d466c036ffbb6ec70e0f8cc1
hollow#caeli,resolved_unique,1,c2b0cd89386772f10146c2638d0bcaf1
2ZESUO2#Kazil,resolved_unique,1,e7dd6106b862faee114b0d0f50687ca1
X A Y#cat,resolved_unique,1,bcc900bf3eeecd98f061e69518a0d0c4
Kobs court vite#RUN,resolved_unique,1,b93866e712c0516a3c1164d79b7f76ec
MadLife Prime#SUP,resolved_unique,1,a9e48d17b2ddc0f8499a30609958b802
GIDEON THE#9TH,resolved_unique,1,f3081af899d909f117b64c5e1d62c5c9
Entity#Flesh,resolved_unique,1,b1da2d6d99648dbd05cf4cc25e71b878
belitqq#2209,resolved_unique,1,9f19ec58b1851b06b1284bbaa28b9014
Wrathful Warlord#ARMY,resolved_unique,1,a135a3d508f7786f23117aeb9b9374e1
In God I Trust#AMEN,resolved_unique,1,14b8cbd446479f8ce766077e6e84f9a2
Kupiec Korzenny#Nugi,resolved_unique,1,24f0c6e4861c917eb026aa1d18f18ea7
Jun#Zed,resolved_unique,1,fbbaa73e156c63eb6c27bd5a1440f00c
zxvaxasdx#EUW2,resolved_unique,1,73c9446c1db0c71af134082815d91119
Heroic#Herc,resolved_unique,1,7d0386fff9c3f138819f076e46e5771b
PisheR#EUW,resolved_unique,1,302faba9118177b524cf8bc419870d6f
Tohle je Demo#BUKA,resolved_unique,1,e55901471869d2e99a3ea3fd662e6464
PraiseTheSun#DISC,resolved_unique,1,b85ed562df3b24466d2d692925ce5682
Mental Buddah#EUW,resolved_unique,1,3a20d792b4ffd4efcb8d0d8435412c5d
Titaniâ#OMG,resolved_unique,1,eb2b8adcac7b6cb0dde05c9bf842e475
AssInFaer#EUW,resolved_unique,1,6a9f8e4dd50bcbb0c4c5df15e1a16685
Sheeesh fefe#Lynaz,resolved_unique,1,af9040d02218e0f1cdd063ac546a9675
kiwiiii010#7973,resolved_unique,1,c9410ee44142beaa40c1496bc9a35f72
SteakBoi#HUH,resolved_unique,1,78fe0f0b6832330f064e04afe45a5608
Elvantiel#ELF,resolved_unique,1,3ab22f414543d940458379400df332dc
Kumiko#12345,resolved_unique,1,83288d86b8cb905db39b0e74d07ed2ef
Chambel#BAHA,resolved_unique,1,6030e6afdc624a0c7be5f1bf44222796
拉塔尼亞#CN1,resolved_unique,1,9ea1a8bcb9c4cc6d5632a6911963cb80
Alfredo#BOSS,resolved_unique,1,d460552da0f3b4cc59c7581402c19dc7
Lucid Dreams#RAGO,resolved_unique,1,ea376ce77f3ea062558cface804b90fd
enami asa#yngi,resolved_unique,1,9a5d5bb4b904ba18a50a8e87001c7e81
Mecki#001,resolved_unique,1,05502d76c2084a35f9bd38b386c0b1a7
clapped by chain#sylas,resolved_unique,1,cc0945d0394b0b43d982f9424b6cd224
PEARLBLADE#BLD1,resolved_unique,1,8198a13eb3fc8cda449c2653d194b55b
betrayal#99990,resolved_unique,1,718df5c4e28bdef3fdf2981350e23021
Oreshizu#TROLL,resolved_unique,1,ea6edc3a486cd1e25b985aaa2ab9f9e3
dust it off1#jzx,resolved_unique,1,d44b5b0dfb6c9521cb7c67cc97cdbc07
oivallus#owa,resolved_unique,1,877b349dfed5a0952f2140639a76ece2
The Sweet Kiss#1214,resolved_unique,1,f3ee57a964eb8b050b65341b9a9ed939
TwTv Yokah#AKALI,resolved_unique,1,70bd8fb666fc6311f3f4e16054d54333
Ipados#SWAIN,resolved_unique,1,8bdfbaf9fc309b2842422acb5f19c45d
realeliano#real,resolved_unique,1,7828ba5370875366205cb6a795cb4287
Baby Canyon1#KING,resolved_unique,1,d37179a989cefcdfde3bcdc002676a8c
Shunrim#hook,resolved_unique,1,30c30790b238e16fe1349dd502d024e8
potati#potat,resolved_unique,1,2efba8acc4375ea0dd0da708a1882889
Δkrantor#CAST,resolved_unique,1,27fbadf3af0258ad284d76d7f8efa0bf
Zz1tai#OO3,resolved_unique,1,42849a28e3c61cb8224ec2845795f749
zyb#Kira,resolved_unique,1,d56f8ecb63cd576050250ce0bddb26bd
OSV K0zZ#EUWW,resolved_unique,1,ccf27eb42aa0f1433c05dd51c9440466
jellybeans97#bruno,resolved_unique,1,7f9be762a5b39bece0b34efb6dfb4564
Elow9#ooooo,resolved_unique,1,c1853d9bd654d703fb30d2c1d5f2779f
Harry Tipper#2010,resolved_unique,1,7e6e70dac48643c9ed6356ff711749d3
Akashi#FXG,resolved_unique,1,a7e3ed829b10b24c6cee4a6cb48ca3e5
Bent246#Bent,resolved_unique,1,2cbc198c92d2bedabb37e9a846525477
darkchri99#EUW,resolved_unique,1,7ca29cceeb51d8046aaa0780568578a8
Zeki#LFT,resolved_unique,1,16f8d8597bb0bbca20bdf77848e728ef
INCEL#WOMEN,resolved_unique,1,d82edc24fd76bf7f9af043e2f1300355
DaXiongMaoD#3213,resolved_unique,1,bf4f195e7bee006317c790876fb978d9
i cream in peace#daddy,resolved_unique,1,64aa090eab4ca463efe1aadd0120e3f4
Jerry Tingler#Linn,resolved_unique,1,ddbe90a2b365ebff43ecc9e2187f327c
timeeGER#EUW,resolved_unique,1,83674c27d4b95abf631f3a80ca699889
アニエル姫#cid,resolved_unique,1,8ad6ff43eeb7106c2764f95bc06872d8
The Mountain#IRH,resolved_unique,1,f048b179afc7053454a266cb782e8af0
Carawawan#EUW,resolved_unique,1,849bc37b6d3af05d02907e7cbff8bbfc
sacrifice#2026,resolved_unique,1,edca5799177cd53a1a749e2c7c8db5df
DubstepFly7331#5326,resolved_unique,1,139685cb7f0e52c6180d492472920745
Wesiust#EUW,resolved_unique,1,e2102d45640a4367bdd4c79a9275cdf5
IVORY TOWER#0227,resolved_unique,1,e29c19acef40a82c30297835062f3002
Opscurra#2025,resolved_unique,1,945d2dfbeee3bf90a83976b328dc2c0a
Struggle#Gatts,resolved_unique,1,74427b41f266ecf206962dce861deb2a
The Grinch#XDMAS,resolved_unique,1,6622896199d6219268f385ec36dbcf7f
GRABUGEーVACARME#444,resolved_unique,1,79ebf8bdb22fc8f71474b6970cba039d
shizouh#5970,resolved_unique,1,505d4e34572dfb312b100bf625448e73
Evilzones#EUW,resolved_unique,1,be7527be48a21b084f8cc157061d0487
electric love#永遠の,resolved_unique,1,9f5c8819143c3de482d1d114a6c63ff5
mode XL#3616,resolved_unique,1,1ee39af760fabc0d926830a831f624e3
twtv v222lol#222,resolved_unique,1,58cfacc0cb5fc4fff6a4ea3848ac3a4a
Klöppi#765,resolved_unique,1,14b50d649716d24437c981c1ee6e2ee2
Aranty#0511,resolved_unique,1,e4eb92746a20b5e0071e5b4364bc5978
Cheburashka#Ace,resolved_unique,1,0ed82024a594aab1ca7c46bca57d4197
Yuugen#1206,resolved_unique,1,61669f239e031775476622cdf213046d
KWK Kingsblade#KWK,resolved_unique,1,4fd65d14cd3f05395995c19c79f76ce2
Kiro#rain,resolved_unique,1,c0e325603269d895502080330ebe5193
Boltox#EUW,resolved_unique,1,b392f92a900fb75f87d479a69d7526c4
ALLIGAAAATTTOOR#Crocs,resolved_unique,1,b307484337556de6bff5c844516cdb8e
self control#gap,resolved_unique,1,445984b0bfe13fe24b3da64667d1122d
John Cena#19634,resolved_unique,1,4442f755f1802af8977912bd02adc809
Goku#6257,resolved_unique,1,dc1168fbe0e424f9e39dafe8b938202e
LLawliet cosplay#EUW,resolved_unique,1,f5b09f93e47873332e116e7dcf138f7b
no win condition#etow,resolved_unique,1,45c7ee839c4157101d6e38d1c9a0561b
Ey Wicked bac#szn,resolved_unique,1,de4e8228a12f3c03a66d9e40cca62cae
dropbouf#0000,resolved_unique,1,a618108dc4f5fc3b3b6b23dcfc9e21c7
IHEBIC#0000,resolved_unique,1,de45072cc5024d88fca9fad1081b2d37
BACKSHOTS PSYCHO#PUPPY,resolved_unique,1,e28cf7497874a791c93c729388370f23
AMK0H#EUW,resolved_unique,1,2c9b4b4edfc991809c22f4fc49ada898
ActuallyLetsOpen#EUW,resolved_unique,1,13553c1f7d0a19973d030ecb648c805a
Bcan#0001,resolved_unique,1,fcb1a6d1673c29822fb0326644b92cdc
bobbythebobster#EUW,resolved_unique,1,1ead837be40a1f93f2e81737a61690c9
white diddy#freak,resolved_unique,1,61f6023e42183f6ac3d2342127614591
WTF AM I PLAYING#cnszn,resolved_unique,1,878246ac06672791df3adc9cfd649ac7
Inverted Enoch#EUW,resolved_unique,1,f2fe1c4e4248aad61462efcfae209c2c
Iridescent core#Pure,resolved_unique,1,c658d58ac531320511e40e0ed69c9d84
kolopak#322,resolved_unique,1,a0f77dc7ad1ed5186530ca64376ad68c
gromp#1508,resolved_unique,1,975a1073675b1dc9326623d4fcce3c88
6GPAelectricshoe#SUPP,resolved_unique,1,7fa2a97d98791a23910751d900b9257e
Heroic Pol#POL,resolved_unique,1,114130edcda364cce92395e0f5a87980
Elite500#E500,resolved_unique,1,a9a37fd6829e9aa7bc687d2697228bae
pretty#cure,resolved_unique,1,f577b12bf20fd5f680c5920758d9e282
Lil Tae#God,resolved_unique,1,9795afcc63253251495ee3f81b70810d
Mercia#000,resolved_unique,1,139c28928e959cd4c6ad008cf625d3d9
9thMay#twtv,resolved_unique,1,6b946cee6da41e5c1b5fe4bde46d35f9
이기는걸좋아해#1111,resolved_unique,1,5ea20c99e8cc2d1c85fd285799f92fd5
Falleo#Fall,resolved_unique,1,ba937f45f0b2f44bbeec0df2bc4c3903
Ikuust#667,resolved_unique,1,2e952d39ba60eb22fc600bcc5627bf84
16 lineς#11111,resolved_unique,1,71c75f84d23dbc4c14bb5a8e46b7b470
Мясная Избушка#Душа,resolved_unique,1,d610f643aa2f3c7d6081fa14c4a49236
tommy gun abuser#EUW,resolved_unique,1,ec06eabc190c001a19790a737c911bb9
Frezzer#YoRHa,resolved_unique,1,434416188666b9ff2dabfe64426e8115
Blackhero1#EUW,resolved_unique,1,350b1cffbc020eb1b07b21c8a9d54083
Sleepin all Day#EUW,resolved_unique,1,c48edcd033b3bdd846881d8c562453ad
Caedrel#ADS,resolved_unique,1,0512bd4a301d56dae42248df2b31efbb
Ego player 叶#叶叶叶叶叶,resolved_unique,1,bb9ceba21160aaea2795b5b90e81f5a6
Painful#lol,resolved_unique,1,875837c6601c8a996fa1aab71d1c9e5e
s z f k#2004,resolved_unique,1,bf25944846a96b8b41bca65973addd35
ande934g#9999,resolved_unique,1,f03654371943a2cde135cf16e3dd8f75
폴란드 제카#mrzk,resolved_unique,1,f043bfd5ba345fa755442a20fceb09e7
double fantasy#0110,resolved_unique,1,982e3cd922a33bbe3dd2b317c863c1fb
silent psalm#KR0,resolved_unique,1,df7abce98c43471e78865d0f31233c51
Wapode#Black,resolved_unique,1,1c9b61ad423ee4e4f06100163ffbe11e
hellcat13#him,resolved_unique,1,ba89d7e2414fb283e2f9adec736cc346
Roggygor#Roggy,resolved_unique,1,0575d2b31ff596fd3733708999d15b0c
Tsipourakos#tsprk,resolved_unique,1,3f037b338b96dfc1caa71d48ad404668
Chris#102,resolved_unique,1,9d052ca638e100638e8f5bd17a7ac461
dp5x#83586,resolved_unique,1,16a4f0a1c6bf2bf3d34d5ddeadcb7a2d
eszemafikáém#tul10,resolved_unique,1,7c8ddb8d565c504873cbdd437805d170
Thomas Jalbi#XD3,resolved_unique,1,5d424c3bc5ef058c9e43ff6ee3b00028
Look Behind You#TTV,resolved_unique,1,701876e8c27625c4ea270b1ef91018e8
smjls#smjls,resolved_unique,1,a679393ffa8f17d4e9dc6450e9ba115b
Kerraii#CLOWN,resolved_unique,1,4ef1f61a64eb45ba6b8a5b6bddde922a
Lari#1111,resolved_unique,1,bf22e6cdd3809f9d962f4065702f6e1b
DerpyPhysics#EUW,resolved_unique,1,57c2b41d2387682dc19f3aedd731824c
KAN#KRX,resolved_unique,1,6fe6395e8ae9b03595f025c9e06917f1
ilaymatur#1111,resolved_unique,1,324ab65cb8f4c2bf3a6d0a24e335294e
TryHardMatthew#HUGE,resolved_unique,1,f35f08465de08a0ccece0746cc81ce8c
humble kid#deli,resolved_unique,1,7105ccfcc7dc44094583d8c752db8e94
Tommy Seebach#EUW,resolved_unique,1,c55cc3abc8e0c167a82a7b5f8767682c
megachaos#skish,resolved_unique,1,b57585d56956ef71aee2536be24353bc
Spell Thief#Erky,resolved_unique,1,10b27b9907951bfddcbc6d0d8604f06d
Albi warmup acc#Snoe,resolved_unique,1,507ba633ef762f35a805ed1cc26e8983
Tea#2299,ambiguous_multiple_puuids,2,
Αrtoria Prime#eProd,resolved_unique,1,7f603244229208855aafb4d8942ed693
Alan234#EUW,resolved_unique,1,722f65fd9e4c6de90721270ffeb83ab5
Mandaryñ#xdddd,resolved_unique,1,0e181bb20f91dfb628b6b8dd531431eb
Denji#EU2,resolved_unique,1,13b486ff404efd81cbe68d18488ac23b
NO CHATTTTTTT#OFF,resolved_unique,1,619495317e8508748d9eb80a6cd3d999
Wolf1#2583,resolved_unique,1,005083d43b830cc7e5d70a45a55e00c3
Tschaeng#000,resolved_unique,1,3d85b4ca5ccf659bb1fc3a3fded4728f
Artorias#AVAL,resolved_unique,1,d7863dadb5295b502bc6deaaf315ef36
DarkPharaoh#TTV,resolved_unique,1,9485a01534244fe6a405e00cfdcdd80f
taru#641,resolved_unique,1,2954603447eee478762e926f1daf8075
I Blank I#00000,resolved_unique,1,a9c0c32b79bea3e427c8797d31cfe5b2
41009#6XX,resolved_unique,1,422f97dd5f3e3faa066f0c5b30343e68
Xuegger#EUW,resolved_unique,1,6dd38a1ae28b507a829d2b90a6e460f0
Despair#1603,resolved_unique,1,e499284921dc763a146f88ee63ea1324
Blade of Woe#00113,resolved_unique,1,0ad904b0568bb391ac7180dccef86c9d
Naamu#AL1,resolved_unique,1,4c4b43793efa4acfd6aec8e1c52a73f1
FΕDEVALVERDE8#RMA,resolved_unique,1,cf5d6eeee4e0ed04bde03b57d6a9cdc2
Colomblbl#blbl,resolved_unique,1,0fcb0f75d0cfa17b4ae6633575a0d233
good player#kappa,resolved_unique,1,8eea902922c4f42d6ca4ac1f723ad623
Tr3zk#Lee,resolved_unique,1,468bcc4f01dcb038ea93db19d30cb42e
Gank mid or ff#123,resolved_unique,1,02b3dafebf4bbd58db8045b81ef5124a
Nerf Nidalee pls#EUW,resolved_unique,1,ec1acbef10365c07db8c661109df59ea
looca#EUW0,resolved_unique,1,967ff1cb7cee22f645c295d013232fd0
Bu hão#666,resolved_unique,1,2cd7bb57557499318f4c5cb1d85ba51e
Darkto#JGL,resolved_unique,1,057e21404d3a166d40bc8f96be903e31
ROBLOX LEGEND 15#MEOW,resolved_unique,1,b7b8fbaa12505f489324b121cbaf5594
TTV KAAGAROO#kag,resolved_unique,1,58c1339ef4427b30f0d89692fb0b75c4
Garen Stockfish#6713,resolved_unique,1,3f745633dd18189916f9bb3e19036a7f
Freddo#SKETO,resolved_unique,1,221e7e710e4b99aad1a7e96414c199c8
Aurora Paw Pics#Miau,resolved_unique,1,eb568bc7b09f72857a930e3b48bc83a7
Los Fartones Něm#ejsis,resolved_unique,1,aed6f2c0bc52d3b50a9ca2255bf441e0
Allen#Alan,resolved_unique,1,a3ff66d19070d7d939c83ea46f2ecc62
Just1Bastard#FRA,resolved_unique,1,356a7cabb6e2ef6967ba767c34983830
死鬼蔡徐坤#KUN,resolved_unique,1,42f50c847fc505ac13b1ff1dd665024b
getslide#oku,resolved_unique,1,45340e6a0df33dbab2d6e1c5a041f16f
Topete#EUW,resolved_unique,1,f812d7b17906d895a5bde9fd16285a16
twtv kaiitania#kait,resolved_unique,1,aac4fc091a63c54eac7a77c2e0c2906f
mada#222,resolved_unique,1,ab2afda08a9c4eb94b5e3007483759a8
OrthoZero#Zac,resolved_unique,1,d39294d8654c38f9bf13098f4a1f373d
Krokante Fapsok#8181,resolved_unique,1,9711820f3b11322bc30f2cd44703dcbb
Oguri Cap#EUW81,resolved_unique,1,1d4df15ce46e53d0ce218b8e1f96f7a5
Fiixing mistakes#EIW,resolved_unique,1,bbfd0813b592bd9a7722f4762a1ee3e1
Igrid#mama,resolved_unique,1,00091f2476aabedd716ce1a70b50e22f
PEDRARIO#EUW,resolved_unique,1,0822440049cb5029e686c691f4c994e1
fiddleberg#rylai,resolved_unique,1,de857be69564b30be4926fb70087408a
허거덩#2003,resolved_unique,1,bedb76751a561ccc0fdaa97b44f3c9c3
drip monkey#monke,resolved_unique,1,3d25afeda2b668038a16cee7603905ab
Zeref#Pray,resolved_unique,1,33e3c6b9a66ce88345ed8921f6c0288a
Willing To Fail#EUW,resolved_unique,1,625c4b55ab967da689ceac14720324f6
Simpanooo#EUW,resolved_unique,1,05e32f9bcabc3a96d9ac1f525f083c6e
OhnoItsADragon#023,resolved_unique,1,c1c6886c0dd9f2b8c5eef1fbf8a0c1b3
GustafBaer#EUW,resolved_unique,1,cc1b4b9dc1e8f25b440ec7f0eaad4665
grec#3939,resolved_unique,1,e96bb8bcb566d9d67864e61a02e388b9
Generalknaskalas#EUW,resolved_unique,1,346cce798c77c7aa7d0ca7d73dc63053
HasanAbi Fan#Shock,resolved_unique,1,da416198709c35e3e7e8b2d804ecec6a
Jellyous#IXS,resolved_unique,1,54b5902639a42752c59141180cbc54d7
Mr Oops#EUW,resolved_unique,1,c43cb33c438583a45645637a527243ef
MUTANT TOPLANER#EUW,resolved_unique,1,4ec86808f493a790bb6523f06028e47d
Sir Bohdan#EUW,resolved_unique,1,d366395fd89c4d050e3489fcd5387c49
faultiness#aaaaa,resolved_unique,1,f5480871fa1bcbf1f3ec7ddf96103563
care rebuy#EUW,resolved_unique,1,f64d8a43214c32d20745659480a9b35d
BOBBYDONALD16#FARMR,resolved_unique,1,99dc7a769ff815dcb26071fc12e03e32
Geishu#TTV,resolved_unique,1,51bc11a5e98fc90e224d3ee8245092dd
Krosak#FREAK,resolved_unique,1,6ee50d4e685f59eb7ef42ac1efd7bf2f
Staargazing#Ocean,resolved_unique,1,1e38b961afb995057d01e1e2c7b4fa7b
JN Zoned#EUW,resolved_unique,1,5bd39e9e46accc1eb514823411e9300c
gsfgo gdfpsoa#728,resolved_unique,1,83bdf5260f94358eae2cdfc06e068b21
Taking Souls#FIGHT,resolved_unique,1,ceb76b48771ab322571b9a21583b71f3
Chooi#chooi,resolved_unique,1,cb5478dfc39bc5fae130502eba5e4fd9
LT LAST ADKING#lol,resolved_unique,1,47484bbd580faec978a39d09cc91223f
Devid#2000,resolved_unique,1,6184d5597b5bc199661ab0de9e518c1c
TonyTony Chopper#8174,resolved_unique,1,fa7557a4037602fac7ac75c66d735570
Go Ha Go Ha#EUW,resolved_unique,1,6f23698f907e325a2ec8488f6b41522a
Polnareff#EUW,resolved_unique,1,d82af9898ba22e68dae7a865b8bfbcf9
Spirgius#EUW,resolved_unique,1,90d19c5c3a9ec92e2cc5e9fc303a26bc
aarsqw2sqraa#wsq,resolved_unique,1,03077bd65dada436ab4d7fed9e033054
kinga swaglord69#swagg,resolved_unique,1,47f4adb7b9cc3fb24ad48bfc11443ef3
Ezi4Fun#EUW,resolved_unique,1,2fee086ff5a2d49a29dec8104bd886d7
Clebard humide#EUW,resolved_unique,1,972045be9c171da89e0f1af9905d5f9c
Hexom#ALLIN,resolved_unique,1,3b1b0258246a6271e5bd030b3953384e
Wufflepuffle#Wuffl,resolved_unique,1,36f4d82adb6a236d069337207d0e0c6b
david#fxckk,resolved_unique,1,1cdac13d1074b3f52b64fea235f4d3a2
Arcadia#LUL,resolved_unique,1,c0b87168a54a90eec35e3fbb204b2200
farquarl#4604,resolved_unique,1,d700f671c2dee33fe44a9250483c3fa6
eLS Louis#atlas,resolved_unique,1,f40e14ffafc974b0c9eda919eaa58026
Ava Max Genießer#666,resolved_unique,1,7bf8c6b3cd3fb526ced98e36936e5529
Igris#beruu,resolved_unique,1,e2e0388cb7e9244cd5328f10bfbc9307
Phantoms#EUW,resolved_unique,1,947a766b03b737b9608d50eaac396d3e
l Sommoz l#EUW,resolved_unique,1,c41790e05e2f089ceb75db087d32afdc
Tomitch#EUW,resolved_unique,1,2d44fe0f5f0e25dfadd328b8a2805d76
Zyreał#ГЕР,resolved_unique,1,c00f00c24566f180d9b95114f47a3c90
BlizzarTek#EUW,resolved_unique,1,30e7c998eab055ae50c7a9236092c71f
Impulse#Blue,resolved_unique,1,11b838fbb4a5beaf473527a1d8119021
Zwickl#VAMOS,resolved_unique,1,a9056088898969cce8c934cdf5721076
asdrwqfsaewqr#asd,resolved_unique,1,ac94a4e629c9cc633164d93819919a60
Taeha#Quan,resolved_unique,1,8e7e526e45262dac0eec340460dde8b9
Jopa1#EUW,resolved_unique,1,cd4a60be07b4559cf66c36b649ef2e77
le reptile vert#EUW,resolved_unique,1,84abeacce81483fa73a31eb73924ee32
M4RIE#EUW,resolved_unique,1,ed4c98f98e7db0c410dcd4bf60461394
GeorgeDroydus#fent,resolved_unique,1,89be1abf80adbbaf22d38cdfb56b15f2
Joexy#746,resolved_unique,1,03fb7a4aa10d493aab59b2bfbbe43e0d
Extrale#EUW,resolved_unique,1,c7e374350fac02ea40cdad71586f481e
Rilski#SAINT,resolved_unique,1,b7e8869be395a43b9efcada100da3755
angwy sona#EUW11,resolved_unique,1,428a752682eab06428d67bee6801640c
THE RETURN#climb,resolved_unique,1,41d2424d98a76331ad7fbc65baa90f87
DYM#BÉNI,resolved_unique,1,cd37a49615af37aedd2a452fbf8044bd
Skrr#Prrr,resolved_unique,1,57c7c7c2401c109e66d331b79d38592a
suguru get0#WIN,resolved_unique,1,8328b9fc28b65f9e48a06c5e11fa6de9
whiteinnn#EUW,resolved_unique,1,4533f254a7716d8b1a9f1bbccdd4d402
BestSorakaSmurf#EUW,resolved_unique,1,2c5fd465840284f7e28eeb60e7225fd4
Sotsy92i#ZER,resolved_unique,1,22647c9ef89fc1ec7494efc832ea8fce
Toroukle#EUW,resolved_unique,1,6f8f36bc794d2a9ed968df143edf54cb
Jaime Lannister#Kira,resolved_unique,1,7d16eb5ce2f9269acf485c03ca8830ec
Rayzorac#EUW,resolved_unique,1,4c057c1043673e7bdf171b98f8b56d39
Smoke#DRY,resolved_unique,1,623730bb2e30ab32447940b589e78582
Ahsokaa#EUW,resolved_unique,1,cb0f7436bf32def4455cecf394120c10
justcant#EUW,resolved_unique,1,e129bdc2303d0ca8cb547b7c701608b6
Zoelvanse#sober,resolved_unique,1,237f0d5d4db94e904869d97b276f677f
Marlley#KEK,resolved_unique,1,a87910ced32be72d1869018cc14be35f
Bae Suzy#0810,resolved_unique,1,b5d107f69b0ad48df139e96d3fc17596
ProfaneProfanity#Gucci,resolved_unique,1,bdb1d22772e71aec36715806cba59beb
MiserableThing#OOO,resolved_unique,1,3aa64d2d84b239d7c5768fd1f393eb45
DBS#bwu,resolved_unique,1,3ca5dd036823a9db1dc7046b55efda88
PhasmaA#Y2K,resolved_unique,1,32c7eddb198d9d47353db672c7404ae4
FNR#gap,resolved_unique,1,6eae003fd9d785f1218163d210ff36d1
Akanania#1213,resolved_unique,1,da5c9764ef48e4c0c03913f24dfb7d81
Virtuso#4444,resolved_unique,1,3b4150a6279b9a4adaf66e228d886a48
çökelek holding#xDDDD,resolved_unique,1,5c48201310cc3b3d502a9d4dc249fd49
ANTISIONISME#RT94,resolved_unique,1,4495b246797f87e173314cb9c5456b09
dejfDawid1#EUW,resolved_unique,1,440f3128b5535730e0f6949902986c29
PAUL KELLERMAN#EUW12,resolved_unique,1,a58bc4b1ca27571c1d323dea151d1499
SCHEINE ZÄHLEN#LION,resolved_unique,1,1b93e149c321cff644dadd534ab1d4c8
KutayyEuw#0707,resolved_unique,1,badb4637ac7ae869d5ae69501eecbce7
LOLU BITIRDIM#111,resolved_unique,1,267f75b73169edce2bd4c502cde866e3
Jeesus III#EUW,resolved_unique,1,f279bfde4eff37f1f0cc1b895d2bb8f8
BL4CKPINKHATER#Goddy,resolved_unique,1,a638b272e557b75e70828335bc1606b2
Karim kt#2208,resolved_unique,1,a8c75867f8ba6e93f281d13dd371f764
Kamito#EUW27,resolved_unique,1,b13d3d8807ed8d1badade57235ab462e
liman#1212,resolved_unique,1,835639a24b6eb60820ad8958abe0b87e
Billie EiIish#EUW,resolved_unique,1,187f95c2714c0a35975810c1a6c3177e
ginsengstacy#EUW,resolved_unique,1,7f6969eefdc084be996c7d7eb2e51f0a
ZemunTB87#EUW,resolved_unique,1,0c47c32607b54aa60b2a06163e8ebd71
Kirstai#7777,resolved_unique,1,cd191f936cfc81f6ab0292fa0b0329a4
GRiMOiRE#616,resolved_unique,1,3e2b1b367ad494af0ee3bf93d2c01642
TTV SupremeG0at#Akali,resolved_unique,1,876bf1c325020c2d563e62d75316aa2d
suhayb#0300,resolved_unique,1,291b592c9ecbbe7b0b4025b0c3c58873
Illumina#Lumi,resolved_unique,1,e89e5b2f362ab78751d4c9f1d6e71c2d
NukerFTW#EUW,resolved_unique,1,632e1da665b5a1ef1a91814233a69089
euw puppetmaster#seeme,resolved_unique,1,2e9f98b4b35a9ea1524b96d4ffb42de7
angwy janna#purr,resolved_unique,1,f6d0535b83f5bf96065f9e751dd43d1f
Nightmares#lol,resolved_unique,1,2e60a2c8478aae29c93c42e62e67f1e2
Fadèd#0209,resolved_unique,1,904f65600ee9103df5470af6971b437d
botlane brat#000,resolved_unique,1,457ec0e85068c2b2ca1d4b3d0ba8cbc3
Nosso#001,resolved_unique,1,ae0e834193a36b084fa8800555ffbed7
风悲日曛#黯兮惨悴,resolved_unique,1,fa43fb7e820a2ba03b3879b63d5f3138
EUNE Thighs#dumb,resolved_unique,1,77fccce43851540e75bcf396670732f8
BAN EBAYS#LEVIN,resolved_unique,1,6dffa3bc685e9b0775881035bca4d5f3
Stålis#Bomb,resolved_unique,1,002caa1358d461e2dc0143e313b48648
Monster SSS YT#111,resolved_unique,1,ec2a8e3774bc0c91078054cb69b15fbb
twitch Hnry32#CN1,resolved_unique,1,addfafde7fd9c579e9cddcf8846257cb
KatizZ#MID,resolved_unique,1,0c96c09e7ea32b844653c497632f76bc
Gray KDA Toplane#EUW,resolved_unique,1,4835498e60f5551c61de206ec5ee9631
The Rift Kid#EUW2,resolved_unique,1,cc07fb92ff8c5bfa2ba05e0e866c631e
deus vult#birb,resolved_unique,1,bba3ce9bbb3b86330478db53a3f29039
Mojo im Dojo#42069,resolved_unique,1,8d49c1519d663252c77853847334d324
10 carrots a day#relja,resolved_unique,1,1c3df78025956fa4d9a18cbaf33e4977
CZ Indiana Jones#BRNO,resolved_unique,1,c2ed5a020936690f4d464e558a2fc4ca
KappaChungiLungi#DELUX,resolved_unique,1,31f124d3a037b2360357d9766d840fac
삼고초려#5261,resolved_unique,1,c8043f3d2b3da6c464cf1c0797565db8
Honda CBR 500 R#WROOM,resolved_unique,1,7472830f20d943075b4be709cb6e9017
ShakkOma#N94,resolved_unique,1,84b678071ec5dd540d3590756fd9b52d
404 Sunatchi#MID,resolved_unique,1,175a28fea50e2a80d13d210ead612e75
Gabbo#0000,resolved_unique,1,22975817c88c923a22f4bdd599d953c8
veXon#567,resolved_unique,1,bb86945016fcab60b928510e653ab0c2
Shαwn Frost#EUW,resolved_unique,1,920031d7bc6a16573bea0f1e516603d3
OniNoUta#SHURA,resolved_unique,1,47237af206b098443813ca49a85bbe4c
Era Istrefi#EUW,resolved_unique,1,5fbdea0574f11f8287bfcbad5ce45d98
Fred 4#EUW,resolved_unique,1,3cb9dbabdbd403e8f7a55171cb1ec043
Poip258#5349,resolved_unique,1,8c7fd3f7e3b29db821671b4874d6e542
Houcs#Erlia,resolved_unique,1,98b4bc970de5ca41f9051b290f5b82d1
Ghete#EUW,resolved_unique,1,57c2807bcfdcc867ae958354cd3b582a
Maximousse#DKFAN,resolved_unique,1,b8c14b441a3aa38bebc0892773124d0b
Vall#7793,resolved_unique,1,a6190079c5b44f3d25d7cd0ec1e8dc99
Suken#Jota,resolved_unique,1,04061add5be247d23843b9d95f27f8e2
qweasdqweasdqwq#KR3,resolved_unique,1,7d9d0d1e4ae3bd3aabceaed71e602c46
Mogu Mogu#Jakoo,resolved_unique,1,a8ca64946309de7dd931ed1c2f31b364
lewelo fanboy#forev,resolved_unique,1,6d35dc5c2d1e2922658a7722edba3ca6
Sangrod#EUWW,resolved_unique,1,fdfb5406d2ebbecb1335096751dd7fc6
tru3no#XDD,resolved_unique,1,4a582b1850bf7648f7c29021bc68d567
SirTipsalot#EUW,resolved_unique,1,f90d1bb456333bd80fba9046131f3146
RaymondDomenech#coach,resolved_unique,1,d87fe9e398a50eea3f2ed8868216a8b7
AK47DIR#SCAR,resolved_unique,1,c1a9f31094f4882661c2d357f588733b
I WANT BE COACH#0003,resolved_unique,1,e6c97c5484d405c9da9b2c2251b33859
Snabipojk#Ändå,resolved_unique,1,786b3265dead2c5e1b1be48e264d662c
star zall#twtv,resolved_unique,1,660ad78829e706cb96b800fa2eb6d44e
happy game#qwer,resolved_unique,1,a9cd5e2f64b5cb3eb92297aa99c8563b
jax smurf acc#EUW,resolved_unique,1,de1a0a04760f196271082cbb502f92b0
JEFFRAIEDHAMMER#TUEUR,resolved_unique,1,c64e5dfe415b8c3f3c4429f336c817c3
잭스 레스#KOREA,resolved_unique,1,25082eb61aa9620d8de59874aac7c85d
Baby Scrat#Gland,resolved_unique,1,7ec72f9569446e361bf99ccdf18b3bf2
darksoul#9873,resolved_unique,1,4c995713bd99a15761562a7b2e32cbac
Comme en 2005#EUW,resolved_unique,1,0799ec2e6a8d7e91ad824d31824780c5
Clover#4242,resolved_unique,1,da97f87f6a965f4b71ab2aaf00d11c36
Winter#ÆØÅ,resolved_unique,1,000b9b334f4d30bbc5f7ed4f20b959a4
Kiss Land#2004,resolved_unique,1,24faff7bdcee1a77b905c1821df25c7d
PsychoZedPlayer#LOW9,resolved_unique,1,bf4ba4771b4946bd73bfbdf340515bbc
djdjasj#6666,resolved_unique,1,63a19f9f5af015cfb076d903ab522e5f
Albi#LEC26,resolved_unique,1,b30ac0c33ef5425db55d0a5c5ffa7c82
Chiacchieronaa#Emi,resolved_unique,1,2feeb871368b1a7d92333235f935a1c0
JAL#M1D,resolved_unique,1,8e3a8c55451caecc144bf6273c564b0b
kamilinio#EUW,resolved_unique,1,78106568d9d3125b50c648b9ffbf1ae8
paolocannone#222,resolved_unique,1,28bfbc43b6aca73e6c2b253e2aaad816
ｐｏｕｒｆｒｏｄｏｎとοﾆﾆοユ#happy,resolved_unique,1,68e9457699aa21b84d58006636ad9b57
i miss smite#1939,resolved_unique,1,1d9213f1e2b794709ee07817cbc04e08
striving peace#zen,resolved_unique,1,12048913fcb697f6eee8a50cea02a63a
Map ctrl#EUW,resolved_unique,1,029d3f48460c0ccfb9e873f809cecfb3
FouFurtif#EUW,resolved_unique,1,f2a3c81b7ea38e48c729268701817778
olynn#100,resolved_unique,1,d7198bb828aa7c7676643cfa9f4c7f4b
BDS Rooster#2005,resolved_unique,1,5a340c4bf7aacdce747b2fa560a48069
WarmupAcc#PSLOW,resolved_unique,1,8fe81aff88e5110bba84b91025c3f893
IWTGankYou#444,resolved_unique,1,04993aa96a1d321b89771072feb69063
Oba Yozo#人間失格,resolved_unique,1,72a18d9ddeddf801c46ce34b0d5c9f74
La La Land#star,resolved_unique,1,2826eb9fa81bfb20fc8712d92df23265
Zorby#TwTv,resolved_unique,1,57da98fbccfd8fdc6ec07f6447cb1808
Hypa#HYPAA,resolved_unique,1,5d3b463dabdd7e9ef21fa15695e3580e
goths add me#1v9,resolved_unique,1,3c5a226fd26ff9c20b1b071a7e906223
Rakhoon#PWR,resolved_unique,1,546178e8c714e6759946512d828d508e
98kg163cm41yo#EUW11,resolved_unique,1,1890fb1aa44449db38a6a6542a009b9a
Antic Akuma Ashi#AkK47,resolved_unique,1,105955436d98f133f81a4b7aad6b2d73
RED SKY#11111,resolved_unique,1,d894fe2d740a4320bcfa7b06cf8eacad
Tiramisuwu#SERA,resolved_unique,1,2c22a85dfc6bed7ad96d72abc6e0f3ac
Spectrim#EUW,resolved_unique,1,22186cc74092515b26ecd5f2802874c7
on me#on me,resolved_unique,1,a68fc16ade6e93a81a5093e2b7eba5db
SatØrius#EUW,resolved_unique,1,896bba41e3469c0792d03ffa45bd7808
kebs11#111,resolved_unique,1,a757030070c970dfc995f60c5153dd91
David Goggins#DAY1,resolved_unique,1,b087136fe1adf7da5795b0c67a16260f
Udai Tenma#7584,resolved_unique,1,a4693f5d5862a0fa6e89843e8355180b
Manga Reader#Climb,resolved_unique,1,6f2cdaeec17b912c8b3cdcd6ddf50481
KEX1#0509,resolved_unique,1,c0b2d2721f099d0cbea1b39780550489
Brendo Blade#EUW,resolved_unique,1,b3ac89afeaf173972900dc46d84a78f4
SAVOIR SUPRÊME#BRONZ,resolved_unique,1,977e357ed8bb5237b893139ca095514c
TrippleJ#309,resolved_unique,1,3315ff2627101e10e054bfb50bc97926
KΣRO#EUW,resolved_unique,1,6df43f50afcffbd0bb5196af90624870
DEMON Lord#333,resolved_unique,1,2992c400f8febfe8d22e6fcd265883cd
Lurox#Lurox,resolved_unique,1,b53331e6958b8f1f216e80404c30a653
HiGREETiNGS#000,resolved_unique,1,d4498feeb972cd3f30eb12bd0041e686
FUTURE#EUW19,resolved_unique,1,66c0158cfa256de239e8fffce4d28cc1
Licwit#EUW,resolved_unique,1,2ea9f34763d50d2b95e7541881276b12
Fyrndahl#4263,resolved_unique,1,cd6356bf58ecee50896f05cf1b308031
GS DROGBA12#1905,resolved_unique,1,d1a9f83e9a6a8964eca147d3bdde16de
1000Sunny#xxxxx,resolved_unique,1,8ab9550817bd3255064995a392ab2ee5
Sunrise#8346,resolved_unique,1,f1e5461e941e71ae2d4c31fc08286174
Russssssssh#Rush,resolved_unique,1,7a519c4ccaea79773e457313db8ee96d
xlotus#EUW,resolved_unique,1,64be84615449c0d8316e8a07c74e2a0b
Awaken#0006,resolved_unique,1,990aca31de6199349837ad60202f82bf
Schwabbelmadron#INT,resolved_unique,1,4b7db836c7844171e270d667b2225120
Coachlessgg#Meta,resolved_unique,1,a2a17048cde09dc44b3b79befd663393
De soLinee#Kaori,resolved_unique,1,40393972755912dc47af329d4f3fb412
Darkdengel#EUW,resolved_unique,1,1d00008a49b821883a72ae01f482d48b
twtv ALLXlol#78901,resolved_unique,1,53fdf43b2786990f292f5739652fcdd2
Evil Larry#FADØL,resolved_unique,1,21b3500d7b3808353a7cadc94b07b839
ChickenMcKangus#HAIKI,resolved_unique,1,05f70d49b9bcf644ac199c8299997d7c
Mansterninja#BOW,resolved_unique,1,aea3291b2499e682331ef1867480be49
Lizia ADC Acc#Grind,resolved_unique,1,67c30949748738a95adfd1152cd4d78d
mershak#happy,resolved_unique,1,29fbdf38a785fa0eee226e3e860f7494
Hawlight#loser,resolved_unique,1,e723d22b45fdd17e656b09f967e24356
Maaaark#1010,resolved_unique,1,5141bd39cef6e9e4245b109c516306c6
TorbenTramperTøs#EUW,resolved_unique,1,13d88eabedcd5f5fb707bce118fb3747
JHONATAN CODINO#JONNY,resolved_unique,1,4de43acd5bb7330ed96238848111421f
AOE Theory#333,resolved_unique,1,ca7f21a51790a2bae7dcbe43d4b2488c
Homestuck#EUW,resolved_unique,1,943a1a3f3bdaca921ae805e1fb194aa1
HUGE Kassime#ZIZON,resolved_unique,1,f569c0447df6f2c9ab0704dd674751e8
Sinner#sin88,resolved_unique,1,ccd368ddc86938b6b71cf40c4239be91
Mister Splitpush#EUW,resolved_unique,1,9b2bb4e976149cda807f04ebb83029dd
Mannschaft#000,resolved_unique,1,e3524358ed112ed5ad5f83ac03f1ce4d
Insightful#6000,resolved_unique,1,2cb80c50e0a950b8058632c010860ec5
Thuriten#EUW,resolved_unique,1,31b84eef89c276b754623d13652d88f4
schyzo#honza,resolved_unique,1,c7e0b1787630cb6b16ea9e3181db2cf3
Leuz#GRIND,resolved_unique,1,aacb5121f0d6dc32561c0c905518d729
wait for me#RANK1,resolved_unique,1,7bbbf0d38de4472624d0ac59d85e79c3
milkcheesebread#EUW,resolved_unique,1,6feb3e56853db02105d287c11c21d8cf
EL PAPI#HOT,resolved_unique,1,bab60b64dde193447d60f7d472f2acc8
주민규#DURO,resolved_unique,1,392e8aa26bfe90d613d145406053b3ce
Lucky day#SYHA,resolved_unique,1,eb17b1b051ba139cc9e4d5a9af57cb1a
Uhrensοhn#EUW,resolved_unique,1,6fa61c304a4b33aa4991e1b0d18a6092
moonfall#333,resolved_unique,1,f048c2148c854c2888907d908e9b22a4
LANKELS revenge#lncl,resolved_unique,1,0edd63316bc0ba9eccd5f34279901c8f
minæmi#1313,resolved_unique,1,a4ca828f9845071fe1e867a19347a1fd
MAINKATAPLAT#EUW,resolved_unique,1,aa26fcb72e3dade43ba8831ab7fea2f6
BIG Labubu#5454,resolved_unique,1,650db1ce3304ade2091fd2d7c53d3793
Akaza#4Her,resolved_unique,1,b075bdd5e0cf5fe3453ed5f5e80d30a4
Che Guevara#Cuban,resolved_unique,1,3858defeb755e63d11805d16a66bc3e3
Rediby#EUW,resolved_unique,1,a59402c45747b6aeae0d60e6541439c3
Angela D Merkel#EUW,resolved_unique,1,c9d8e3465eee7eddc3bc00c0bb024cd3
Fallen#FLLN2,resolved_unique,1,8c597a7c0256a447233a31ab74bd324d
METROMAN#EUW01,resolved_unique,1,fc14d6e1f7233559fc46846094d1cf76
Kamikadze#JERKZ,resolved_unique,1,bd06b01cecbba6bc15d60a1f18fe34ae
Udmedaberne#0911,resolved_unique,1,7504c87c256aed0595a3089fd865a3a8
Beanlord#EUW,resolved_unique,1,dd1f226069bb53b4dda52ecbb1293be3
a wish for rain#H3ART,resolved_unique,1,17d6beb37847a2c0f82d9b52d57f1686
in my lifetime#zoer,resolved_unique,1,e60fd9b4539925bfdceee437ce5dc6ac
MISA Ragner#RAGO,resolved_unique,1,0964a77a4a9bc6b8888b85311d98b10d
Slyv3r#EUW,resolved_unique,1,5aae506d4427b319a22bcdd544f3c200
Happy Alexx#EUW,resolved_unique,1,5e74f7be7790a8ea612a351efd9cb027
PoťDeMoutarde#EUW,resolved_unique,1,45ae51603dcc5c5d97ddc7c2de3cf5ea
greed#EUW48,resolved_unique,1,86f15d3b2fc27aad5e221f1b01e0b2c4
harlan andrew#EUW,resolved_unique,1,7767bfc42c83033130d5b98bf513ee40
Pegasø Activoo#1v9,resolved_unique,1,f127f8f92f2115fc11ada92e8160b924
Dani#ツツツ,resolved_unique,1,3527fa92fca17174d6aeec493c43d068
Bugged#2K00,resolved_unique,1,9c96a253ab3fb557e3886ccb69559fa0
Eden Fox#EDEN,resolved_unique,1,6788059f6108affb58575c1953fdee3f
Feert#EUW,resolved_unique,1,ec3f0899f6a00972c35ff372919c0a49
Deschei#West,resolved_unique,1,0df84a7a8f8328463457c993139089cb
Liu Kang#SNCIA,resolved_unique,1,ed301cfc8fd05851d0444a84efe188f9
Enva#000,resolved_unique,1,a7e8dc34a63759448cc2b96d2500877e
Димитър BIBERONA#WAGMI,resolved_unique,1,43bde9019c78c124180df02e27575630
Peter Bergmann#unkwn,resolved_unique,1,0b0a181865fd8616fe9018a483dbadcd
十十十#2109,resolved_unique,1,e785cae967cb1b0c6fc7c5287a5ca8b4
TTV ROSEHAN LOL#AHRI,resolved_unique,1,5e1b6817f4850a20e9d9cde5e7a29d0c
inflict#eyes,resolved_unique,1,dee469ec11e4965b53b694a4528199e4
장 배출구#5126,resolved_unique,1,07712a548eb3d46b3b34abadbd1abd60
wu guan feng yue#eukr,resolved_unique,1,4dddfcf4dd5d262b3d9ee075db96c82d
Dexter Morgan#CMON,resolved_unique,1,877f1536448ec9b97f19e5d066c6dae8
DoopDoopCarrot1#EUW,resolved_unique,1,acc3a3a019861ba6a520ac13fc9a5761
Palis1#2432,resolved_unique,1,e7261d5e1b4049235f8b9025e38ea424
potmacius#msk,resolved_unique,1,d3f1f46948f1b9d162a756c5a9d5e5ab
Hasse#4200,resolved_unique,1,5d9e7493b9a9608089d1d5b4743c1256
Qnoxs#17165,resolved_unique,1,33736d7f164678bb731cbcbd725d0213
113iti#123,resolved_unique,1,b935cbcf171f21634b9e987f83981de3
Pheonix#Shine,resolved_unique,1,d0a0e12fd774e2318edebdaad8a71a86
Meowrrai#025,resolved_unique,1,21ab17f69d5fab39eadf68606f175f6f
d1n23id#EUW2,resolved_unique,1,2bd8b09e1a438810a618fcfd9f25a04c
Z L D R#zldr,resolved_unique,1,e38c9c84a52e7b7464a9f7242cf5a127
Bossman 8#TOUMS,resolved_unique,1,6ce174c929a9c0b3532a67920a150d9a
Cas#0805,resolved_unique,1,20c9defbcc5fea3f28f497b863091ef6
BeanLordChilling#EUW,resolved_unique,1,5971e360931ecac0a9b6912d4e4a2822
KJ Kolios#PRM2,resolved_unique,1,83fa9a9586b10133ac00df0839fecf00
LuxieBoo#EUW,resolved_unique,1,7459b3e8f5aefab9c930440c86ac8b22
Calsot#EUW,resolved_unique,1,bface1e7283d02ff75bf65e33a877122
Thomas Shelby#SOLOQ,resolved_unique,1,c449c10927d01a3252e0ccb3ef237429
Noctali#1727,resolved_unique,1,f2b6d72a5b80bd0e34fd0f5631b7333f
askın olayim#EUW,resolved_unique,1,bf7d537c0f884d994b34341d3fb73b90
Broughston Ashor#BRAWL,resolved_unique,1,c395d9e7a0c0b5a5b97cc760542f1c41
Avon Barksdale#BISER,resolved_unique,1,83e13c4905d58a6d6ac9932f6d582e6a
Hacete#EUW,resolved_unique,1,3b1239e9a1f5b63cd2c6ef8197e8ea21
Rocks D Xebec#Rago,resolved_unique,1,29f232c4be696898eaedf8cbfcf1815d
Federals1#7912,resolved_unique,1,2cc27a5d272cfb0f203ffa8e5c416ed8
ACTION#moty,resolved_unique,1,acf85564c0c2c48be998bb14c01e14f1
NOT OVER#MUTED,resolved_unique,1,cd98183f5ba7fa8096240aa37b91bff8
chase perfection#Exile,resolved_unique,1,2fd4aa0dc76de3d5b732c66151ac1b5c
Iodaiu#EUW,resolved_unique,1,a0841e60135b28184c323f29a6635358
Carl smart#EUW,resolved_unique,1,a4a3ce6dd1c3e6173e0539b61e66ff98
Douce Harmonie#ZaGaa,resolved_unique,1,922833420a6bd8de87e15bcebaa73209
Wreith#EUW99,resolved_unique,1,dc9e1aef015b54d93935683b48884d58
Beronie#TOPPP,resolved_unique,1,3f8537b930dfe5e006c2cb62aea36e65
ｃｒｙｏｇｅｎｉｃ ｖｏｒｔｅｘ#flx,resolved_unique,1,e77f10a063828b23c85d008572ff7980
Toji Fushiguro#Mad95,resolved_unique,1,2624f06a382b0ded46cbe6d0ab58ce2e
xrx#eevee,resolved_unique,1,9b98eb2a1115a1b5abbd6c1c7a5bf620
WE MAST MOOVE#CGET,resolved_unique,1,8a08a33a11d15ca9573db90f085d4803
一一一一一一一一一一一一一一一一#0111,resolved_unique,1,d9ff88223a0faac0fdca60cd2cb7b5f1
Silverpenny#EUW,resolved_unique,1,c563765aded9e3055101462d00c0b9aa
LVS667#LKV4L,resolved_unique,1,b962722704f88ca4de223cae5008be5d
Maxlore#EUW,resolved_unique,1,1248d7e5737d439f5cae97c54005ca64
Voltali#1727,resolved_unique,1,64f3c347fa356da2644838689dfcaacb
strikerthebest#EUW,resolved_unique,1,6783dabb1436912f3c65e339b0230b7d
Shift#kaipo,resolved_unique,1,7847bedf7abfe73a73922d50aad5eb6b
TIMR NEW MENTAL#EUW,resolved_unique,1,e0ec687327e26137413b6e32fb080220
icecrown citadel#945,resolved_unique,1,ff346e11bcddffb246ef525b83d46468
313 but not 314#大好き,resolved_unique,1,24175f622cef1b36dd6957734ecb094c
Inaker#ikerr,resolved_unique,1,cfffaaa9ee7ba07b40eb7d0839dd4070
Abaddon#Pyke,resolved_unique,1,684bab169adc81fde880b532360bbdd7
Yarida#PON,resolved_unique,1,fe98f00dacb895f4f3b6a2c2b52b15a5
Lerax#URGOT,resolved_unique,1,5427e4e39ec3406ea66502fbec47ad08
Silk#110,resolved_unique,1,351d83c7f1b686a2329bcff9c1c0a411
BR3ATH3#1510,resolved_unique,1,44569e2f6fdb4e6c0d826ca6870225f8
zeitnot#7149,resolved_unique,1,43e52e566c6d2109f7aa07b12601d033
kill my bot#EUW,resolved_unique,1,2ff0c956cc5419d0f08bbaaba05b2a57
Extrem Tobi#EXCA,resolved_unique,1,e0e7f9643a80383f99a3954d50da7678
Bratwurstwasser#EUW,resolved_unique,1,b4ed4779839995989444cf146f970333
the pebble#EUW,resolved_unique,1,71ba29eebc52fff02fd6c1194170b783
Toyejo#KEKW,resolved_unique,1,5b3f9363a392ed5483e36887c7e27a98
Burden#4482,resolved_unique,1,8a8cd4be8197d329a0149b0b30b9d694
Swooper#EUW,resolved_unique,1,7e76a628e25f71bf1f5f078e790784e7
Ptih#EUW,resolved_unique,1,0240ac3b50d27ac85a9e78ffac583bd9
Katze#myao,resolved_unique,1,a3a399536ac3a9e5c6fb290f020c248e
MrG3nius#MrG,resolved_unique,1,8652a7f441f1955c1db3a639394a5ff0
Citron#Smile,resolved_unique,1,61ce05e36018a6f25f8447a2e9b67192
Midnight Lilith#G59,resolved_unique,1,25d87f6aee498056cfce0ada57329b40
a great chaos#000,resolved_unique,1,b0390fdbc11465e8de9703be28af8c99
bala#HUN,resolved_unique,1,5685f119458ea0a5b7989fb8f37482f0
light blue eyes#EUW,resolved_unique,1,7489ed1dc1bc5672e5fb325ba93b20eb
linoo#lol,resolved_unique,1,972b053266fe4619251a0f8c44616593
Riziki#0505,resolved_unique,1,06f5bac2317e7e8c723d3622a45ecf1a
silence#EUW7,resolved_unique,1,d5fc7d5a3098119feba0964f3f57c0e0
chill rappist#chill,resolved_unique,1,93c38bf38605577ec69fca17cf11a2bc
tyerfitre#000,resolved_unique,1,2bc79282d714709327814cdb9e87f0e3
Dimillio#LbIc,resolved_unique,1,749213cc2726f2eaa4ed734867c43d0c
19helforca03#smurf,resolved_unique,1,6e2417868efa260205b395298ef57266
aLdaGOD#EUW,resolved_unique,1,1c01d4655e4395cd2889867508af981b
chelsea smile#222,resolved_unique,1,608ad3fa704cf97147cffe94b9742d09
nano#24123,resolved_unique,1,9713932a37f5810382a97063d3fcfbfe
GS Didier Drogba#1905,resolved_unique,1,fb6b389f80120017b419507dc56460b4
Jabber Wonger#TOXIC,resolved_unique,1,33fdb129376d62d04ac55cddd663a564
Loose#Hyx3,resolved_unique,1,db22088f630a7498c65952c8c1d06ed0
0MNISSIAH#0001,resolved_unique,1,f52d7a67c1d142a66383ae0144b21b1b
Svebbo#EUW,resolved_unique,1,22977f80e34c47e05b02a80d26635b60
RUU#KRX,resolved_unique,1,32a30bd2864db59f259c96aa987bf89b
primal reversion#EPSTN,resolved_unique,1,bddd964db058a313ffb4d3845888cb0e
zodyl typhon#0404,resolved_unique,1,00451762307308145024c88bd7a69200
Prin12#EUW,resolved_unique,1,365c64710838c273ce1118bf124ad933
GottkaiserMaggus#Hum,resolved_unique,1,38af8e057290e03314cbc1c62ba45371
ducdefuc#000,resolved_unique,1,7c9c4e18649c3551f4e82b56f9a58802
Rush#SUPP,resolved_unique,1,e43683c402a7689522eace7e7e576f99
Deidxra#666,resolved_unique,1,ae7d62845a05e35962d0bbe98facaf11
nerf serpents#fang,resolved_unique,1,7f09a2e6918a88be28b604b06ddb901f
BDS Jens#EUW,resolved_unique,1,ee3ade5bf38ffb202e3646bca01e0f86
SOLOQ WARLORD#WAKU,resolved_unique,1,89408fdb15b5fada174e87c8e887cba3
MOHAMAD 2011#2011,resolved_unique,1,f2c5179ee8a3438c38a61ba362cf1b18
Caussi#EUW,resolved_unique,1,1ef834379ac88c35f1d0fafa73dc130f
patatbak#pils,resolved_unique,1,947c386bb53a724e591755b2f8c6c849
Miyamoto Musashi#Kyoto,resolved_unique,1,c8153ab6970b6a1d89c11b880270fed1
ICBM KASSADIN#001,resolved_unique,1,448f50369ffa2ba80b5da7dc62c7b42c
JUSTONEBADDAY#6767,resolved_unique,1,ef46af1f83399cde8cbe00b5bb243d5a
WAUWAWAWUWWUWUWU#WUWUA,resolved_unique,1,dac1a23b7fd40c890cb96634bb990459
yore#121,resolved_unique,1,b69a66e25c56d1c6b2b4fc9680950017
Elkilove#EUADC,resolved_unique,1,e4b1498f7794da17e2a7752cd53ec465
ReadyForRagnarok#EUW,resolved_unique,1,3cca29f0e0e5732a405b710146774ab4
merx#1327,resolved_unique,1,d8896f1b95e2eb3a6f1c460d7f5bdf28
Velocity of War#222,resolved_unique,1,e475bb9323ed43c9f524fc098df2f5f2
Bouyachakaaa#MFDA,resolved_unique,1,cddf627cea07bc3b123a5f17e30b2172
handm#MENA,resolved_unique,1,2902408134e1174cbed51bb67b593ab0
TSC Futeyy#EUW0,resolved_unique,1,560f32446c051600e261965e3e8318e2
ming chilling#EUW,resolved_unique,1,b4f7461ca5ad116cdfb6702eb0e7c9c2
Noah Levenstein#404,resolved_unique,1,ce4dc0ab8882c38e2a7fe5670dc8ea59
OluśCwelina#2008,resolved_unique,1,34164e8d5f7f6e17a2e274fabbe0d659
Asora#Levi,resolved_unique,1,ddcb58da67ddeef8dd66986031973d07
Coatpustmain#Coat,resolved_unique,1,42ae38b4f3f21d399b245730818db2be
Iøven#EUW,resolved_unique,1,1c5ae0213ce55ace3ef63b4db26cceea
RekSaiyajin#77777,resolved_unique,1,39243cfb8335cf408821b9b75b3728a0
L1ttl3m4n#EUW,resolved_unique,1,3efa9feb13baa5c52947488cec81a600
januaryneverends#blasf,resolved_unique,1,5d3ab1dce085efdb92a206bbffe28511
Kierankat#EUW,resolved_unique,1,e03c3451093529b333bb6e955fb338e2
ANITA MAX WYNN#OVODO,resolved_unique,1,b2f465450c4ad8953bca34ba91e62bdc
getogetogeto#EUW,resolved_unique,1,3eddb0c6cbfaa6cd5f870c4d156f45b4
Bigfoot Rider#EUW,resolved_unique,1,5aac460ee80d9d33c8c37b1b999bf1aa
Discipline#Yup,resolved_unique,1,38fc5733c5bc5c7589af9fd067e94915
Fullmute#Pings,resolved_unique,1,1fe1ff495eb9ea8b13ad15ad6119afaa
Destro#sigma,resolved_unique,1,1f20ad8791939d55805032af70ed7fc7
Quetz#Mig,resolved_unique,1,0547d7aae72fd2b458c35efcb3c05903
lovedoctor#III,resolved_unique,1,e983a3b74dae56f5e451af50cf09d6d5
Jordæn#EUW,resolved_unique,1,1ff4036d1dd1637df1c3a53cd49afcd3
BL4CKPINKFAN#FLOW,resolved_unique,1,5cd6fd9c0b0849f7aabcc43863c34013
nika#frog,resolved_unique,1,d9be06e0a53e1ad76aa84eae0f61574f
LWolfyx#lul,resolved_unique,1,c97139efb610024257d3d36a15a3732e
Frère Jean Low#3039,resolved_unique,1,49cb15e6ab413c50df8dccd823acea87
PlaZma#ERP,resolved_unique,1,3dc577e0404a2becc0afe49a3a494ea2
Squiddly#xyz,resolved_unique,1,793b4d7924db36232d5001c4ced3bc08
Mac Abert#storm,resolved_unique,1,d86014378b4b38e76960b80b4d6c333f
Rab#star,resolved_unique,1,baa3831cc39a43a8933061dfe6c5a30f
Ruler Fan#Koba,resolved_unique,1,0a3b75bee3008584346043a0b71e63b1
qyqyzya#EU7,resolved_unique,1,4442e0e60abd8f8ebe90c8ebed09e804
Poliko#xdd,resolved_unique,1,e20a51feb924e419cbed59f2a4136eb1
pfdsimoes#001,resolved_unique,1,2c6a6261c12bd9aa80ff78714ec567da
FungoAmungo#FUNGI,resolved_unique,1,64be72dc0a2e991366bc710b774b5c6b
Mariano Delgado#Metro,resolved_unique,1,49ced345f74fbc23d92ace3fb3365aff
dynamic#66666,resolved_unique,1,77ea3e2ce312a1f30f4e6cd1e101bb98
Reawakened Yuno#RANK1,resolved_unique,1,40f1a4bb1bc2366fa0e9fa9ee3c847e4
appaJx#WUE,resolved_unique,1,d8ae73528d571ee1ca507106aaa39628
Mercenary#7777,resolved_unique,1,d18608f5f3530e701b99708c6d28d018
Larso432#432,resolved_unique,1,55749aea95b4962f32941a9db97c34f7
DÁDAPATRASOVÁXD#SMRT,resolved_unique,1,afa6a3db06fe87999c620153afabe00c
暗い時代 بواسطة الإم#freak,resolved_unique,1,131bec1d4a202b479b1091021e6224b1
Vallheim#KING,resolved_unique,1,95b8839b31ebc5f86f53522e71efc80c
S E A D H#ZERG,resolved_unique,1,7efa055b10939b7f63443fbbe2a764f6
a lost kitten#523,resolved_unique,1,91aa94f31b19161ec3615e1e0209c304
Mali Patan#EUW,resolved_unique,1,a496771540c90de48910579f856ab4d4
CrackEnjoyer#jdd,resolved_unique,1,5c6bcdfe86d5860402cef5c47d51800b
ÄMBROSIUS#FNFAL,resolved_unique,1,2319316cf0131cf81913ba4c44907e08
Fooneses#Fonsi,resolved_unique,1,bbfd6c413e95f6d2d7159a8dfe09197f
MAGMA CHÄMBER#50282,resolved_unique,1,39de2d9c97ab14a4b0eb28b21c3490b8
Jopaeni#EUW,resolved_unique,1,15b64b4f88c7990884ea049bd88db6e1
LegendRX#EUW,resolved_unique,1,56205d03aa9f5eccc7b3a390ee66a918
Elo Magnet#LUCK,resolved_unique,1,96e840c25705dc4bb8d80a53f45ced91
High Infidelity#1313,resolved_unique,1,cb736cda29deb23641a61d07b4fac91a
KIREAS#0416,resolved_unique,1,4355fc1b87d7be63f4066d2730413f7f
Merechi#ADC,resolved_unique,1,87fb6f9d7c25a93c71bad858048fd774
INT Baul#EUW,resolved_unique,1,7fe9f87f5ac3ee4a4d464ec5faaa1030
kakaaaaaa#rot,resolved_unique,1,8d43a9f83a9ba7d18163f3a7195bc194
JUNGLE CAPYBARA#EUW,resolved_unique,1,f3d03496b9e35c66b0395e86089127f3
구동매#000,resolved_unique,1,25e44bfbacd21b18c7b747790b3a635f
MrQubism#GUNS,resolved_unique,1,9a68842b58a55d2a6d17805bc265146d
Shun#2000,resolved_unique,1,04f0519cef272bd3cb277b34c52ed0e1
TjaTjonny#Donny,resolved_unique,1,e7e3ef01e71f8277e4beeedf50f3e73b
LightFall#GOD,resolved_unique,1,db3c553fdc76cd8a8a0feed9c6a378d2
Cleanse#miri,resolved_unique,1,a3eb8bcb50cba9a9b494e810907158b2
Sukran#7484,resolved_unique,1,c75dbd8cd63dc688dcdd001b0473e241
rym#xyz,resolved_unique,1,12574d1ecde7ae6e825f040e2613ad18
Secret#6995,resolved_unique,1,3e00da318de021529cc6e26b6ac2c583
Kisze#Vayne,resolved_unique,1,a60123a2c9fe292bc06ade13273a96c8
Regulus Corneas#Cult,resolved_unique,1,8abaebcbd67c6dee8fcd19a50e91e62e
H0rnlime#1871,resolved_unique,1,6b4cc0447496e6f3064d6bab2f6c0de2
StevendN#EUW,resolved_unique,1,3df607b97c7b2e66ba4e0c718d88203c
Ziiky#Zik1,resolved_unique,1,27c9a2f995c395e69fc6dc5cf5733fad
Oscure#PLAY,resolved_unique,1,dfee2c128706235b031f9318a3f43a80
Diamondprox#ProX,resolved_unique,1,f0e765956fcee84a92567c6d4dbfabdc
dust or gold#lec,resolved_unique,1,d8b88c530904acdb3e305a0e4318bbfd
Sayn CHOKBAR 1#EUW,resolved_unique,1,afc1dfa94c855ad9b4b35cd75b78e298
ra1der#1337,resolved_unique,1,ac2a2381a1d864e3934d84541e0657d7
Midnight Cello#Huy,resolved_unique,1,c769bd192d188f3fa7baf34a701fd505
Ornngle#ORNNY,resolved_unique,1,deda479c015d7284bd86e19c4dca1112
placeholder1#2123,resolved_unique,1,cd83277255aa69ea026ca56ed1b0e5a7
potatoporcupine#EUW11,resolved_unique,1,278f2f5fd252138a2b9b85c96949c525
EUNHA#UNTIE,resolved_unique,1,f90052d70ac66bbe02a54e6c9a64fc2e
Nitro#Fast,resolved_unique,1,9896759e89860f0eb96fb4f5a6998373
Floris56#KWAK,resolved_unique,1,0a9399e09787ad06442fd9c7512c377f
ะะะ#jae,resolved_unique,1,6c3aa026de904bda1a33307da9e12f12
Max Holloway#Cem,resolved_unique,1,cd27ef4a4ab85c4e4c4db4c69f9be53e
V1dde#123,resolved_unique,1,620d131d08640789a883a653c8bea9e5
farfetch#296,resolved_unique,1,363781965233a2ea86a9591109296718
FlortadyDara#6586,resolved_unique,1,28937726c1168ee0d806fb057fcbac12
ALittleBabyPoro#PORO,resolved_unique,1,35bc023d7bb9d68c042521ca0313d6ed
Polrghale#4962,resolved_unique,1,9d54b0248a082bb7cb37709f0d6ed03c
Iryna Zarutska#08225,resolved_unique,1,9ac686b2f6bcaabc237729053068e0a3
Blackveiler#EUW,resolved_unique,1,096af1379c7ec328141830cf5759c51e
Chimp#SUP,resolved_unique,1,9c18324ab46ef7c9a4758995b20255e2
no death#3251,resolved_unique,1,d676ee6227c84cd87772031d7d2fb65e
EYG RAGNAX#Top,resolved_unique,1,f3e0cef96a7e891c86f0fe0f2137a670
Dadou#COOL,resolved_unique,1,85c166f36f7740465535842d6967239b
Shadow caps#Caps,resolved_unique,1,083fefccd9a838ef000319fda12b3545
ZéCarlho#Gugaz,resolved_unique,1,fff860377f1e439fde452150cd0a95eb
Djigii#EUW,resolved_unique,1,73a6961b22f53b71d4a26d9cbaf7ba45
i desire senqo#blast,resolved_unique,1,0cc86972541337508e98e9319de19d36
Ucka#King,resolved_unique,1,8e3a8ac4ac096c00650d4601d7b81f1e
MENTAL GOD#CHILL,resolved_unique,1,fa8ea9c026fc7d8df14bffaeb9815346
Don Yode#TTV,resolved_unique,1,9e94a6b291acbb9aa9482ba82dcddde3
Nazuna Top Waifu#EUW,resolved_unique,1,0df6c17ef9f7631a2b7df99309beaedb
weaks1de inc#Top,resolved_unique,1,6fa96a826e3a2e4313bb8211450c153e
teemo lover28#HEHE,resolved_unique,1,fcd60c4b8994323bf7bec62e9c3c14db
Dis#9999,resolved_unique,1,b21894f16dc05582536aedf85603bc7b
mantarmir#3131,resolved_unique,1,0157af049110a043753896504278415f
Taloffy#Apuuu,resolved_unique,1,4571abe4e0944c3a609b8eb97ae99a97
Wish#Soloq,resolved_unique,1,f0cae69d0e0768e7265758db1579168d
call of silence#snk,resolved_unique,1,25936d042d18dd84a60cab87f291eb76
Deibjerg#aight,resolved_unique,1,19fe7d4b8c68f89692aa18bc63e6c718
early je iluze#xdd,resolved_unique,1,93b0d20ae88e6be8fefb22c98b3cac95
Cheladar#EUW,resolved_unique,1,0d36deb433f6f3717b4f3b2f0b31a893
uden#봄바람,resolved_unique,1,8c4ee301f708cb3f689884f34a7532be
Kalo Bone#8kerr,resolved_unique,1,0efb3bfdd1fa94f541a4b3d8aaf0c58f
Sprumble#000,resolved_unique,1,56e300f644ed7515f081da8aa6ee5419
Gaimon#zzzz,resolved_unique,1,2991b7aa17d867f59312c267333cb941
im ape#banan,resolved_unique,1,a66665ff27a0c0342c2dd21ba28da01a
ZedKing#Zed2,resolved_unique,1,1563d69d3708aee92ecc66586def3ecf
试着让故事继续#0718,resolved_unique,1,536829de416902c96c656d2fb341353a
Support CEO#SBS,resolved_unique,1,36c99573f5f12e8487abbe4b3ffd4437
Lope#12345,resolved_unique,1,9a0db0bbfa1de4b6b46dc99dcd03d87c
Flo1#1010,resolved_unique,1,e76d85e45bc7cce084535ee227d8bc57
Cherry#CLIMB,resolved_unique,1,d432c20339fd27c7fb4e757258539925
тนк людолов#404,resolved_unique,1,cbe60e1cdee9476413f7566bb13f6b9d
下一步#改善活动,resolved_unique,1,5a640a1d4226748ba21e402e9369bcb8
CrimzOnSlayer#A1W,resolved_unique,1,01022652caac3576dd2ee2307a8dba3c
TTV Cezzy#xdd,resolved_unique,1,0034965a5931305db215de814db6ae05
Bradycardia#Gamer,resolved_unique,1,c0b803b34d892b3692488184c6547658
Connithrill#EUW,resolved_unique,1,4ba0a5bdaa5933e425a976875866aa85
xire9#LL032,resolved_unique,1,59e7ad10a4fa73cd9b199d118142adc1
Fenrir#GVS,resolved_unique,1,85f6d31e61fe4c7013cd77f2666db94e
JABUT1CABA#EUW,resolved_unique,1,7ebfd3bf1eee2cf12a1304b4c31d3bd5
Emma Watson#1504,resolved_unique,1,20f12a1afaac51539041b6a3c47bbbcb
fyrod#0001,resolved_unique,1,3f083ad3b39d445bce27b427c4970b28
fan genzie#777,resolved_unique,1,7cec6424e4664c4b0403a5612b419ed8
GakobTheKilller#EUW,resolved_unique,1,809182d194be832855010e3c19f8030c
Gonzo#2843,resolved_unique,1,e8c3242375c0dab43f6fb1c2bea1e795
Sloth#9032,resolved_unique,1,092dd12a106e382aa0a46a34c85d2425
swr#EUW,resolved_unique,1,94fef10bcbcdb4f2c6deacdd558b7590
Erase#zzz,resolved_unique,1,08be8203ad17c8695f2aa758d65a21b2
Kokos#COCO,resolved_unique,1,68c3e1048f8dd09c1057b32c1220dad8
abagnale1#EUW,resolved_unique,1,4df40f0bbda365bf21b3ba425b11f8a7
Clairvoyance#247,resolved_unique,1,5401de6b965db1a558e644a71c520526
Átlas#EUW,resolved_unique,1,48525936a88ee9b44373ab2de77f6d14
Hillwind#EUW,resolved_unique,1,377d3b9a528c9ef12998a0c384cc564e
Mσi#kekw,resolved_unique,1,9ba685be7e80a7184e8927208fd82ae9
Neare#EUW,resolved_unique,1,20b97b59fea8cb6c5d5bda8f2d2c7b74
star zall#euw3,resolved_unique,1,5371e1ce486947a30cb45f2de0af0b26
NickyRuus#LFT,resolved_unique,1,fb1c056aa2980edb4631656d797eef54
My First Story#GRE,resolved_unique,1,42dfb8288acb79b1bf8202ad82e60b11
9999XWN#AIZEL,resolved_unique,1,3124f69a8fc2367fc713b101613b4819
Frappii#1337,resolved_unique,1,fe67fffb24edb1a48ecfb858efdaa3a7
Gugoat#MESSI,resolved_unique,1,2164c88b5e33c2ac01504983a74cf34c
Focus#R1se,resolved_unique,1,9a763c1e3889692b6b4726207b6a3966
Papadox#bless,resolved_unique,1,d3e68dbbf8a50013df9e1d7608a70149
我命由我#lee,resolved_unique,1,7a1fa6fd482fc34ea5b8c594fc91462c
TRAFIQUANT2STUP#Typh,resolved_unique,1,9f47864725c691259dd4f5a3610ccb05
Jhin#bae,resolved_unique,1,75281cc4cff75dae2990c1e7807dbcba
l2012keks#EUW,resolved_unique,1,83f2d77f7bfd5d00fe9b96abb89ea842
Open Mouth bby#EUWL9,resolved_unique,1,b9e5f0ea6be985a93f21d82487d25cb7
Postie#MID,resolved_unique,1,77755ddbaf79f3579279b87cfc190fff
fallen#2705,resolved_unique,1,7e82772e50f17c120130b74a482d87b1
Krug mentality#fight,resolved_unique,1,2dd2d374c08ee5aa81da6393043ec7fe
BayHarborGlider#2112,resolved_unique,1,add9b87eaa53e5282ece2db16aa299f7
BIyo0CW4oqfuVNtU#EUW,resolved_unique,1,009e0d364705d523f4ee6598ac64f37f
inertia#azu10,resolved_unique,1,3a39ceda316f35363a3fe5146c259e31
Wetter#Wett,resolved_unique,1,11ce479c026cca794fd8f76e25202dc3
Perchoni#Sofía,resolved_unique,1,017755b3defc0d0e8edf63888b856260
CaporiFakeTepki#3131,resolved_unique,1,6f6becc6d10e77e696ecafbe40c2f082
TheSpy#Shy,resolved_unique,1,6537e9eb947811162017807bf7899d96
Supp of Romania#EUW,resolved_unique,1,00d6a7b7a9710016f84671897854aea3
Blaming#EUW,resolved_unique,1,fb530a67a8ced32043e40c31b881a789
Zylian Mbombbé#EUW,resolved_unique,1,79965d4829bacf4b214ad7c2151d1402
6ft3 graycel jfl#bpill,resolved_unique,1,d9c24766c7e0c3db9d861b1bb97af0b3
Gottes Sohn#Teo,resolved_unique,1,69df740ed07c6ec134f425ca3e8d0459
Andrew Graves#balls,resolved_unique,1,81c29ed78f4ea166a8020b4292cfb9b9
Chaos Roggier#EUW,resolved_unique,1,5897411cd27134314954bd79230ae372
Wang Dam#Ghost,resolved_unique,1,c574c9d2b647627a4a44001f2f932a39
H1ghPressure#EUW,resolved_unique,1,161df2d303d604873fb3a363c87f0f2b
dogjoey#XDXD,resolved_unique,1,ba8d5e3003fc7a9f98462a5c5b40c986
Dziuba#EUW,resolved_unique,1,6e5b86e65ee0ee6ff97bb6747c913bb3
SK Miella#meow,resolved_unique,1,6964cb233eab5db3b31030d672a412b2
Desti#VERSO,resolved_unique,1,0d16f6b75acd82ce4faffd70b01148f7
Mayo#Neso,resolved_unique,1,705839076616023422f35dbc14c5840c
Lotus Turtle#EUW,resolved_unique,1,c89dda0733f5a7d84392d85f0b371f16
Shoi Ming#EUW,resolved_unique,1,167822391654d4f6c58704745f3239d1
klpstrds#rxd,resolved_unique,1,cd5ad339772d15228d5553d40a014943
snow leopard#what,resolved_unique,1,df79b318a7c47a00308e2a52f94b891c
VorbescInEuroi#EUW,resolved_unique,1,e5b705782696a54eac201a1f33201a06
Tonco#777,resolved_unique,1,999ec33b8e344f32d494d61415ef1edd
iannyf#EUW,resolved_unique,1,b2b4c54632f058bfe909755238dba27b
Pareign#LDK,resolved_unique,1,3a6285f29e85ca3328e62ae209c0de7c
DJ AATROX#DEATH,resolved_unique,1,b2b7e6867e32dd7715e2270adda345fa
Sw1ft#EUW,resolved_unique,1,60ef8b7f0d606e131da842707788f80e
Xie Lian#谢怜花谢,resolved_unique,1,cf8ee6541dbc2214d56cb1b1c4fc6bc1
Varian#EUW99,resolved_unique,1,abffa1138a4b76d970f118ecbd4d5bb4
oen#wen,resolved_unique,1,9a38cc92510cc4aef38f440eb5ba1095
Caltys#개구리,resolved_unique,1,0ebdb4d30261ba684aad33fb0eb31f3b
Sintemon#Zimt,resolved_unique,1,f7a0821732fc9798941b1e9e543c91d5
GriffeOfSkill#EUW,resolved_unique,1,af65c93bd5b0d76a396faf5a193929f7
Ate#box,resolved_unique,1,e70dc793710d8a62ad09514be100e1d4
Rat#YoRHa,resolved_unique,1,98edfd5a80c8934ba32aae274b1c55a5
Denki sutando#EUW,resolved_unique,1,edcabefbf31dfb2965ac151953a99d66
TuTrick#2222,resolved_unique,1,84fa8e90d880996a07998d4572b3fb2b
mierności cesarz#WWWWW,resolved_unique,1,5475d138a8088ddeed1fd1dbfcf6729b
Bobsik2#보빅스,resolved_unique,1,e3ad8c4bd611256764eafe1d59bf73a2
Präiser#5958,resolved_unique,1,7289180923a2e420201c2af3656683de
Azim#EUW3,resolved_unique,1,edde295fa86ef390fc8c2fd4b9a8b363
BARDINETTE#x9him,resolved_unique,1,3a4b9a0a5d4c1a8b91b5423612536b18
COME O MENTAL UP#TXY1,resolved_unique,1,1eeaf5ce0406b0ed33ece6c530fe58c0
Rebirth#AURI,resolved_unique,1,49844a6e495b899a4902e78c6d3800b7
fabifabifabifabi#fabi,resolved_unique,1,5729816b5895106cab16694e315f6ea0
je prends#ALL,resolved_unique,1,f204a32dee333d1730587e84469ed274
Bmoooo#supgo,resolved_unique,1,b4ade14dcf0b26c904f1ed62cc682e72
dmsdklb#vivi,resolved_unique,1,594ef6d0913a2e597b4695ec8e91e4a7
Jessymode#1000,resolved_unique,1,e1ccc71f0347e903429141a93cac0f66
Sonekerrehan#0214,resolved_unique,1,026e48dd5edf1953a1fcd46cbaefb3c6
DOMIDOMIDOMIDOMI#DOMI,resolved_unique,1,dd8fa3199d8bf39919eb4195874f94b1
DrachnFrucht#1327,resolved_unique,1,da10852bfd633c8b2d7c0b08c5a17a7e
ADIJURO#EUW,resolved_unique,1,2ef8bd9ce4dace17efe1aabbf09b868f
6大熊猫9#DhxsD,resolved_unique,1,fb46318933227685d200c382ea002d1c
Emperador Mega#REY,resolved_unique,1,21197cb5b3d6665593181b8fe665e635
BlassZan#00022,resolved_unique,1,0488f2387394bbd7aaf59c6627f49daf
BTZ Schmiddie#BTZ,resolved_unique,1,fb982a2aec2a1bc0722d9c3905968248
EmDrei#0001,resolved_unique,1,0b207cd399478c12dc70f0d3075f770f
itsokaykeepgoing#3500,resolved_unique,1,e78cfc79c95d60be1822c733692d3804
BillieBee#BBL,resolved_unique,1,9c3123ed4f0fb37194a976cf6853272d
engine no 9#10001,resolved_unique,1,92e8a53b93d1fd1816a17c43f7ecfc82
Hobbi#123,resolved_unique,1,64e960c30131d24565e9b4eb9556dca7
IamStrauss#HUNT,resolved_unique,1,24804d0056b814b21da2eb36e5036953
Céleste#coco,resolved_unique,1,93feabebef1cf07791a5ce6c39403729
Brrou Swain#EUW,resolved_unique,1,f11842ec2ff4c1b914b5b508590bfd5b
Mathaniis#Pipou,resolved_unique,1,ddd9f1467f065df0e1f17ec84b30c762
JuJuTw0#EUW,resolved_unique,1,c67e6f371a372a7c49694901da5e09e2
Chaleureux#EUW,resolved_unique,1,9ae22d23d5679eda193c8ac03c665500
ΓΙΟΛΟΤΕΛΗΣ#GRE,resolved_unique,1,6f88c937b79b013b27f0729d63888e50
so bitter#psl,resolved_unique,1,29b0726b55457bab040fc1d060361f4d
Frail#BAD,resolved_unique,1,4ef88b9d657ea1a5ef252a2ee0069c0d
nothhingspecial#sugnu,resolved_unique,1,4ddfbb761d224e72f795e0f9a165c6d1
Ra noYokushinryu#GOD,resolved_unique,1,e78d510a45361154764628b307059d6b
SLY Wakz#SLY,resolved_unique,1,73605d5236a1167630337a945e4a031a
piss pissler#1234,resolved_unique,1,b984d41937a562bedb40f5009cc2122a
TunisianMessi#tun,resolved_unique,1,ec37c2cb55c33671213ae7a9975e18e6
ZoeTY#431,resolved_unique,1,935bc5ae3e1a854f2d17d2c3de5cc1e4
Busmis#Dkk,resolved_unique,1,ebafa4ed9febc30a9886fab13b17c7fc
ROC Myster#EUW,resolved_unique,1,4154db6430762484fce4bc5f4b13ba6c
Saomaro#EUW,resolved_unique,1,c867bd58e62592247ae8b04b7040a4dc
Syhm#1337,resolved_unique,1,64bbca74149e157d2870a6c4a9197377
MegaJFizz#Zemun,resolved_unique,1,42832d2f59cbc63b4084f24a312d4b3b
Watket#000,resolved_unique,1,6c8ad9d24f1cc35ba90191d3d7528c72
Iziio#00000,resolved_unique,1,61f8a6d639b81989c202c5de865af543
Espetos Maker#EUW,resolved_unique,1,5fa07e6151627247a0647678a31aa48d
π M π#Pimen,resolved_unique,1,1d9434f66ab6d5428b784e3d63d3fb99
Zeefro#bucky,resolved_unique,1,379ac1943a562747a2ad7d7bbdffcd6d
rly nice#EUW,resolved_unique,1,d734a344eb6ebf2f53d3578811dffb0f
DELTA 32#OGIVE,resolved_unique,1,9c94bc416aad35c251c6b09e7251e0c8
RustyWrist#EUW,resolved_unique,1,ad0192198dc84d907cd26610c6147627
nebavi me to#yaku,resolved_unique,1,bdaa56b44fa6b1a0454aac04176ad7a6
Lalle#Lalle,resolved_unique,1,d5a350b976ee2c5e6664bcfc33d73451
其人其人#MENA,resolved_unique,1,759b32ee3831f5740bff40ea1d8b6646
Thermal Sights#EUW,resolved_unique,1,2fcf899415300db2cf29ab8062be166e
Exthellion#BG1,resolved_unique,1,e13e5226ba4efa143b241efbd1202d88
the face eater#MILES,resolved_unique,1,9b7f92771601c955dfd9a6f71c0d442a
PowerSmite#EUW,resolved_unique,1,8bfd05eb77789b5364762daa67953606
MICKEY#1V9,resolved_unique,1,3c6539c4f9366289d32092766fdd5025
Graph#9191,resolved_unique,1,8299fc7b733107cf827bbb1e8ea7677c
101076#EUW,resolved_unique,1,e4023d7a07e9a02c43599ab75fad9c19
Brol00m#225,resolved_unique,1,369508e8ac05da2044aecb00365b288d
Skyztrix#EUW,resolved_unique,1,b737aa3d1954043e276cab214e1e3450
TI BRAND#FIRE,resolved_unique,1,db1c892ea2d51531442317ebd542b3f3
Jamie#EUW2,resolved_unique,1,7993a8e9d9b2b66b7b70d9919cbfc261
Hakuji Soyama#moon3,resolved_unique,1,1826cfd260a21097a15afdcefaae9fb2
NE Geliog#31415,resolved_unique,1,fa46f4cdd67e3fadc36b4b79ea135564
HBB#nr 1,resolved_unique,1,7f6d016eac6c911d622d42ccd8aa7467
开花了#CHN1,resolved_unique,1,207f8cf4254c48d22f1a765f6d72b964
Daisy Lesa#EUW,resolved_unique,1,21fc0108f1b4422dd368b64dd6f6a9b1
Mistil#ADC,resolved_unique,1,4b03370306a2da3d897ec9ff19752099
larsahan#6633,resolved_unique,1,97a0b8d8b010a4a3a912eba47dfbb2a3
SKT T1 Mahommad#BEN,resolved_unique,1,3ca947e116106704dd308258a03fa27b
Kiceo#EUW,resolved_unique,1,38075674ebcf5adee12e3709c7a242c3
Crusien#EUW,resolved_unique,1,3010ccfb487bf135704a335349dde93a
Comte Bemi#FAMI,resolved_unique,1,bc36e8859971eb2857db4734460347a0
BoomPoop#EUW,resolved_unique,1,0518d9d12a8e7bbc419fd0f9908d6b77
Fat#8917,resolved_unique,1,3b88bf3aff5063ed234410b3621ac3c9
PSYCHOLOGIST JBL#JBL,resolved_unique,1,50725adcb3af6a2466417748987161f4
Zion Flo#EUW,resolved_unique,1,d661531fda32770d98cf55307f894f2c
Asteras#smurf,resolved_unique,1,2386fdf64ba9c397c6531d70e89d1013
Cosunoo#EUW,resolved_unique,1,7b46f1831212a8f280866f13c6d702e6
007 Jan#EUW,resolved_unique,1,670a160447db4524d1475758757028f4
Liaris Freese#EUW,resolved_unique,1,4ba064acf23ce7d9d7b3dc7cd116e964
The Holy Night#Vayne,resolved_unique,1,848684c0113a5f18e83bf69b5a4980e0
Seinvater#EUW,resolved_unique,1,1f9cad69bd2eb8a10b3427ed609a4990
Caporal Giroro#EUW,resolved_unique,1,be8e6daea058af4d79596f2918cbe742
87Stingray#EUW13,resolved_unique,1,4adc6251141941ec976a2d7e14621266
Poro#1811,resolved_unique,1,7bf088ac1016caac34c31a881a11fbce
WatchR int acc#xxx,resolved_unique,1,ab2f7c4716e3774fd2f1d12b49b270d7
WP Rokslei#ADC,resolved_unique,1,cf6e1b989d7e0c39c221e8c284445b1c
Bonobo 2#EUW,resolved_unique,1,d20af63899c556438635fa3de17ca175
Lee Joo Ho#EUW,resolved_unique,1,7a8be990bfed4378156a3deab5502df0
HMT Opelax#EUW,resolved_unique,1,053d4e83e8cba3a27f5cacb66b38e885
RW2333#EUW,resolved_unique,1,13ba413a19f70ee9dec2f8769f9c2712
ruipedro0505#EUW,resolved_unique,1,adbe1ec24786987e18a8e45faf5f6211
WeeZySheeZy#EUW,resolved_unique,1,a17d7e9282dc588fda22567019b09ed1
unterjOochen#EUW,resolved_unique,1,2979f135a1621d9513b8fb07ff9c0829
smiley chat#tobi,resolved_unique,1,2ac17a668ad0403af5c0f6206d201ab9
Safe ist Sicher#EUW,resolved_unique,1,d77e231a59da1a0032cb556a573cc49c
Horny Karl Marx#HGKR0,resolved_unique,1,c82a2ec75e328ba03314b085601ecbec
Luciano In Congo#EUW,resolved_unique,1,60dd7b0c22e862eade7db74802e48130
xXUrineEnjoyerXx#EUW,resolved_unique,1,8ce3085081b7f0bce4ee0184ec9ecd82
Alkatraz32#RIVEN,resolved_unique,1,84f65a5f6bedc78ce76e2bdc6920bf22
Stormflo16#EUW,resolved_unique,1,a6ba404eb339f7dda84fb63a3e3ed9dc
青阳司渊真君#青阳玄渊,resolved_unique,1,0dbe723ae97c16aab8feb395c174ab13
JackInTheBoss#EUW,resolved_unique,1,c3e0589047a0df20fbd7d262c138e08b
Ηædes#Hades,resolved_unique,1,1cec676529ac7577bf98f33cba6679ba
and i øøp#EUW,resolved_unique,1,f8c875f5281810c035157ff1c384fdea
Niam#SUPP,resolved_unique,1,97664a03171fda77074d2d3a8a293d38
Semide#EUW,resolved_unique,1,2c460e0659bc3c43e928e51a0b8d255f
Heals for Peels#Raka,resolved_unique,1,f84e1fdd1612a4ca958263b55d79cdd4
TURBO TRUITE 69#EUW,resolved_unique,1,8086aba432ea032d4f471ef602885419
Thyroxin#EUW,resolved_unique,1,8762d856ad6685315e70b2482d1d853b
Panzerfaust#WWII,resolved_unique,1,204c556de2eb405e1d601035d2af4cf3
Maxii is Here#0001,resolved_unique,1,ca2e9de5a3ff87946f5d6f7ca02c88e4
CoCratzY#EUW,resolved_unique,1,42d2274b1c1639273ee1b86773f946fc
小熊草莓软糖#UwU,resolved_unique,1,80ceb9f24f75daa665e76f6ea5bab4bc
Darklordoo7#EUW,resolved_unique,1,2f6d82cd2fbb88b77422c8930613e061
Abraction#EUW,resolved_unique,1,3a91b3c44d243f76babc54d52c6f66ca
Nina Chuba#mid,resolved_unique,1,3e5ae8b83440a02455f1c8826a8a9b15
Fußmann#Papua,resolved_unique,1,d9190e4753cdce48de495be39e6df827
Seyaad#SYA,resolved_unique,1,4606b51b6ec964436646ed32bc96f9a0
timieboy#EUW,resolved_unique,1,d0a8659109a205b55acdbdec92e4e74b
Yorigami#Zoe,resolved_unique,1,df65c572de963ca1cbf94f7bc649a940
The son of Nel#EUW,resolved_unique,1,fdb9fa81a53c27157606d8fadd627c7d
Never#there,resolved_unique,1,c19e89eb89bfec2b464d4fb70a88ddc9
C10 Leon#404,resolved_unique,1,f2537b2c45205456b694d7ca20c203a9
OneHitOneShot#EUW,resolved_unique,1,9d98759fa35d3300cbc70953d2a04578
Nitro#blue,resolved_unique,1,9f758e2e69e95809ea1c9c0b531d3b0b
Skorpek#EUW,resolved_unique,1,8c74b553dd62e5a317f0016ebbcac5cc
SvenzzonMid#EUW,resolved_unique,1,3190a565bd6771e8908636b64553886e
Metospasmyl#EUW,resolved_unique,1,ec8c00eafb102e865670aed352ddfc3e
T0MO#EUW,resolved_unique,1,965247c2f6b3279f853822fadfbba931
PookiePie#BYTEY,resolved_unique,1,c5955206633fccf07e951107f32bc09c
Kepinviskoja#1234,resolved_unique,1,f75210e3a269672dade2c13a0833abbb
nider#vile,resolved_unique,1,149e7b1b70e4ab714086d5e35e23d2bc
LO22#4 9,resolved_unique,1,0ab002bcfa8ccb48858b9dbef0de609a
ChallengerFemboy#uwu,resolved_unique,1,d0a587611d93d08b5040a09385c77255
Lichto#RR1,resolved_unique,1,af93587410013057bbd81472ff60e6b9
nothing changes#zzzzz,resolved_unique,1,89d2e2e176abc69e2a6c6e705bb24f4e
Secret Alfio#Notme,resolved_unique,1,5703efb60e3221e292a791ab6384066c
Nowi#Nasta,resolved_unique,1,91c3e805af389b555c7fd8dad46e96c6
wdy1#123,resolved_unique,1,8f272224edd0cb14106e5794ed014e3d
WindBlade#hello,resolved_unique,1,6da111200011f3243110b6272f0f30d9
BubblesPVnRT#19443,resolved_unique,1,e5a80260da767b300fbaecfcf210e3d7
17092023#EUW,resolved_unique,1,7b6abda78d7dd8e9f6f6cd4dee776c71
Calimaestrouu#007,resolved_unique,1,2ef6c4163ecacaedcf90d73f5167b97e
K99999999999#EUW,resolved_unique,1,e0cc227f3bf6665fc837a4b6957f0558
Wildones#3468,resolved_unique,1,bd33f7236e09f83cc2c99926029f03aa
BArD but win#0001,resolved_unique,1,c2fa5789a2f6b72e6432da6f56d9a33f
GètRêkTù#d1r1d,resolved_unique,1,5cf387867964f760f6109897fe8e54d2
Disastеr#1111,resolved_unique,1,1a062ce37f35672a502a9c804502e8cc
Coolawy60#999,resolved_unique,1,dab39978e680549180b02e0e20d00c6c
x3ジ#Zero,resolved_unique,1,f4abdf5706a4065c6115bf958efc102e
Taszun#WIN,resolved_unique,1,638c2c564f67a0dd6c0350b2a4d10ace
HOW Milk#ROPE,resolved_unique,1,b84ef38d41bc6c107893bd14fad71752
YooHanKim#DOKJA,resolved_unique,1,f3f07543314d28f11112530d8093a61c
Edenlucy#00000,resolved_unique,1,f7619fb6c7236236e83be89f919cd0ef
Da Grave Man#EUW,resolved_unique,1,7fb0c65beb9a90574593ec2722c95ab9
IPPON#ONE,resolved_unique,1,6fcffa26eef1b17d7f1879f822ec59c2
2BSimpAccount#YORHA,resolved_unique,1,06d9153f30885035459d1511a7cf6195
Papua Bugi#2911,resolved_unique,1,9bad1f7ff45916952677de2fa5f4a2f3
Mirketto Sgravo#2004,resolved_unique,1,4dbf6e5adf452ef34a67b9e36bacd234
despía#PSZVD,resolved_unique,1,398349a0c221b3baaece4b20955dd783
PABLOSNUSPISTOLE#222,resolved_unique,1,a8cafc70a48d2abdb48094f392628139
I3I02021I#EUW,resolved_unique,1,f39862ec6ec70229383b5a02c465f396
Dysnomia#ASTRO,resolved_unique,1,e98081c83c314d9f2d1db071f3f09f6c
ÇAKAR#2334,resolved_unique,1,f7cdaa3db6b11617103f7b4166016434
Požega#34000,resolved_unique,1,a19f119d9fb3dae538835993dafa98db
Paragon#321,resolved_unique,1,30e1476d35f6e84697a04f3d4cfa55e6
TurkishGremlin2#EUW,resolved_unique,1,e57a08bdd416590dc67764045af44a8d
Mahiru#H3ART,resolved_unique,1,5eb900124991eccade545642a6fae5bb
fairy f3mb0y#cuti3,resolved_unique,1,86e30ed61893d6142c2e0e56c9a6252f
worship#lord,resolved_unique,1,249aeb7a404cc2f0c87ef1fb26c68abb
qweasdzxc#999,resolved_unique,1,071c973df5579dd9573fd3c040221fa5
몹 시#STAR,resolved_unique,1,648e13b6ecd17bbdba709380ab4b8b51
Bibibibb#EUW,resolved_unique,1,f3f3c336860fc1a5a08c5383acc7ba3c
Yoriichi#MDJ,resolved_unique,1,895711618546f25341c7ab5903d2f2d5
Rahameinu#ZAL,resolved_unique,1,571ff7c81d4548efaa739999889b3d7e
robiflex56#EUW,resolved_unique,1,146336e1f065a47a8a12ac800bae2383
yato#945,resolved_unique,1,e93faf54df375e011b56e2d23eefeaca
weaver#ss1,resolved_unique,1,674a8fc0502d6283bff610a6279810de
BorgoHyPiO#EUW,resolved_unique,1,9a41fd2bb7ad53a4a731d4550b286a8d
RUUU RU RU RU#EUW,resolved_unique,1,3aa32b77b26f0da7764d6fc384bcc124
svojtkaa#EUW,resolved_unique,1,4d1ba56e01357ffb5de657d6c396c138
LordBachi01#Top,resolved_unique,1,eae5d4f8f830ba9f6347bae260ccc24f
CAT DEMON#Love,resolved_unique,1,491e5b1f1e476a8eb3d6cda352c66d45
KING OF SKHIRAT#KING,resolved_unique,1,1261bc8015b56262cff58ceb320506c1
reverence#2078,resolved_unique,1,e0e4ab1ba6fcd33e3ef149656681cb39
O Vingador#EUW,resolved_unique,1,f3587e9d4cee6abdb6477ddcaa8f1a43
Pazazz#alune,resolved_unique,1,b1e11a9a0b02450ff9867dbaab8e5565
haricari#EUW,resolved_unique,1,3bec2e3b9ebad4f4f250f92757d52236
Spuds#Spudz,resolved_unique,1,4d70c4217bd26f15778af0bf619a7f00
Gnomo Fumón#GNOMO,resolved_unique,1,55018856fea7e410c0351e99dc7cfb21
ty 4 ur service#2016,resolved_unique,1,a3379ccdad60dd562d9c07e9a89cf1e7
GG Xianator#EUW,resolved_unique,1,7c67e78f13b2aac33c55f8ecda26a494
Le mec du 91#EUW,resolved_unique,1,52ed801fcb862e85b7e33b5966c5849f
Aúrayonsoldes#1883,resolved_unique,1,e45e81ddd630c2273c787db7dccdce96
Naxz#001,resolved_unique,1,150699fd9339d1cf793d17bbc717edef
Back DirtySimian#0000,resolved_unique,1,6af2dfc1e80a1f75405e6cc17f45d7fb
Reezyphantom#TTV,resolved_unique,1,e81d93e9ac66180b530d2f8d3f6ebb41
eeRBii#2454,resolved_unique,1,f6e6b9ba8e9d6996ec92944d83f07691
Blossona#dva,resolved_unique,1,dc7e3b99f37545fc61231f1dd2a655dc
2inflated roles#spjgl,resolved_unique,1,132e14c3c99bf922f2192b1f5dba7b12
DPL ABdelhadi#EUW,resolved_unique,1,1b8da1c7fe460d5b31fb9a84bd861c16
Dôffyx#EUW,resolved_unique,1,d37a27ab0b2e556603089b51591fbf50
SaynZ#SYZ,resolved_unique,1,b89b1c655bfea6d748a2a1da94671d52
TXT Froggo#TxT,resolved_unique,1,36f4f42ac86641c7b082c7d459b2c41c
Destiny#Card,resolved_unique,1,7ee654088536be98d61c2e5e08b28dda
Alyon IV#EUW,resolved_unique,1,cd4e14815b5589cdb9ea9f843640627a
Afuro Terumi#Angel,resolved_unique,1,73b63aaf1349e7a1508ab626c9f29c29
lDemexl#EUW,resolved_unique,1,f215f293c0a253d6b386dede94acf410
Draxcouille#EUW,resolved_unique,1,a2e60242502f35a2f0027d144211f496
Pinolo#brizz,resolved_unique,1,5822829d8c48466f54e26128ab56a559
مولانا اتولانا#magh,resolved_unique,1,f04430ba4e3d61cd62e166166cd15dfe
Sinyaa#EUW,resolved_unique,1,45fd492b7512b60ef5ce04b7e7a283c5
Brisingr23#EUW,resolved_unique,1,35540dfadc7e37b41dacd63ea1e72ac7
Membrane#Ron,resolved_unique,1,0bb0a35d7a89e5b06cf166f6a0212e7f
Tazzuh#EUW,resolved_unique,1,a978d8ccbad0192cf4af9fd393831198
rh3sus#EUW,resolved_unique,1,44219501d6d628a900259fdd84561016
midnight frogs#EUW,resolved_unique,1,c28991926e27d11322fd5f7cd51fffe7
MADSì#EUW,resolved_unique,1,e744a2d3503ae8c550adf7c1bfb49d40
UziWRLD999#LLJW,resolved_unique,1,d9a001842b14ebb3efe7264b51f036f2
Sommo#Sommo,resolved_unique,1,a8dc96aa6a182385135c79d61033ced9
Mogoxo#EUW,resolved_unique,1,840b007665e650389cee63bcd4a63816
Boffi2#EUW,resolved_unique,1,af50d1b26cd0aada7be4ff84489c3972
Support is so ez#EUW,resolved_unique,1,d060ab50346d1380e8c6dc5e426173ab
Princess Aurrora#EUW,resolved_unique,1,b6d6bbcf5d6160201cd8cb05b55cd1a4
JPTaKenNN#1337,resolved_unique,1,e6ce592b7145c69c9bce88073ad221f3
BardouCrank#EUW,resolved_unique,1,5d276e47d1969505abc34e1ba4554d41
roi pipi#pips,resolved_unique,1,bf4c876f71ffc8341c26c54684fc844a
Arachné#0424,resolved_unique,1,cb3911cbeed0afb643511b99d2965632
AldeMax#EUW,resolved_unique,1,0745caadd2f2a9faac563246836bbed1
PrettyFellow#EUW,resolved_unique,1,3b7d8d11cf729829c0d89b7400b0b804
Sµper SION GOD#SSION,resolved_unique,1,03fbca11fbf66951c0dd43b8c3d4f046
Joe06#ECL,resolved_unique,1,3d7c4127e72fc1fc3d827ef2e95d7cfe
GONZAcome#00001,resolved_unique,1,346ae6e06c43a631d916aa52fc8f12e4
gute nacht#müde,resolved_unique,1,043f8dfbb92e2b6fa6fe43842b9a3c04
BoyNextDoor#Nord,resolved_unique,1,243f3a5077f5a411b4b5357678ac3e2e
ManIover#EUW,resolved_unique,1,8fa16a6bb46a22b5ceb2ed1660278b11
elfouxX#EUW,resolved_unique,1,ca89877463a2ef7fef1a10cb29eaa3d6
Mia Malkova#Pron1,resolved_unique,1,c58e23b4f96d4cd8c840e30113b8907a
LeNicow#SWAIN,resolved_unique,1,dcba84abb84230eacd25fc40a6a6cef8
cncbf#kink,resolved_unique,1,dee37c397f6777e8cb4640aa5a158e2a
Qu35t#fatty,resolved_unique,1,27c5f2b35285869f3ea292f7692b6aab
Mue1#EUW,resolved_unique,1,a8fd900f419c9bf9ad9f5cc363533551
AC i11#1900,resolved_unique,1,246fcfbe1a227d7fb6cf23405d3b5495
sunshine4u#EUW,resolved_unique,1,f1271948ee295831de0f277944715a5e
disincentive#kotki,resolved_unique,1,ef44293a024681999ed95a12793753f9
DoggoDerWuffhund#EUW,resolved_unique,1,9a4fe443ae39a9ab436fa974b0723ac6
DakJak#EUW,resolved_unique,1,85003ca35053cfcd1ad73fbfdbc3ef1c
sziwek#88888,resolved_unique,1,18eb3ed7dc8573fc89f381fffea4fece
Lill Rat#RAT,resolved_unique,1,6a2c870bb1bf8ea10c88d1bfeb817dbd
Regalia#xyz,resolved_unique,1,1027d55c6441e09973b92e6ec75eaf6c
G R I M S#ESP,resolved_unique,1,d2372fcfc014fed1758bdc4c9b268208
Gordalf#EUW,resolved_unique,1,16c6f05b64d4ed03f11a1ff5a7d944d6
Dumy Winterfell#EUW,resolved_unique,1,4dba645aea93f2ba9b6641a4a3fc70d5
Etheral#FEAR,resolved_unique,1,c8e7a05082ebcd3bf7657a2969261db1
Lil skinny#5814,resolved_unique,1,271d4121e8abed33ac61c22703a9bc30
Manuel Kahn#EUW,resolved_unique,1,8dee8f12d70bc47446320b38efd4c9c6
Tifna#EUW,resolved_unique,1,7a696a15fe16622af5d6c40be71755f5
Plat#666,resolved_unique,1,c1e682defa9009d7fe686a52ffaaf9b9
Der Sebo aus NRW#EUW,resolved_unique,1,2180a6a90dc3510f70dc47ce3b5ee9b0
mikkel#1213,resolved_unique,1,3fc8d62cf6a05629cbfd50c68ce874f7
OPaperPlanesO#EUW55,resolved_unique,1,8f900666ba1a36fb4d6a4c20dac3ced5
Bilo#0110,resolved_unique,1,dab75379124ae4969bab8703a808dd14
Scorpur#2409,resolved_unique,1,a2573e5a2b8a91a04d4990b724d21cc3
Lian euw#EUW,resolved_unique,1,2c9fa68f8f1a0fecd27d1922e6c1896f
ΞDΞΝ#EUW,resolved_unique,1,bc6d1e221b1ab4c53dfdc2455cd34f21
SpotifyDipper#STALK,resolved_unique,1,d63acda82975391c9178519335839bc8
Dman#403,resolved_unique,1,4112120df43321d2a256ce309861d922
Myname is Batman#EUW,resolved_unique,1,9bcfa5a6241b09d68c3f8b9de1673b00
Glitzh#EUW,resolved_unique,1,800eda0c004a3a2e1c3e8d75de8f2852
狗狗祟祟年#520,resolved_unique,1,b7177e9857b7b602064a86f235d4d317
200kg of cute#OwO,resolved_unique,1,e56e434d87a41efbfb9de98927e04c46
Dreji#Dreji,resolved_unique,1,cda97ac79642e6958f94cff70a6b9650
leesinca the god#foks,resolved_unique,1,9ba53e82753a144988fc962af7465ebb
Worthless lowkey#rsy,resolved_unique,1,bbdec77b69cec30d98fc25cf8cad020e
w1dune#NERD,resolved_unique,1,fb1f5eb0e6159276e76024fe0b150e2f
PAOLO MALDINI#CAP,resolved_unique,1,0279e36588847beaffe7dff7dd9a4ad4
phrzz#555,resolved_unique,1,cda68de58a4fcf5626d9d9b73cffb035
žluťas10#ZLT10,resolved_unique,1,04b60c9523057136e18d483a34bbcdc8
T0m4s#Lamb,resolved_unique,1,f86ef368557a596faa2abac08b01e1f3
Cespiglio2009#EUW,resolved_unique,1,2f5c8f477753fde99939d58316ff842f
Tenosita#EUW,resolved_unique,1,a3fb8b1f86d3269487af4b02de4eef27
Had1nar#EUW,resolved_unique,1,e25e6236f7c51823aa83b93fc052741d
Archange Urzael#EUW,resolved_unique,1,0fd67ed4baf8ca4d9452de2d271cc3b8
no discipline#rb27,resolved_unique,1,7cb545e363c8609e30bc0a3e4624a193
Vojtus#LOL,resolved_unique,1,f790752d0059a17e257f66d7b562d12d
yiuu#EUW,resolved_unique,1,6adb3d2d8362cdcc2f9b24d9ae23e76d
LEOTINKA#LNIOT,resolved_unique,1,e78ee61942361be0d0441025584e9ae9
CHI Hades#EUW15,resolved_unique,1,8759eab67205cc5b225598ddf424f9fc
WinforGwen#EUW,resolved_unique,1,cc911362d40ca2a5b5de961981621d27
Imjin#EUW,resolved_unique,1,a88a30ef0a66b1b0ae144ac1a53ba8af
Heroes#GER,resolved_unique,1,304f3c32413f7685f9c5f4381ca733e3
Solo Medic#EUW,resolved_unique,1,31d8100c714ce60a7e878f2b4b0f219e
ibbegasolina#EUW,resolved_unique,1,365215ad4024af95718f572227a23faf
DLSMAY PAIN ACC#DLSMY,resolved_unique,1,c299e3d24cc85bbd221dac3cb65c57a5
Bestie#WEST,resolved_unique,1,ce2906d2ce41b5cc35311d0d465336b7
Olimp34#5PIGS,resolved_unique,1,e3888f6b13d0ab6970f16899eb5ad8eb
ιηγσ#EUW,resolved_unique,1,3d1d8064af3437d855c02463347d4448
Nollacsim#0123,resolved_unique,1,40cd8f318d99d7f3567e4be3f885c16d
Jugfield#EUW,resolved_unique,1,03c5d0e98e96b63e4348abb082b0f8b6
j1m2yhz#4iot,resolved_unique,1,46ec691a2d585f9cee3993856d8b245d
Lyneseig#EUW,resolved_unique,1,5d50f24f29ca3512865d605902ec8834
hhhhhs#BOZO,resolved_unique,1,968b05da679eeccf43043bf7d1bd0904
CΛSSIΛURΘRΛ#NIDA,resolved_unique,1,068432bda969956d8a436ecc1f01fd70
sοldaat#EUW,resolved_unique,1,f7aa26b0cfd0c9de1c22e08ad4888ccd
ł   Void   ł#EUW,resolved_unique,1,9a08e3a32931e6c50201e250428bfd80
KaLmAnna#EUW,resolved_unique,1,bf194b45106b9867db92a734c1a2be96
Crimson Kindred#998,resolved_unique,1,fc42e37a0f4c2f2f757db5299704ac55
Akalynx#Cryp,resolved_unique,1,5fa058cfeba784e46f4a9a702f6eb19b
Jaatatai#EUW0,resolved_unique,1,174e1bbd360f81b9e138bfa9f90f7f33
DawidUZ#EUW,resolved_unique,1,4d4a4637298a270f30d5dd8637a2a3c5
Cosmos#Rown,resolved_unique,1,3ecdef8bd8e272a48e76160cd8de12b2
ShingShalaBaidos#SMILE,resolved_unique,1,f7dae722675e8513bf6d7f1d43b67e5c
booty bandit#TJD,resolved_unique,1,90d398bf506913b01dbeae28e920d543
Myosotis#0210,resolved_unique,1,fc41dee04fd2564ba5af5ec942ddb952
Anton Gorodetski#9957,resolved_unique,1,4d768d685c1be3297bd697c7a868fbcf
Evelynn#St1,resolved_unique,1,588c831cd1dd0a69ee061040f6329194
DWX#EUW,resolved_unique,1,137ce11effdcddc2b7c9ddcf26cfcbfe
Kagbah#EUW,resolved_unique,1,fd8b36567d4bc2a04358ceae244e31e8
karetekan#EUW,resolved_unique,1,3aabe710fe0131729f41b5d7dfc5f71f
CLD Dezo#bawa,resolved_unique,1,8a49a5eca49080d9eabf54222ef5ab9e
clown emoji#999,resolved_unique,1,a7797f8b326799947e6b233628fdc9b0
Hitokuro#5311,resolved_unique,1,39b5abc78f27df4f000a357b1ab89e95
Kapten Hasse#CAP,resolved_unique,1,1108ae6da652f9794d41100013016f68
In Púd#Top,resolved_unique,1,1d694a023811978ebee4548627e24f14
GCL LowTierMage#CHI,resolved_unique,1,3013e90a3ce2d0910b7c6abc50f8f531
Gank Magnet#TEEMO,resolved_unique,1,aa37d9e51900c89a29d06c581b2e0192
xAllow#ESP,resolved_unique,1,1fc7062530530f3a792e64319cad8d5c
Ken D Ji#KIT,resolved_unique,1,1193555245b6cc0ef04febb93ec265a5
ratpower ccqsV#EUW,resolved_unique,1,9753d525e6e3c20d684f4996d91b1ba0
Idraa#0000,resolved_unique,1,0c95af946acbb200309b116bcff51944
AP kronoxdehyde#1102,resolved_unique,1,3a0d8a7424cb3d07eaca39f3c15e118d
PaddyPat#EUW,resolved_unique,1,ff747c6a06d4b4f64a90226912c952d9
drago62810#EUW,resolved_unique,1,d8eaefac617d6b2a3b0583d7f0bc0961
Feltzschi#EUW,resolved_unique,1,4a5b7df21781513d006ab27a2dcee1e1
Aitana Ocaña#TGOD,resolved_unique,1,c8db10974c69bfd06087096c90997a64
BCbanguer#EUW,resolved_unique,1,d9cc4934148587b14fded105cbe9c828
I YOU ME#god,resolved_unique,1,a387c5cc0937666e2e1d5c19f63c472c
Nicø Williams#SPAIN,resolved_unique,1,ee5443d8d765bd0693a4223cdfdd0f49
Oxile#EUW,resolved_unique,1,67fd14eb8fe4e365da8d31642d87afa9
modix06#EUW,resolved_unique,1,839e6de96ea6fdd9a504882e57faa3d2
Washed Sousa13#LOL,resolved_unique,1,21f1291397d4be43cae2bb5ceaaebdd5
Carros 2#Hdk,resolved_unique,1,d7cd3fc624b0c3746d497f6485d3e666
SeanII TK#EUW,resolved_unique,1,658dff497522b8955aa5ecd51edbe2b6
Abak#7777,resolved_unique,1,8eaf9391e3275d8845198d46b5d79e30
Cucina Locale#Cded,resolved_unique,1,26007fa0ba846853c7278ea53a8123d4
The Solace#MID,resolved_unique,1,61abaf7595ff3fded16625ea94cb4e1f
DiabloBast#EUW,resolved_unique,1,73bb9565716f53b5dd8f2ed48bf5b673
Ken K4neki#EUW,resolved_unique,1,b841345f36b1107af48c1ec8e4d0ad8a
weakside FAKER#EUW,resolved_unique,1,bec2dbd976aaa883d406aabdb04d5b8c
八尺瓊曲玉#Lux,resolved_unique,1,9d00435dad88792d06f2dfbf0f04efd6
Only HappY#EUW,resolved_unique,1,ab01eee39358208f72f7c2c5ac07adf7
crazy for omeya#lovy,resolved_unique,1,30311a092afee5ad43eec4c424cd5be5
asdfbdd#0101,resolved_unique,1,185a8d23868a340e829a50386a30b2a4
OPQKJU#EUW,resolved_unique,1,9fb0de5dfe15cd65be0ab753beb4f06d
Du stinkst#smell,resolved_unique,1,0d21cda57a945e141e14abc17da280b0
yzjoka#EUW,resolved_unique,1,ffacfcc6799d58d18b557c0908cdca3e
S4LU#111,resolved_unique,1,e65643d6e8e8758eeeebf17e2293d216
roz#bot,resolved_unique,1,276a0f137ccf8dc2ae79ec30726fb117
Jinimini#EUW,resolved_unique,1,df7de9c3b1844eab4fd8133ffe113e00
Tchabal#00000,resolved_unique,1,53570317e1eda5ac9960ef7645bb1ae9
USDT BEGGER#MONEY,resolved_unique,1,d527473b2a526564b383bcb1e1829d7a
TamerImpala#420,resolved_unique,1,bcaa1ac4f3234462a02c054c51bcbb2f
kindaweiiird#pog,resolved_unique,1,8e45a296874c6a320c29ea5d4a49864f
King Belial#EUW,resolved_unique,1,e6270278225ed38c1c404a384db5303b
Aliaume#EUW,resolved_unique,1,688540bba5a76a760b9262d983c613ee
Sparta#UNSC,resolved_unique,1,ad1742b621ede71fdf8351e69bfebaa1
str8 rippin#EUW,resolved_unique,1,9a0f3239c4366a2acdcb860c8e79ed70
Jolly Jumper#001,resolved_unique,1,381d4548931c5b6a51cbffee9b583f8f
Thommy#CLN,resolved_unique,1,3b79717010714021786704a519d6bc8c
mister asum#EUW,resolved_unique,1,cade650069e8cde454f9ca6bd691363b
KeepMovinOn#EUW,resolved_unique,1,a70af8e73b7d639cea0e478298d35849
Bigbugs#Bugs,resolved_unique,1,4ae9739e3212babc416dc43737f942ec
Ikárus#9691,resolved_unique,1,f35cf5a47af6ff3e4ef18d21fae502de
NoPainNoLoL#EUWdd,resolved_unique,1,681577e43e7519529be894fd2de9b2ff
Ha Yuri Zahard#EUW,resolved_unique,1,c52ce66de529f1ec4065e04706400793
sëphïroth#BOZO,resolved_unique,1,2d240358cbc3b1187db0d5ada4dadbf5
Celsti#jgl,resolved_unique,1,9fcbcb3e481f29a1a4721ebb22223aac
Djop#ZAZOU,resolved_unique,1,b352b0e02fd4dce1ae997b558dd76e48
Bephepi#EUW,resolved_unique,1,08a2902624635955ceef4eacc7725e90
BendoEstPasBête1#EUW,resolved_unique,1,387bd47a24960f5ba057c0d8806ee55b
Shura#REV,resolved_unique,1,cd21cd636d93f48fdafab101c764edb0
Ephilitio#EUW,resolved_unique,1,51c800b46144c26ee34c8f0e996972f3
SBootZ#EUW,resolved_unique,1,09de198a03f66a8ff639d929c61912c4
Ricarderix#EUW,resolved_unique,1,db679383dbbc4e79ee1fee1d23f00d89
Master Ac3#EUW,resolved_unique,1,cf9b772f5fd378e12425691ca81f19f9
agougagaaa#EUW,resolved_unique,1,3c1fdc73b6a18a06a654d80ee6a1a11b
Swipee#EUW,resolved_unique,1,b53fb52805fa2ca7a57f755566296341
bradshaw590#EUW,resolved_unique,1,f8dcebfac25ade5ca8ecd9e9a1d0f6df
0RyaZ#EUW,resolved_unique,1,44f1f53f17929aba0f731b6db008aed6
UP5 Colak28#UP5,resolved_unique,1,b53bf57fab018cf0657faba7ae2a3860
balo#ZOB,resolved_unique,1,42397e0323cba60f39d242b7c51657dd
Semmeltaucher#EUW,resolved_unique,1,5f6ff9d16f514785da7930858931a685
lemonheadji#001,resolved_unique,1,5e60d2eb7f8d99247274b9dbea968c4a
RC 1138#BOSS,resolved_unique,1,c09ae13394a328b7becc501ebe30bbf8
Malurxia#EUW,resolved_unique,1,874547bf4e17822d7bc207842a119880
Timalas#Mid,resolved_unique,1,0a53f88147a3b065cbd0c732c1363175
Isomorphisme#EUW,resolved_unique,1,3213dcf25f1df45188314efa6abb63b6
SiberianSvezde#EUW,resolved_unique,1,77032c8ad229ce5b59a1c1ecf22ad93a
Prowl#JRRT,resolved_unique,1,664218a3e0557416a1073fd604ff81e5
Patshu#EUW,resolved_unique,1,6b7e891a3810f136c66f7369c45e7f72
Firefoxfix#EUW,resolved_unique,1,06514c4c83a20e8ff46bec8e0ff264b6
LetumTradere#EUW,resolved_unique,1,29df0e05a5e0ce18121433426ed53ff1
billibob#EUW,resolved_unique,1,64c25e548f612d6b2ef281123717fe5e
SpiTrip#EUW,resolved_unique,1,0f91f0941886abf2ce7ebc4139be2519
The shy Carry#EUW,resolved_unique,1,c0a8f5d30d8adf23a43c406ed1f48b41
Overlay#EUWU,resolved_unique,1,e6c81f904bfb3cde08ecb4f77213248c
Deuz#TV1,resolved_unique,1,caa8f86a393fe6d033ce4a95ae9cdf43
Veridian12#345,resolved_unique,1,d10afffaa2b719a846530a6374db6a66
v6dph018N6#EUNE,resolved_unique,1,9b9bb010cc282c22f1b7aef7a009ebba
Kaiserin Qiyana#Royal,resolved_unique,1,74c19ae948be15fd037709f957cf2362
Aweyanny#4958,resolved_unique,1,a8c854361325af921d6425465492c975
Süße#ミ狐メ,resolved_unique,1,076a7bf82560b06b737cd4abd3bb4b67
ManiEfesT#sup,resolved_unique,1,0d7463d0f236e78be4b0c6965e2ebb39
Kgswallow#0000,resolved_unique,1,4f861277bca9fe6884fdab1cb724b2c4
Fryisia#EUO,resolved_unique,1,be2bcc80cc0a6ede9ebe4a8009fe44f4
Qb896#GenG,resolved_unique,1,f7c98c4f36379d1ba8d4b9319445fe35
Souleveur2Naines#LEKIF,resolved_unique,1,6bc0f49f91d716d6dd99b08de94b78c0
Hiaplard#7045,resolved_unique,1,df5fc1b7cbd63ecbd1004f30ecfa82df
Tijaz#mog,resolved_unique,1,b1c8a5f7e3429aa24ae0fa51f6463d2c
Blue#ad1,resolved_unique,1,f9cf32ade58e1d86331d8591d3fe2ed7
Kit#58000,resolved_unique,1,7d4ce20a76475716ddf1d7089cb5abc5
Piskopat Yeti#NUNU,resolved_unique,1,a6b4179c36e4516300d78643f6f8cb0e
yoyobrawz#742,resolved_unique,1,0047229c2b1b11cf2ec78966735e4eac
TARTARIAN FAN#G554,resolved_unique,1,e27866d4b49d759883efd0ea6bc56a55
Dreamer#4410,resolved_unique,1,c3839ab0bd1934c3afb9c4ba73668c33
valeera#gcgc,resolved_unique,1,37998a309fbd8047f68cd5cca3eca72b
carvulka#ヨルシカ,resolved_unique,1,e6e6e0f031f15927fb4cbb191e89be11
BoulbabaSLV#EUWuu,resolved_unique,1,dba6b4dbfd5e3ab05c69acf9f4c4ba12
son 7#gnx,resolved_unique,1,b270578c979521d966aa8cd5484b69b5
PlantbasedFnijer#EUW,resolved_unique,1,2e38bf9c582e55df5f06c186e471fc1c
corug#EUW,resolved_unique,1,777d6a6137b198f335a3d0f57b86b174
Moi oon Arrowツ#FIN,resolved_unique,1,fd3cd5a1ef3fd678ba84155aa4960a8b
HYBRID THEORY#WEST,resolved_unique,1,754a2f79736b462c50df9f5a82fe2213
Deduwa#EUW,resolved_unique,1,1f4c511aa21dbfeaf8452cd0acec1e49
BONG BONG U#oner,resolved_unique,1,6e7cb1699ca52b1c00679aec10d9a68d
BloodEaglePhroxz#fg444,resolved_unique,1,d4fbbda700199947a99fdb0e2430a992
sir Robert#9085,resolved_unique,1,e02346eff065cfc746722e906241a7fa
Dan Legenda#USTI,resolved_unique,1,d5a27b77b44306dd0c5c66c5776530e6
沉默的疯狂#真 相,resolved_unique,1,111e690817167d75dd50c87e85c8af59
SENİ İSTEMİYORUM#DLT,resolved_unique,1,ec68586511396d682b69a01f50a8462b
N00bSlayer69420#55555,resolved_unique,1,a4485a79408301c8af0aca0c30bbf7ef
Jan Šrajer#1688,resolved_unique,1,7919b3b4c44bd3641992e139b8c64650
黒子 テツヤ#raiki,resolved_unique,1,1a040d25cb305a0b5dde6e2083de76b2
Leo XIV#Papa,resolved_unique,1,fa8c28c49b095a1e23edf73169683c41
SettEstSurEnfête#EUW,resolved_unique,1,f408d2df97bbce4325efbd83624662e4
Steve GamblingTV#FART,resolved_unique,1,e7c51ddc6c18ec5621f73fd4fb1b30c6
goth annie spit#uwu,resolved_unique,1,3383e754ad33899952ada847e1d521ba
Super Boogie#GAREN,resolved_unique,1,4bf27f1bfe25ed07dceb43a2400fe240
500 yo vamp#9EN,resolved_unique,1,023b9102b60d05dbd33875d9e14c6cb6
TARZAN#Moto,resolved_unique,1,3ed3a2320dc4dd1e905d813b7a6dd278
FAT MELISSANDRE#1108,resolved_unique,1,ac68ca9669475aaa9bd780776099068f
WiIIow#Nier,resolved_unique,1,7e440b5178c7e064457f787fbce56ea8
Maxbrine#000,resolved_unique,1,fbbdd6e0931e4dd67450bbf5614f74b6
krisklimt#777,resolved_unique,1,5a8166751c8eb33ab973ef6883f7a783
Soplition#EUW,resolved_unique,1,fe6eb00411f8890b5375e48a07f31d07
I Love Mommy#Sub,resolved_unique,1,2455d54b0c93c757c69ec60647ebf6c4
ZIIIIBIIII#BZZZZ,resolved_unique,1,30bbe4f92afc15230c07815a92ae9aa1
ZêÐµ#EUW,resolved_unique,1,c2a6a998fe83028f2c0c17b8edbc39ee
Exodia#Bluey,resolved_unique,1,6e535e1b1bc55d0d883b75729d6c8e34
Scoobert#groom,resolved_unique,1,43c484d9420e48b18d6dc206d3439991
DoktorBrzi#EUW,resolved_unique,1,d1173533b5db00e83659350e6e22d9b9
YTM#YES,resolved_unique,1,02a262f7f0afb8dac50b35ab79864c77
Ayven#2312,resolved_unique,1,f36fbcccd846828c37fc43114c87882e
Deadly  Feather#0000,resolved_unique,1,d050f6c559ff7df2270dcca0b0a89a1f
우나는 영원하다#UNA,resolved_unique,1,2225dc39c051729481c34da0797eefec
coeur en miette#667,resolved_unique,1,963fc9e664623341b44742986df3bbe9
Selettrice#YGH,resolved_unique,1,7708837e7aeb8c785cad1e6484c87362
Blux#wow,resolved_unique,1,1a0137e330e9d865ab27fd5031ca4e14
Saram4lacara#666,resolved_unique,1,9ce68799411a04767e7a89e986959c75
綾小路#42069,resolved_unique,1,2358f60338eaf5673275668581ad8489
Yasuu#708,resolved_unique,1,5527e65a0dde1175b7e87a325ea7cd1c
ƒºƒºƒºƒºƒºƒºƒº#EUW,resolved_unique,1,df5248a151cb4a70e51db243f7c3d786
Jizusai#958,resolved_unique,1,0c64b9ffff3d5519332f33449d56c6be
イノセンス#3010,resolved_unique,1,ed0d72c96841fd56502a02b72d0003cc
ADC777#777,resolved_unique,1,154fded88faaf25be952175989a655f1
CS PER MINUTE#ADC,resolved_unique,1,f43ab3ca5305d75454a6bf9d4c6a2a0c
LupineAxe#EUW,resolved_unique,1,94926b869fe78944f3bf6c4cd41601f0
Skilay1#EUW,resolved_unique,1,35a155fa9f272da448eda0208874a623
Cha1lenger#EUW,resolved_unique,1,34898b4cf28f57f3f922cf0e26d4979f
HermanuVo#EUW,resolved_unique,1,2e01ad844ca6aef0dd35846fdce81bc6
FATRY#Brody,resolved_unique,1,bba0ebe4fc317ff4106b828147273ca3
Kenshim#007,resolved_unique,1,36f4fd273bf0f955bfead138e2f1d2a2
Jul à l envers#EUW,resolved_unique,1,945afd193ed9bb933147081da5abe1df
Ðeitsű#2211,resolved_unique,1,61eb798a7aa8c45f70f777037a177822
DeathHamster#EUW,resolved_unique,1,18fb6203f48728b278e9477b63922c0b
ImUrDeathMark#EUW,resolved_unique,1,8a055809df8357323200fd1815063eb0
Slikkepind#EUW,resolved_unique,1,cbee9e044c13ace766a2744f3113f9d4
BloodOfMirrors#Wreck,resolved_unique,1,46ab85d7551ed1f4d075048534c9b2b6
Xsefe#EUW,resolved_unique,1,0f41fa956c3bcfe168af86d11ca7f900
Call me Trashcan#EUW,resolved_unique,1,0536a51a8f452dad6c291288cb0021ff
Raccoon Trucker#ANIKI,resolved_unique,1,a0b96fec0146e3b08489689fa8764859
Seiken#2843,resolved_unique,1,fdabee4b04206caebd33828adb55a963
feuetfroid#EUW,resolved_unique,1,b711330ef55b686e12c3a97abc19dbb4
Pl4TriX#EUW,resolved_unique,1,781e7d23f814c1ff39bad44ffa675da3
Halkelaer#EUW,resolved_unique,1,52e07c0b3c97033ddd78fc59c197172d
El Torero#BigW,resolved_unique,1,4564a7f2884633e1d3ae7abbd95a449a
FERN Pyke#YNB,resolved_unique,1,7f70810e7c11f296c623e69c35db5f4e
Huinda#EUW,resolved_unique,1,51e33be1e83b84f822de740d7439757b
Ellegoniasty#EUW,resolved_unique,1,4f23939b3129e2c1c8285f50188699d0
yaoi#4life,resolved_unique,1,67246317a5779898b727c8f04a8ba027
kfirmos#EUW,resolved_unique,1,2738a63f53a3e3d18f92542da979f647
SirMaxxv#EUW,resolved_unique,1,ce28feb74a40704059644451152b16e8
Flip and Feed#EUW,resolved_unique,1,0a256adaf4777bfa63954df031ff1b91
Mavi#TR03,resolved_unique,1,140402a55ed25e0c6a848e4f28ce1970
Pentillion#RANK1,resolved_unique,1,4911d2ab16c8fbb6a5304090306790a5
malheur#5275,resolved_unique,1,ac6dcff47acfc889363ca25a7056422e
AC Slashy#1900,resolved_unique,1,c4276a48680579b47343eefc9489f878
S500#2560,resolved_unique,1,1ee5899bd4856a88b37d862f6052bd6a
Milschmidte#IDG,resolved_unique,1,6396f9cc9d604b3adb873fb19aa1bfd2
Furezi#1311,resolved_unique,1,ad23c079514be4c893537db36374ed2b
cxxcxxcxx#666,resolved_unique,1,2cb49298acf00c0bff18bdf28fa2992b
malteshadow#sup,resolved_unique,1,37c26a8e83c45972fd9a82fd17ffa1d3
Lukemilla#EUW,resolved_unique,1,b3ebf4ee1313defba92eee277047ca56
vaiosvp#EUW,resolved_unique,1,aea57311cefbb01912dbc11f01ed5478
Pensionist#Unc,resolved_unique,1,c3bd55cea730e72d6e3093d931e6417e
ghost boy#idgaf,resolved_unique,1,eb413afa9f517e0d2e27c3aa6558b70f
deathstroke89240#EUW,resolved_unique,1,081efd0cfe46a472fe1887f510556b48
Dom#021,resolved_unique,1,ba90687eddc7f3e2e7eee5ee63f2fe74
NEXT ADC SLAYER2#EUW,resolved_unique,1,b31144a9367a8e7eddf8d547dbfa267e
Le Dong#EUW,resolved_unique,1,071c86f65c0b1cb256a4a8236488e70a
Garen03#EUW,resolved_unique,1,be3ce0706125e00a95b13cb3117c32a6
GüIücük#sprt,resolved_unique,1,b909a0e3c6509015c3d3520b30a46feb
lnvencheater#EUW,resolved_unique,1,b00209882fe7b7b50e19ec9c4cbe8006
Tr3valyan#ROSIK,resolved_unique,1,028fc84be78c3383fba6bbd53fdb13ae
PN eNec#007,resolved_unique,1,9d1d1264bed9a778e386580017e157d7
Mediaset#777,resolved_unique,1,fb2ce4594d1cae51d9c33b5fb04b8770
Sice#21727,resolved_unique,1,126ee444202d509e6624617c9679a203
Bissap Drinker#7TO3,resolved_unique,1,e52b058d999fbce7056c2f62bc64a27e
JeppeHou#EUW,resolved_unique,1,2ffc58917a255bbd8743ceb10b24cc11
Toothless#EUWWW,resolved_unique,1,16e4c6937cc47895cb6a91c31954d8b6
Improfelix#EUW,resolved_unique,1,2831751563c71ff3e77e110d0ede7a14
Blightwell#EUW,resolved_unique,1,fda2c6053a4adbf841c689c73d82f076
AwestaHabibi#EUW,resolved_unique,1,5e1b50e9eb6e1c30fe24a00050610583
Number Blind#0017,resolved_unique,1,b91b1057a3f085ba10797b4ab9f53fb0
Volts#Ayyyy,resolved_unique,1,bbae1521cbce2e0595515b059b768b98
Mr Wiggles#SKTT1,resolved_unique,1,bcac17036e58c591f8b23538cae0ee4b
Nezek#DRZ,resolved_unique,1,c7d5a246557bb02892156300cc3d8aa9
Teddy Twitch#EUW,resolved_unique,1,81797663ae010fb24d5f04cf0c14d81a
Kiwii#pie,resolved_unique,1,15a38d7a9234ee26668cde06d2c4c25b
아드리#7232,resolved_unique,1,f7db70dcc4d4b865cd09439a38bda5d7
Warioo#WAH,resolved_unique,1,3f72921b044ce3a5e3f3248919d3158b
Chαrles Martel#EUW,resolved_unique,1,586665db4220175ed8750b04996e47a6
desperate løver#EUW,resolved_unique,1,933020ed03614652463f2524ffffe90c
Threnn#EUW,resolved_unique,1,c9512339028579ba69be6e4942df3064
TheHönoredØne#EUW,resolved_unique,1,0612b8e19a78528a9d330df31c2c4529
Zaphk1el#0520,resolved_unique,1,f94e8b537aa341a1d7f7001bb01a8e69
shadows33#EUW,resolved_unique,1,f8106431ec4243f43674a092d7d9db9b
Tservoujett#WIND,resolved_unique,1,779494537047f385b5054a8e5d0a5a7b
Kulrah#EUW,resolved_unique,1,076722db5084dec05a6ee347b72f0852
Geist#777,resolved_unique,1,bcd18b9e9c7850ac29d50da6c45441e3
ImWaZz#EUW,resolved_unique,1,4d4d0ebfaea45754fd0b6afadf9fe4e9
しらゆきひめ#926,resolved_unique,1,613ec6382540fa8f33255bdcd2a02554
Pastus#EU1,resolved_unique,1,e315bf99fa02251182b870c592d824b4
Rayquaza#EUWW,resolved_unique,1,bae70ecd1ad3b569bf4db194dfd34f3b
Kovix#EUW,resolved_unique,1,48f8348179690573ca3d022e4d5638a9
Fareoh#EUW,resolved_unique,1,d0304c2fd9aa4ac1954062bff937dff3
knæhøj karse#42069,resolved_unique,1,55e1a2ae8df8e56e1bf8c5acfdf0c42f
PASCAL OBISTRO#EUW,resolved_unique,1,6b645be8afbb06df6eadbcd7d66f3247
TOKS#EGO,resolved_unique,1,f63d9713990ae302b6d55ca7e2e6f93c
SP JaKnos#EUW,resolved_unique,1,0247031334089d8a5966002d1ef0971a
OVNI Bastos#8308,resolved_unique,1,7d099df517d0ee6aac746315ce101d8e
Petit Teemothé#VIET,resolved_unique,1,c8fed0968ab70c58bf93e42442c22669
MeOwMeОw#meow,resolved_unique,1,798c4c735c7df62a99db0509ee332e76
JealousMoon#EUW,resolved_unique,1,f545b015e1e9138dc121ae18f4bddfeb
MorenOZ#EUW,resolved_unique,1,5554d48247e6e8e8e5b3c6e6739d98b6
Rambukken#FF15,resolved_unique,1,236ce972016564bb0cecef54d7b552d9
Vaidoze#EUW,resolved_unique,1,e55890b2bd0e23088a54e2cca7a49842
Lesbiana Tanque#EUW,resolved_unique,1,29944d41a56b03641bba26855ccf5d62
JeIte#EUW,resolved_unique,1,a9b54f16cfa981467cae1605caef20fe
Arnô#EUW,resolved_unique,1,f450a2dea7190361a924b4dfdd8ae9b8
UwU Genschie#Quack,resolved_unique,1,c2429e49950ec2ccde6b8c6bc487155d
FloEden#EUW,resolved_unique,1,51a51cb2e69865e178768bd296703f98
Irvig#EUW,resolved_unique,1,f78fc4fab33a7f4fe00810bfc7cfca8a
BebeLefazo#EUW,resolved_unique,1,2501928b638c604989da72ed8c78a8e5
RETOUR A TUPAC#TUPAC,resolved_unique,1,a11139889293e954301a79d3081ab757
Trojahn Power#EUW,resolved_unique,1,afad96cc1c9f82a2855ce7c2f3496658
Duckfiverse#111,resolved_unique,1,6fadd925e7d0d7af80976e67b338e463
Pop#0411,resolved_unique,1,0cc9a750da231042e0c745ad9f6a9390
Poisoned#idk,resolved_unique,1,96868642391bb3d32f181139e6457d0a
Im so shred#EUW,resolved_unique,1,7ec36c928ce07a536ac9bdbe29110b17
Chouinette#666,resolved_unique,1,2ea9d2c3c167ed47796528d2f2fc6bad
lil Limti#EUW,resolved_unique,1,d2d799298bc93e048b856c214f65051e
Benjy54#EUW,resolved_unique,1,fce78299955b284b4c05ea7d9840bae2
Mejeriet#EUW,resolved_unique,1,ee59f5d6419e0ffb10263e4f1a45af2b
SoloQThresh#EUW01,resolved_unique,1,9b06428978423d2c076ebeff3d8fa824
mountains#monke,resolved_unique,1,09f55ec1fc0d3a098d437ad014bdf7f4
TINDER TERRORIST#EUW,resolved_unique,1,9932323d7bce158aee7897abcbabd20e
CataclysmeDeCaca#poo,resolved_unique,1,28a01868d2767932279e0cb04fa058d4
Cosmik Debris#EUW,resolved_unique,1,905a6f59ead71113510ea530f2976c82
카타리나#CDROM,resolved_unique,1,9e7479f7c735cc165665ee89e387d430
Monsieur Fuche#EUW,resolved_unique,1,b31217fe976974cd5e0dcabc985b51e1
Supra v9#2401,resolved_unique,1,946154e4000099811600e0d52e520e00
TRS Noway#EUW,resolved_unique,1,3c4ef59e1e6fdb361edea9c1cf9843ae
European Goku#EUW,resolved_unique,1,f9bbf2e6f7cbdd1324ef57d400295f70
Zboubidou Tino#GOAT,resolved_unique,1,8f88095730eb11c780ef571a1fc59b7a
znatko#YAKBZ,resolved_unique,1,980cab9d2f809a0a0e91c8bb18c1a7f2
Danger Trend#2674,resolved_unique,1,1dda38f4b61eb1c2b776f55fc2c671d9
Saigo no Asashin#EUW,resolved_unique,1,c4aafdd5be1bf8952928493326508330
Vale22#EUW,resolved_unique,1,e11390ba80d69a9097679f95a578863a
ToTikloT#EUW,resolved_unique,1,b54934816f241589c70039302b99ddbb
Rasargon#EUW,resolved_unique,1,f2bdd4a3b125cea27d70c074b517e38a
MaLeR#EUW,resolved_unique,1,234f35139c67cb7f7a286521bd6f9886
Lustiginat0r#EUW,resolved_unique,1,1941a0fb586a80fd438b42091e893b71
Zenfire#EUW,resolved_unique,1,364982d29f760b776ba5219642b750be
PenguinPower#EUW,resolved_unique,1,b4cd346055aa5eef0a4cf39049f47f3e
Zermuk#EUW,resolved_unique,1,00f9fa5d090f03666bc655e68713516b
pingsaoul#EUW,resolved_unique,1,7bf2a04e6be40a20d9fcb83e7e8ddb54
TheHo0kah#EUW,resolved_unique,1,40ed383738f38b4e08e1b5aaffb9744f
Neef#1453,resolved_unique,1,1be70f1170efb4155354044d2d5a8a94
AS KaynBockMehr#EUW,resolved_unique,1,939f2229a950017a14a6cc1829f40b5c
Chæmpion#EUW,resolved_unique,1,c283d412bbcdb7958147a4553b946457
Lord FashionBob#EUW,resolved_unique,1,45a5e185700ffed90d4fcb201b9d619d
Dr Decent#EUW,resolved_unique,1,71da8fc16ebe78c4a1b9f12b1aab5482
DeusX#VOL1,resolved_unique,1,1ea03a5815702d5758d14e2583c6ccdf
Tinsyyy#EUW,resolved_unique,1,57d8226dfbc5c714bbcb51ff2a899889
Arma Waylander#EUW,resolved_unique,1,d9f14c859448c831f523afdea4fabfbe
Mustiken GG#EUW,resolved_unique,1,6b250f080065c90addbbb686833153df
Jane El Hopper#EUW,resolved_unique,1,f4ddc4de87a0ecb98e11c16f963cca07
Dpressed Stepmom#yaya,resolved_unique,1,4577b47b1bda3a267a9f5343fd8d921d
Gengoo#1010,resolved_unique,1,4c5789f41910d28b608c48b1a65114b7
Loop Da Loop#EUW,resolved_unique,1,5c01c2165d821dfb52dc3138800d6812
Belgian Taz#EUW,resolved_unique,1,d8f96316e0af7d68a497522143c63b2d
EMTE Huy GO#Marie,resolved_unique,1,77eed529427f1923c4c4a0d7b05905cd
Free Palestíne#Engin,resolved_unique,1,4b1da782f63c29913b5ce1873d51ea4c
山山山山山丨穿心之刃丨山山山山山#H3ART,resolved_unique,1,e41eddcf49bd16c82e3b960b576351a8
Absient230#9253,resolved_unique,1,b7e62dbd1962a31293037e3e87019119
N3ekoX9N3ekoX9#3277,resolved_unique,1,635fd5d923148df98eeaa8bbaf335a6e
BEST URGOT WORLD#1v9,resolved_unique,1,da871c898bb053c842e69141ba8b990e
Defiancé#EUNE,resolved_unique,1,1c06e7c020ba4e37a8f70731a2c9eb1a
Ayden#2606,resolved_unique,1,958e1cf21da82df8e1fb0acca1f20bbe
Doncio#6767,resolved_unique,1,2c6e443fe5ce67a0ca4af3c35f7e0ce5
JUDE BELLIGOL#JUDE,resolved_unique,1,6d271ce3483b32a1551e28ec571c2424
Dober UwU#2137,resolved_unique,1,8827856eadfb06d8759d614f1122e8c8
zozcm#BMW,resolved_unique,1,4a20fb3f2310955182aac81bb51d35f8
不是味增#777,resolved_unique,1,15380b5aa8fbfb18469c78cb19fb1714
Hako#結束バンド,resolved_unique,1,d3fc4797c9d50a4e495748e28b7067f8
SpecterMist15#OZM,resolved_unique,1,8e66653ba91afa8b2834c0fd12e46e9c
Rage#Rat,resolved_unique,1,198d08edb18ad548de0ab5b20ce76bc0
Hasheagiorre#5826,resolved_unique,1,f04c9a201c353f519603e965cb04e330
lurkz my husband#H3ART,resolved_unique,1,80b4c24a8fc90153fc10037d04772d05
AxelFrøst#Bate,resolved_unique,1,749d858d5efd6c305e741b80164f1be3
Rantan#5850,resolved_unique,1,282834993626e6afc8f52029eab1ec25
I need mail#EUW,resolved_unique,1,047ca581d3a4bb1febf4513cbfe99603
Atlas#S001,resolved_unique,1,883710ca60921f27678cc5d79af9c3ee
3arbiQuiGalberge#FadeI,resolved_unique,1,8ffc5a2ad8fd3217e213b358013abe1e
slash deafen ツ#smile,resolved_unique,1,c12ada6c46cc9c60253f93828824b326
Laniuss#888,resolved_unique,1,d0d0f24a47ef495ba3799822f1b6baa7
i dont use smite#never,resolved_unique,1,50de30daa076c7dbbf839612e4f41d26
Lazuriel#EUW,resolved_unique,1,e92bd601f67d421812ab7ca3c72187cb
BeccaThePom#8335,resolved_unique,1,b1137b097950af70c98b2c56d77818ad
TURBOBOOMING#EUW,resolved_unique,1,7244ac39790bfe7f673e0b84666a6e6c
Mumen Rider#サトル,resolved_unique,1,bf1fce44f081f2d0262511e1c1fcf350
AK Maker#EUW2,resolved_unique,1,3bf5b3d5f8cd4051601793e29bd49d32
Sawano#Ekko,resolved_unique,1,d1ce939093ab665e146ab68d1e57f8e8
milklover53#milky,resolved_unique,1,7b9a1e45d21cfcba28deb571fe8be4f0
ƒew#88888,resolved_unique,1,61777daebb5861e9e6f5b6da7f7e3e95
King von#EUWW,resolved_unique,1,0a5b5a1e5a5faab09e654b69e85a6ecb
powarman#HARU,resolved_unique,1,4a61985e20cf38ac381018e38aa51c68
Salty#十 十,resolved_unique,1,f3fb10ce39203bde424e4a88bf7107a8
arrete de stalk#ntmlp,resolved_unique,1,7fb8e1da7e1d7aa4ac0f39766a7f1b44
nrtz#zzz,resolved_unique,1,42db5c97ca0664ae92d6666ce7ed541d
Jake Gillan#SHIN,resolved_unique,1,ba4471b2d8d6c168f16839769b04577c
mimarveti#2023,resolved_unique,1,e198e72f2037e492cee6a76d631d7322
Over Dose#0x0x,resolved_unique,1,6287301077440f010ddb4f57c4b17dc4
xqzg#1234,resolved_unique,1,e914c11f65316d4d63a3b8d9a4368987
Povyn t1 Queutar#ylife,resolved_unique,1,ec03ebbca78b53d8101d63bb4689348b
Møi#EU1,resolved_unique,1,dd0d8216192c48f0c38cbb7fbed6ddf1
sigma oluś#stop,resolved_unique,1,54bd84b33452da38f9be61f895bc0196
ZbyszekKucharski#ORGIA,resolved_unique,1,6f359ca9144e039e715992523aa86e30
awful things#Blak,resolved_unique,1,e9f263300a1099b795928936bab414d8
haunting past#empty,resolved_unique,1,b53b3a5b4bfc8dfdda1fc0c3d1a0ac56
Volged#EUW,resolved_unique,1,bbf842761479af919188f20972b6367b
Zardomant#EUW,resolved_unique,1,3423f15229d3b5df3d145641ec76165d
MARS CAINE#TACI,resolved_unique,1,b9d275dab1abc74ddd25cd8ac0674cb5
Lohikäärme#lohis,resolved_unique,1,30674ac9195dd46544c0e09b9e662a89
Eveynce#ZZZ,resolved_unique,1,23b9f70f3113ba050b483612cdeebd05
bigvape#EUW,resolved_unique,1,c278a9adc9155ef537b6e50472929cbb
ANANASIOR#EUW,resolved_unique,1,dd4811cde977f38794db5461f93ff5e3
Flueknepper#bolle,resolved_unique,1,70e095f9223d1115044e6f8c2352fc0e
nickxnicko#EUW,resolved_unique,1,93e2b0a1c6d999cc3d5fb816ba5bc189
Kratos#안 나,resolved_unique,1,f99952372c091745a02c1d924d71546d
TheSpy#EUW01,resolved_unique,1,f8047ffa2e89ea74f1a4bd10c521658e
Zvorz#EUW,resolved_unique,1,c73ac2d86efd125c58b618d4c1dbf34b
Monarch#102,resolved_unique,1,c5e44974004db0063555ce90de850769
ifwquadasnxda#top,resolved_unique,1,8c54d344db68763dfe0ce00136d1a03a
qwasd#ツツツ,resolved_unique,1,4bef5d80c3d6e4f9fcf73c9ff970a515
NoVa#QTH,resolved_unique,1,ada1b1f1f59997d0b2b6488cfd63cc13
AndiYummiMain#EUW,resolved_unique,1,a43c0ea2c7c2cc4782b94c58e120f401
Paul#LOVE1,resolved_unique,1,962510b992369dbe156a7653919c7022
VaelCapra#732,resolved_unique,1,b85234539966ac3df4b4caf30099cc14
I admit it#Kelly,resolved_unique,1,9695be748e290df25c3d10ca0eac43e3
uliman#uli,resolved_unique,1,852e9ecff6125952f101be70edb88ba6
Twilight Agony#Void,resolved_unique,1,a3b01cb3d6caba44f55c9c51d42f9d59
XxtitouanxXdu93#EUW,resolved_unique,1,422906d6fa2f044a9f61c3006396ada8
Power Of Soju#EUW,resolved_unique,1,fbd9e1de5d0cb5489c9c2ceb35359dbd
Money#120,resolved_unique,1,6b5f6313a70a1fa61bc1fc14e735a6a2
Apfelios#ODE,resolved_unique,1,dc27516d26f457ee36b9d0093cc107aa
beyond netero#EUW94,resolved_unique,1,74a44ec2318866c569c428e2385d85d4
KingsNeverDie#1441,resolved_unique,1,ce833ec64c040904a2ee8073490b8984
LVL 100 Boss#NuhUh,resolved_unique,1,75222c7a8814e66c1de5a42d80f12025
Rhyannelir#EUW,resolved_unique,1,8e27b58226ed45f4c88c425d9622478a
Johnny Bombo#1111,resolved_unique,1,b5fc665c636aa0a5b1b8ed9bd02a9d97
KittyInBrush#meow,resolved_unique,1,08b7995a750de146dd1258b20330c09c
ryder37#FLEXQ,resolved_unique,1,39b00e5b951322e16eab2c6e75def1cc
NotOnlyA Toutou#EUW,resolved_unique,1,431e852af8a68d8082350447d464f005
Alkohooligans#1887,resolved_unique,1,596d22f0d6c6509a6d48d8468b2c4bbc
Shizika#EUW,resolved_unique,1,6602b95038ee2bb9f849e47c1aeb0e87
rohandoge#ELS,resolved_unique,1,26d2aa862972546d3fb3f76e23e832a7
Face de Poupée#EUW,resolved_unique,1,510afdbe4ecc97c53ebf5b04c13f35fc
Kavrotskruldem#EUW,resolved_unique,1,10570bdc7b274b24ae2004ecc65a39a4
守好你的塔#WAN,resolved_unique,1,e7616f18f46260f8abac0c4f337309a4
Kindrat#RAT,resolved_unique,1,de66095578e39274ee2d6f1dfe1c7b54
Je suis FEEEEEED#EUW,resolved_unique,1,42eb70189d9dedb8f0a07ff4afba5451
Almeida star#smc,resolved_unique,1,e00f5a426771854d8607c7d2ee096edc
TAPPS#1330,resolved_unique,1,99f4410b0d29cb4940b1e5531adbccec
Jinzo#Albo,resolved_unique,1,6a21118185ce112871c0620dca01f948
no lulu ff15#EUW,resolved_unique,1,3104d30ff3ab6204727f1318caab7a52
BURR0S#EUW,resolved_unique,1,9c9f291765b0e292e7dccd55c96eea3a
ElPeco44#MAMBO,resolved_unique,1,9a834d1fa1ba4bcbe51086d936654259
EnderDragQueen#EUW,resolved_unique,1,52051d580d92284b509b38ee0e7a9925
Luvsick#1111,resolved_unique,1,37b51163ad90b33e23729cc4282f0b9b
lukaszdinozaur27#EUWPL,resolved_unique,1,cc00cf9174101f12963ec2a97c30568d
WATILEL#BCS,resolved_unique,1,e89f7aecb7ef260a9fda7e1868628741
Mortifereus#EUW,resolved_unique,1,6a07c77024139505e4eeef0cafcd3d8d
In4#1945,resolved_unique,1,d74b8680c6e2c8a242a62aec5dfacecf
OPH Fotor#SNAKE,resolved_unique,1,10d5bbf559d01f9ba48b9fa9d526e29e
11Poggie11#EUW,resolved_unique,1,f78cb90aabf7e6caf9dcbb791f12431e
Strax#pap,resolved_unique,1,b44b4848e86d5883bf115a3cd38d07aa
F1lda#EUW,resolved_unique,1,27920eea5b7c5dcffa514ee09781083e
NR savior#HEN,resolved_unique,1,287737cac6e95d67d9b6bc79e9c34b56
POW POW#puk,resolved_unique,1,30b755a77131c8b006f2fae1a56fdb89
Mommy Sage#bish,resolved_unique,1,81129e9bc4730fba613ae7d708f0ce71
JeSuisUnDaftPunk#RBT,resolved_unique,1,fc3ef0b084a9c50bf7f220b51bace737
LooksLikeYoda#LLY,resolved_unique,1,744e6fb983077d5475c86a47ca3af050
enjoying#joy,resolved_unique,1,f1dc0a3ce61adb307bde38fe8cac4f83
no chat gameplay#4444,resolved_unique,1,58cd6178958e4b249a55d4fa27339a78
Dried Roses#EUW,resolved_unique,1,0ffc164007c0d498d147a5bcda10c3e3
domoslsl#69420,resolved_unique,1,73d53f041dc6ada4a11ed1df33161574
Tony#zzzz,resolved_unique,1,8b91943ca38c84eebd0d9cbc0fa85fcd
FXBEAN#XXX,resolved_unique,1,7530d7a287e413f83d1c51d990a47919
Martin Ροrnο#Alpha,resolved_unique,1,01d4f61f899d59f503fb22327f78b6e6
Zambiru#TzKal,resolved_unique,1,102dbb22f4b9970d5f079512cb26d964
Leothe#STAR,resolved_unique,1,7b2484ad283c8c5f52bb6f267dcfd224
Hercule Poro#EUW,resolved_unique,1,d2720511faa1be0888f3248a38554da8
Urgoat#glhf,resolved_unique,1,627e73f72ba1586ec15c4d702bdd1579
SillyLow#1907,resolved_unique,1,c7bda78ae64f17d07625694ddfb0d37c
69latrik#69zoo,resolved_unique,1,cd1f58ce4e0701d4c4e0e4e196e59385
Izouuuuuuu#EUW,resolved_unique,1,058b2337085269e417ef068f4afc2622
P2roto#PIPIK,resolved_unique,1,0070ede0543eb53f437f770a6aa5e485
TaylorSwift#LORD,resolved_unique,1,7c9aa218fe7f399c1749fa23e8fde9d7
Hi iam Reng0#0007,resolved_unique,1,1ffbf4f5f49ff73760b030bd4b824335
HOW IS HE ALIVE#T1WIN,resolved_unique,1,7499d886af90e14be2dfc085c9b1d9e1
apinaumppis#EUW,resolved_unique,1,c37940bb68137d019c907559d9455e44
DEATH L1KE WIND#YAS,resolved_unique,1,77ac70f6093bfa2db1485588585632f2
MyTe4mIsC4ncerV2#cncr,resolved_unique,1,ade4ce5338f3e6f3d00c5631499e1c8e
yc2p#EUW,resolved_unique,1,f246c7d3c3fa5ccb3cac113dedab2d9f
Symbolian#EUW,resolved_unique,1,a0271609d36ea76f2243fe08cf3ea223
Quintella#EUW,resolved_unique,1,7d6d27f14f18a5b48ef378c6557743f1
ferfurtar#EUW,resolved_unique,1,ec0d064291a9b81daba0d27e7398639b
Moxen129#EUW,resolved_unique,1,9fbbb530598cb78071e6e559bbea201f
ssecnirp#SSEC,resolved_unique,1,2c44981abe822ef401e3b6e5a3a33de8
Vuoi il rap#Nayt,resolved_unique,1,34076e80f0e6613bf565fa0f506d47df
Acti0nFak3r#EUW,resolved_unique,1,66b411b19eb9e046557d04f395377708
Azzinoth#VOLIB,resolved_unique,1,955738ba22a8469075bd24e99343af39
OrddCrow#EUW,resolved_unique,1,82e1b4a728f9fe34ba419d9ad198f5f4
MAYDAY  EUW#EUW,resolved_unique,1,3a24c860709643967955e3f373c849f9
TIMESH#EUW,resolved_unique,1,b0e5f1141746f1cfb9f8113fb80b1c73
Bladeagex#2230,resolved_unique,1,fc2f1be73fb9d61e25759b64441d7416
Ayoub#IxE,resolved_unique,1,946beecba64a48cbe70169cf4c6aa8ed
Vic952#EUW,resolved_unique,1,86677a33c75faff7584a22b0330565b3
Kabutowari#EUW,resolved_unique,1,26abe9fd257487ef37941b35c387db20
Hai für drei#EUW,resolved_unique,1,dd44dfe61b05aeaae63fc6795ae71fb1
israel0058#EUW,resolved_unique,1,b3e3e620b491d858d6b62170bac82a64
Markus#Frost,resolved_unique,1,438be6f5a75979052290b3ad2c320b45
Dieter Bowlen#EUW,resolved_unique,1,e9c3f0b7ad83d33753dc4c2e8276c8d1
janis supersexy#inlov,resolved_unique,1,f05bba25d0b91760f63cf0812204ddfe
Nashim#HUBB,resolved_unique,1,8c19fb09fbbf5e8ddb0a60f2a0f7961e
Dawn#AAAA,resolved_unique,1,b57605656198ec22a4f21ff080683025
2TA Renscha#EUW,resolved_unique,1,76b56ce94ced5b8379f6de21c681857b
PCS PollitoGX#0210,resolved_unique,1,5bec72036c389ecc2658a8871bddda9b
Nezukο#EUW,resolved_unique,1,8622d4526530062c442900e7cf45ac65
Teeto#6KNG,resolved_unique,1,90e323c5130362a8635156de31445ea6
Bouillé Dino#EUW,resolved_unique,1,7ff57e7fd0969aa6fbde91d04ddc5d02
URGOTS HUSBAND#HERBE,resolved_unique,1,c7d9ad88ada26e996cb31972354bfeeb
gwented#EUW,resolved_unique,1,767a8653db9ba0cbfe52933322be88f3
xLunii#EUW,resolved_unique,1,d422e3a7c0afc7019973e20df2ee1b88
Fluffymoo#3448,resolved_unique,1,3a8158b400ecdd89a1d16d2786f4878c
Gerbentjeeuh#EUW,resolved_unique,1,9f4e1be9b341f5c30d96ecdb5f2fd2a1
Swim Swim#Haku,resolved_unique,1,59b948ea1d424085143d86ccfc1c9464
Sylfyn#Twink,resolved_unique,1,33dd3db345d97c1c8c3022026ed3fffb
TheOne St#EUW,resolved_unique,1,aa6a8575cc3b5b49c4d93ae6a8439274
Armor#EUW,resolved_unique,1,3c91919d165a8b0da51fd1c4586c1a1b
KC Noisettecassé#NZOv0,resolved_unique,1,7927b376480c34dc16da602feaf4a918
Sumerei#EUW,resolved_unique,1,201035901a4833428bd4a793b07fe81f
cvide#DDT,resolved_unique,1,e3809a9dd9d180c2366692234d779135
DownwindCorgi#EUW,resolved_unique,1,4c47822325f406c2be553e0242b7a4be
Y Golem Y#EUW,resolved_unique,1,8cf85dc4d3a8750841a898e5eb50af00
Fauteuilroulant#deXa,resolved_unique,1,4ed4a36c18b9b80e0a3c4514dc976fff
MadRanger#MAD,resolved_unique,1,7e42d46ff55726515d72b1d6f5ea22fa
Köttarsönder#EUW,resolved_unique,1,483e648a12d3ccfff07a7a2756545390
Noom 6#0000,resolved_unique,1,dacaf7835ffd314a3f14705fe58fd531
CHEQDECAUTION#chaiz,resolved_unique,1,0de3f2746d2017fd145a67266f9fada2
RNC GoonB#5323,resolved_unique,1,2f825a32b7f187edea0bb6f8a100781d
Adri1#EUW,resolved_unique,1,4df152dab62ee542e86996490d9adebc
Harry Gersack#Mietz,resolved_unique,1,77715fa017b22408d9e1133300cfd096
Zoltraak#xxx,resolved_unique,1,b56357f88b3f6b6f77c437c1512777c9
tDarka#EUW,resolved_unique,1,8597f3b7c352d3cefb64dfe205243d2e
Pentabitbol#EUW,resolved_unique,1,0b3e778de036e28b873a27c654a972ae
ProxerWaffel#uwu,resolved_unique,1,4fda9422ddccaadd3f655f6689f87ef7
Atek#1234,resolved_unique,1,5facd22c36f70083b665a725f63bfd34
Tryangel#DUNK,resolved_unique,1,6bba78f056dad1c49402b5b3eecc6589
arnythegod#EUW,resolved_unique,1,000345cf45030c97bdf18e14ac15782c
COINFLIP LORD#EUW,resolved_unique,1,e584c4db1a53a58e12cdebad99629956
Juggernaut4x#EUW,resolved_unique,1,43769808c54e84a5a2089379f4dc511e
Linus The Kench#EUW,resolved_unique,1,5a9120ffdfb2fd86de0ba9526d26ebed
BreakDown#007,resolved_unique,1,bb9f43aa80419fe7311d69407e352959
Nova#CHF,resolved_unique,1,7ee8c357c3cf7201c81e2df3aacb78f8
Robert Angier#EUW,resolved_unique,1,d18ea197a9b97fe008e88e925083c910
ÐarkeŘ#EUW,resolved_unique,1,f20234c7f687e64a05ca25bb5558718e
Calypsa#Crown,resolved_unique,1,f6d42e05958c021d1690364fa0d16099
Dumdiddydumbo#EUW,resolved_unique,1,962cd6c954b582e4abb28e1b855d7db9
Kuzco Emperor#EUW,resolved_unique,1,57683f6a6fbcc23e3b15ad7defb43836
Farluxenant#EUW,resolved_unique,1,be3a71190214f702f9c774f603f4f16f
Madoka Yabûchi#EUW,resolved_unique,1,8499c352b6237c5c3965d5e4f3d0b144
Lakinest#EUW,resolved_unique,1,09ecfffd538dbb19a67f9c1307a06a7e
ChiddyBang#PERE,resolved_unique,1,14565c614f8b0122bc382ff67f9a285b
BEDROOOOM#EUW,resolved_unique,1,607b3e6a63aebb6460598cec52b74778
fractured dream#1410,resolved_unique,1,62f6e5587ae9eb8ed0a4854584112771
brumacc#EUW,resolved_unique,1,6343dbaa6a19b1de404d09a972e5c35f
toomanyenemies#EUW,resolved_unique,1,9485fba950bffe69a6e810fab8a66032
BOÜMBA#EUW,resolved_unique,1,3298b1abebfda3075a2331563d9fbefa
MonsterHuneter#EUW,resolved_unique,1,ebec37f7808bbefd8130f4c43a903613
Esteban Cazador#SVW,resolved_unique,1,f5594f4279b7126cd45414b2c35aed4b
ReDDax#EUW,resolved_unique,1,3f181f8fe75dd7935f42d8005517ca3e
ProdigalExplorer#6969,resolved_unique,1,dac66023b775def9e35e9ca85c52c783
Crol#EUW,resolved_unique,1,6388a13e8c90174730faf9c5941dd34b
Lizhi ji#MHC,resolved_unique,1,cc70289c467abfb1f07d07dc967b0767
KappaKat1#2010,resolved_unique,1,b8454aa0e0e2f3be90d8547ba12086dc
Dyrut#EUW,resolved_unique,1,5e5ffe3ceea0a1739aa810c3fe39ab32
DarkandDarker123#42069,resolved_unique,1,166e897edd7ced451d1d4052d92b6b21
KieZox#KieZo,resolved_unique,1,1552d1cfb7905dc123d22b64e98fbc5d
insert7#EUW,resolved_unique,1,39fbeac7c6efc4a55d168f7b45cc8d3b
Lovereee#EUW,resolved_unique,1,cdf7c81736d64af42fa4b728e7105396
Cho π ta#Ch1ρ,resolved_unique,1,ba33325c15a40bda26e86485412e92c0
Albatross98#EUW,resolved_unique,1,21264cfcfcce510fffd8f7c54bbf1337
Don Ravio#5Fs,resolved_unique,1,0e69bee0832e280680bf4e2d528b41df
Zé Hingá#uwu,resolved_unique,1,80853f00d4e6a5c88da51e9454fe4b76
M4W Alexis#EUW,resolved_unique,1,4a434dfd9469aed0e5686df062ca272d
DeeZyi#EUW,resolved_unique,1,9c42a4b7e7370d4076bad9c06250f28a
shushiri#EUW,resolved_unique,1,06ff729ecf79a4ebca6124c3b05680ac
Xirrf#EUW,resolved_unique,1,a35e8bf7936e6697fe5648318d57ec70
McNong#69420,resolved_unique,1,a5edc4e9d960ca9ec7da4c58f589f5e5
NASDA7Q#EUW,resolved_unique,1,2d195e2404adafbeb2d9ef1490e22042
DieMarco#XDKEK,resolved_unique,1,3eaec04b80101795617978d57f8b4f21
Prasmix#EUW,resolved_unique,1,51d76b78e59fbc82048551a513416d8e
Andrard#EUW,resolved_unique,1,d928af8e8135b60483070e2d1c19850a
M E R U E M#1o1,resolved_unique,1,fed605204ed820cb9d88926d5393d264
LE BLACHØN#EUW,resolved_unique,1,625681dff1304dc5fd945dba0540466d
Foredecapuuu#EUW,resolved_unique,1,f413f17ff57fab200032b47173ab4173
Falilalala#MSGK,resolved_unique,1,4ae3a6f95768245022ec152948d09c38
Sugar Rush#999,resolved_unique,1,e67879976b03b0ff9c8f395637e624ea
T2 Kajmakushi#BUREK,resolved_unique,1,475395ace49a9e6586b06c969192ba49
Slygoo#EUW,resolved_unique,1,c3f4ed51131187a487f8e2f1c5ae84ee
Orcish Bowmaster#1298,resolved_unique,1,17f308310d96f49f6e786fd9ba22cd1d
goat#033,resolved_unique,1,6a599ad3636f19ee82762d4cbfa583ba
TeamSpeakUser17#EUW,resolved_unique,1,077ef68eef56efb33026a6c4dbe0751d
SamsungHolly#CZ159,resolved_unique,1,c86ef9ff847b9102cc106ca70f6ccaa3
zvzvzvzv#0000,resolved_unique,1,3c1e31eb52292103ec01510ad62e80b3
Fakir#Lyps,resolved_unique,1,a3e5346ada271fab6afd80262363a2bc
Heybetli Ayı#Bear1,resolved_unique,1,54a451bef7ba91b6eac20a1869712889
yoi#ann,resolved_unique,1,51ff5ade7194b03487f7fa500945a17b
Päki#mjau,resolved_unique,1,9ba777de828a94640dcf04735ccbc476
Corey#Koray,resolved_unique,1,fc7b63ca01767ea65231694807a6fd2e
Punïshêr#13371,resolved_unique,1,203a81f515e3caefd3ebc6727e8ab7e0
yukino cat#cat,resolved_unique,1,e1089f869b2160f3e7983e0c21a0753f
Serrano#0001,resolved_unique,1,ec879c0994c8a6e633a8210202832616
FreeOuïghours#fkchi,resolved_unique,1,71af4da050f9e1553a2efcc6bffc0185
BATMAN#ANORA,resolved_unique,1,1ee8cd4527824fdb92c463078cfcd196
LEC Alya#0000,resolved_unique,1,e5fc234956fe324a4492f7352f925ed5
Streamer#M0DE,resolved_unique,1,6a8366e3c22c55984a5dfeec0e53f4e0
CXSoul#Soul,resolved_unique,1,2b4708d33664b1860cd409d6a3adc8f4
Priston#GGXD,resolved_unique,1,7f60e150083b7a3179c652a92975728e
no NAME#TAGno,resolved_unique,1,1d97b27ececce917d49de116ecfce77c
Visclusi#7747,resolved_unique,1,022217b09cb102cd52615940eaadf3aa
TysonFury333#EUW,resolved_unique,1,120b01b5afada60fbce4b89fb116f0dc
nowaistqueen#3453,resolved_unique,1,dfedf3f1241499de18d4cbcd5dc84d31
TrollAvi#EUW,resolved_unique,1,f69e597df9030bbb8c726c0b4742c54f
Rõśe#EUW,resolved_unique,1,a2703e3d1a466644ef3b09fee1b940b8
Gushail#EUW,resolved_unique,1,ba6b4105857ca7d4529ee0d6b326a2e8
foolish ambition#death,resolved_unique,1,52d695179ef4e49179fa77d1976d232a
Murellonomicon#EUW,resolved_unique,1,b00af2b276d11bc514ceff6ac4aa238b
twtv reclusive e#sorry,resolved_unique,1,252c7d19395d80c8dbe91c917ef1ad91
Mattonka#Citrn,resolved_unique,1,43ac04abf700d44754c50299692a08e6
Weaksided#4EVER,resolved_unique,1,5db3c2cad534472d029c1da1832ffb11
every game 4 npc#EUW,resolved_unique,1,0ecc477fe5df6f0b539ddc6cd97126ff
Dedi#KEKW,resolved_unique,1,4bb4a7012ce7c2a0dd7ba22231560890
123Carry#EUW,resolved_unique,1,20667aa402bb73458d82bfc8d9f475e9
ｋｎｅｅｌｆｏｒ ｍｅ#ˇˉˇ,resolved_unique,1,e0b0ad6c44868ff421c5c10a307d4f7b
HongHua#红花石蒜,resolved_unique,1,fc8e0d5d93944f403d54a0a57af001b6
SloPp#EUCWL,resolved_unique,1,7d717807a60343554a269a7180339822
uggfeu#EUW,resolved_unique,1,d5a7762d7133031338607844ac581ba6
estrogen addict#trans,resolved_unique,1,cca3942e26ab7a9a6d9f983ec2f17b5f
idrak edemessin#2616,resolved_unique,1,fee745d533cb116771b1a03a35ddfab4
x9 Raiden#Janna,resolved_unique,1,6705c311dff290edac3183f2258036e6
Idytanda#EUW,resolved_unique,1,c0893aff2c6bcac09a97be64b1466404
Destination Hell#EUW,resolved_unique,1,d397b2cc83d9b14ffa2f1f3845924c0f
bunny main#goth,resolved_unique,1,4df09881f059abbdcd56f2b57596509e
meczennik#kacci,resolved_unique,1,5550a890fafd473f7491258f67fdf41e
Tempoo#KING,resolved_unique,1,1be901c9b5952c5e6ed4683a434bb0d3
YaMagical#GGWP,resolved_unique,1,a2c1a04939200bba593b0b5c0659e4a7
Reyacs#000,resolved_unique,1,bc72e90f7d9818ccc06cef856c6a3d21
Hehugida#666,resolved_unique,1,512ecef7559f2357484fe332d090c22d
Ssimanan#EUW,resolved_unique,1,58faeb81c607a0a20cd76e6a404980f1
mevsim sonbahar#EUW,resolved_unique,1,7f63184830cbda19358a7503a7ea8d24
new viks#666,resolved_unique,1,337f6a338af9521ecfe725e6db6b092e
Xerath#Xorth,resolved_unique,1,9bf3b702056f4e5407e1b2fd432f212f
Labianetta#piska,resolved_unique,1,d876414702b7ee9126b0c912578c7e02
cheeto36#EUW,resolved_unique,1,b4f3778def2ca204cfe1db1a6a158c07
tomi#hakai,resolved_unique,1,782dfb066429e826d3ff0a8a787824cf
Hitori Gotoh#727,resolved_unique,1,2d243ce4bd0c08b6ead736c571cef602
Godbessa#WAR,resolved_unique,1,8ee3400d360dd83931cf3826a8efea80
Bossman 31#lukno,resolved_unique,1,7865669efd1705aa9cfa2547ab014e47
Watu#k1y9s,resolved_unique,1,1e56b49c7c81349559692c48c5d6d182
Pomka#xdd,resolved_unique,1,9617c4467180b2ace6e1236eca1be9bf
TechnoBolt#EUW,resolved_unique,1,54f0fc73d4fb750a1bc26dc26dcde7de
Shidulu#EUW,resolved_unique,1,0d859033e99443bb3b1361359329d648
천사 같은#111,resolved_unique,1,ae68246b8e47b313f5f0e9cb3d2bd5d1
BIGMANPUNCH1#EUW,resolved_unique,1,f41fe2dce3312662211fcc66b91ebe58
Frodo is my Dodo#Doig,resolved_unique,1,ec447d675da606308454edd1572c610e
Adronz1#EUW,resolved_unique,1,3881196cf7bf2971d363a37a4625a51f
KatarinaOnly#20kp,resolved_unique,1,5315dd87dc94880b45a3baf0a1e79a67
Snipzy#swagg,resolved_unique,1,a5dda88b7524354e9e336fef3040e3a5
Lilla Skoog#EUW,resolved_unique,1,e08b958770bde5310c590d49db7654cf
shattered dreams#1916,resolved_unique,1,fd9d1da7ddf38d8cc629ce5e58a8a950
Aistoo#BXB0,resolved_unique,1,c367860b10e0a425fea098cab05f9b36
MARCEL9#EUW,resolved_unique,1,1d48fa959cc6f74fb7ae1bbcee6f05f6
Y4G4H4N#4444,resolved_unique,1,9f1d43ba9919d64be746683ca43a4d9a
Powders Echo#Ekko,resolved_unique,1,07f680f6a21e6bede3fa7ddcc7089cb4
GhostofPerdition#5420,resolved_unique,1,a8905f200bd6a2704378323184afbe94
Dziki osobnik#EUW,resolved_unique,1,3b28a354c6db4bea85d571f9078849aa
MACEDONIAN PIG#MK389,resolved_unique,1,2a60a1f3fd274da190c1d3347f4f9fb1
yummykaze#talon,resolved_unique,1,c63953fcf3e8444ea90f1f36f0e9e7e8
Koi#svrgn,resolved_unique,1,378e4072e2b98aabed9f0eba2b34f192
vampiress#kosta,resolved_unique,1,7ff2b994682a1e3b675597ecff5e2e5f
Ken Kaneki#KxT,resolved_unique,1,584b7823edfa389e0609f7ba550d5a86
BullDOSER#2025,resolved_unique,1,41f0b7db54a3a06038b8cce74f47ed4b
léandrino#ffazd,resolved_unique,1,529a9bced128e9f6dbf2ef7372512881
ASTAGHFIRULLAH#PLS,resolved_unique,1,e102eac32fd289bb578619e901f748c9
Bbop#0305,resolved_unique,1,96556c21fb91e66d1b65a8df31c09112
Naoi Rei#144A,resolved_unique,1,f25c9ce30d84b1217335f88cca089eab
saros#snus,resolved_unique,1,9265dbf1306e6dbda77d22a6b49131da
stillnumb#EUW,resolved_unique,1,e99144654bece54b51f40e8e3f4e44e9
Split Atcam#EUW,resolved_unique,1,a55d68ac7fa1cc6fd78483091b5f924e
Oguri Cap#First,resolved_unique,1,741c619be328eb457699c3c9503ca424
Skejm#imbee,resolved_unique,1,0df57771ef05e744021d4a8ef4d8d95c
JustKnine#EUW,resolved_unique,1,1666cd5c7e0f71ed8e8640d7c3eeb8d8
SilentDevotion#Phel,resolved_unique,1,b0f9bbb5ed357738fa0d128b6c7090bf
Chumi#ESP,resolved_unique,1,1fcb5784991b66fc0adb63e9c328695b
Thinkaboutitplz#EUW,resolved_unique,1,c3a29f5a76f083a3575bda36331ba3e4
Novke#EUW,resolved_unique,1,563a0f6b72890798c974793b2bcadf8d
Azis#GOAT,resolved_unique,1,02f4e5e2eb3a7872b9afc70aabf6991d
PATRODUR#Raven,resolved_unique,1,3b149f8f0b3d65a7252814da8040cf38
CarryStick#EUW,resolved_unique,1,6541a3b1b92d809c6bb07e1aa1c61a4d
Nekso#Neks,resolved_unique,1,28a579758ac23b4264b576b99da57be4
Electrolôbô#TF1,resolved_unique,1,91649bee408c3fd5bc76cf93f2264403
Niwaso v2#EUW,resolved_unique,1,4551d52d0d3b1e3acba632543c31d061
Mewing Expert#LILPL,resolved_unique,1,11278e01a7f1c00bee60d4683a474a54
SRB luule#2004,resolved_unique,1,64e5099bc7bec2c2600e5fba28745d1f
SUPPKING#MVP,resolved_unique,1,816deb08a4346dcab8fe94ee70e5b222
ADC IS EASY#E500,resolved_unique,1,994d56264fff1327e6928a49a352d373
mNN#mN1,resolved_unique,1,9c9238a3c76a5f6de0e0fd29a07e980b
Buzby#EUW,resolved_unique,1,d038c110c5532e3fcb200722f5cdc41c
NothingToSay#1089,resolved_unique,1,6da4d580e5c446a2c75ae36ea34fb83a
Nuyt#Euw78,resolved_unique,1,df0d1f6ce5e4c4f0d227e1822d6c08e8
Lady Huerta#acho,resolved_unique,1,58196176a28aed9d6c1bc8f05e27916b
FutanariFighter#Inter,resolved_unique,1,ca8b61f17fe0704679d50b9b72a09540
Batzzx#2004,resolved_unique,1,fe0d3846b08b12f3ac753b03bcdef14a
MONSTRE MARIN#TUEUR,resolved_unique,1,e5651a793249f013cb9fc080b9a94e9f
Pingouin287#EUW,resolved_unique,1,8d8fdac3b066aa1c23df9031ccea6fa3
Blank Archer#EUW,resolved_unique,1,94d5eaed4b9b01e0bc5ab79f42f24281
Manly Sam#EUW,resolved_unique,1,e96f2f774710a9bbbd4ea6ec4a603d1d
Axore#EUW,resolved_unique,1,d14dcaa1bf57225959b45df98359638d
KerimFenasi#Yapma,resolved_unique,1,0e0be21b0c7a05aac10c99560be088eb
BLUEGUMMYBEAR#Tim,resolved_unique,1,fbfa6ac26822776b5a6f3ba845972bc9
Unlucky Jngl#FF15,resolved_unique,1,625dc36c39d2690432b885e2cc0616d5
Jihibukai#calm,resolved_unique,1,04c6841c3d70612c732db323665a9584
NeverAdmitDefe#NAD,resolved_unique,1,380308d40a60c7bab06e92e75cbc6350
Exile#XDD,resolved_unique,1,329766f68d31ea9254939ba1298735ed
hrh collection#EUW,resolved_unique,1,cdcbb97a9fabe7589016e9376305bd26
andrasara2719#2719,resolved_unique,1,ceb1b62c908d4fe26f32431026074cb8
Geel#AKA,resolved_unique,1,93d7901e5e88bfdfcea092fc0bed8ecb
LordStief#Yeet,resolved_unique,1,95d5d26f2c4581e7374d06725cbc4496
CaIyon#EUW,resolved_unique,1,2390a5a4b1eb92312bda6f1929ba089e
Vamo#lucy,resolved_unique,1,ba8d652d05066c419e034dbb16d8b5b8
leadernoble7#EUW,resolved_unique,1,265923d585b6db2d0366dd6af34ce383
xXxSounDRiveRxXx#EUW,resolved_unique,1,bcee35459f903420c4d674ac5f74b03b
El Sequillo#EUW,resolved_unique,1,c4b9716554d8a99d9af5114466d69971
SUBAKILL LEBOT#adiff,resolved_unique,1,7ae46a1bf4c93a459c4637964c2785c4
GomboATValhalla#HOPE,resolved_unique,1,ca741ad4afc78044ccee0503fd1b3f8e
Bmonkey13#Gwen,resolved_unique,1,c40cd8a26519f78354f33f028cf99cac
Dmonzémerveils#EUW,resolved_unique,1,caa20ce0d21fa3876007753e1fc9fbd5
leptitqiqi#EUW,resolved_unique,1,1a865f88908fa6a66df0c98e72b7edd5
adilion#000,resolved_unique,1,065ffad4fcc373283b9764a8f5fb676d
Un Radis#EUW,resolved_unique,1,dd946fa8ae939e11d9fd993d426a2a47
KnoblauchKarsten#AAA,resolved_unique,1,750dd0d465db12d95389e57a61134252
Nydetha#EUW1a,resolved_unique,1,779af408597fd2a75b0d6b4a67d8297e
Sun#ghost,resolved_unique,1,ecec0192a8e4eae664bc7654c2800baf
Rouge#XXII,resolved_unique,1,3eab715fcfaefbc9060aafd3cc1db76b
T1 Shùn#SKT1,resolved_unique,1,ec2778ad09c623c42d0b6b62073593ce
Voxit#EUW,resolved_unique,1,3e620da2c5e05b8cdecea2881977c137
Sirioth#EUW,resolved_unique,1,1919bad04dbaac6460a526a051e9544e
General Khazan#Reese,resolved_unique,1,a0a1cc8b26b21d3e6f11fbf333a74879
BipolarRooster#EUW,resolved_unique,1,564f85268f1be4075bf6dd9992e1874e
Knooxy#EUW,resolved_unique,1,5a8af1141d186d7db15acfea20220d6a
Frilla#EUW,resolved_unique,1,6ef0d70a4635e08b5e83834371caaf12
MagicianSupport#Dia,resolved_unique,1,e0635f890657085738fa8c2fad72d1e8
Alkard#Clown,resolved_unique,1,8daf4834f2d67696506c2364d0b574ec
destroyeman#EUW,resolved_unique,1,6f5819fff0254b91bf834987fe6a3757
Bebì#down,resolved_unique,1,53adf4b7f03d91c5ff9991926c8ae62c
otto#TMDX,resolved_unique,1,ffb586c8ec4be9751f142d93e99aca2d
Geddoblaster#EUW,resolved_unique,1,b527f864f9b0e8d62e47cf6f69e91774
Veni Vidi Tilti#7371,resolved_unique,1,e8e280a4eda81c36a970b9ea6228c59f
Lordkurd#EUW,resolved_unique,1,4cd70bb34688545fd6e3feef273bba51
dove#008,resolved_unique,1,ba0ee678242a4ad01b36a72741b03f70
Sanguinius#M40,resolved_unique,1,8f8627077d6ece593e5e6255d555ebe2
ThatSheep#EUW,resolved_unique,1,bf127be35f3415832d61a22acb669ec6
29 BtMG enjoyer#EUW,resolved_unique,1,19a505fca2f6c53ff0a6010af08d7113
Cyberhammer#EUW,resolved_unique,1,93b5459a624ae730a44a20976b827233
Smoking Joe#EUW,resolved_unique,1,859fa34f6d0ff68d3ff78f08dedf7eae
NGR Ζodiacc#EUW,resolved_unique,1,a37e085e2674ff9cd0213ac493cb8ac2
Teïki#OTPWW,resolved_unique,1,85eb20a07dc622c6532738a5a6cb4c81
Bommi#Cola,resolved_unique,1,5721e83d8d18fe3ed7cbd79e5ff48af5
Robertooz#EUW,resolved_unique,1,a06a119b5c3fd26d336ae50931256632
Darkshaw#EUW,resolved_unique,1,dc173aab36e59bb214f6de4a1b2a9a46
Jeaazh#EUWW,resolved_unique,1,e6eae4ab002f71db74eced887cff9bb5
Altase#EUW,resolved_unique,1,11bdd5877d90f3fee345eae1c796fe10
Cloudxx#1337,resolved_unique,1,eb56c3139a2a5097dc6a64eda0ad14e6
LupaNoDoubt#EUW,resolved_unique,1,f361c0b9ee7c7804f35972a48cc0ff45
K man#EUW,resolved_unique,1,a61ff4ffd0ddf00dabe06ad25ccef14c
Corvus#110,resolved_unique,1,93ba82e9a7aeb3d06d3706157b1e1b1b
safeon#EUW,resolved_unique,1,8427cf007ebf41eccffa6bb6f516b2de
AnD#6746,resolved_unique,1,616f492429b0366896ce566ba31d5108
Shifter#EUW01,resolved_unique,1,13bed2bf3ef0d270433bf2fc41484b6e
Asteromatis#Bird,resolved_unique,1,1471e2914fbf4b54e8b87b16a1542b38
Gehrman Sparrow#TLOTM,resolved_unique,1,198e90a304d2113120365f517a2e3b2c
Pregnant Man#Birth,resolved_unique,1,c617b0f59b09f910b100532044b2aa9b
Ymir#kira,resolved_unique,1,953bcd4fc593c830f9873fda08301c5c
GoatSpirit#TOP,resolved_unique,1,1af53d31e197f72be8e0f9f3ec0a0a32
euw owner06272#XDDD,resolved_unique,1,bbf589a476906adf4febb880f6867d59
sukisuki10dolar#2368,resolved_unique,1,2b98828806cb3d6be064d78cad3ff6e0
green eyes btw#ynqi,resolved_unique,1,6eb4342b4631147d688d63ee316d6c41
Black Hooker#LNDN,resolved_unique,1,c74876acbf4bc4b0c9ac586223db168e
BizarreSlash#ARI,resolved_unique,1,b3056259e98e54aa02b0c07bf502111c
Sam#oıad8,resolved_unique,1,d612a6028bbd6dfc5c16bd4c000760b0
Wasted Potential#Alone,resolved_unique,1,6496ebc40766211cf2c211773952186b
Smiling Box#EUW,resolved_unique,1,4a241e7a7c4c0a62e5211a4ea7981e6f
BACKFLIP KATA XD#EUW,resolved_unique,1,108b1ef36f81ba21e99b71974023b621
Haka#Brb,resolved_unique,1,c6892f4caa43931c70880a009cb7de21
MutterMade#BeSC,resolved_unique,1,0f66ea7480df273bd2e27391b7dd51bc
satanica#cali,resolved_unique,1,28ce212861aee2b8872ed695d1b9761f
World so big#9527,resolved_unique,1,110ab66fd8c7b9ff2622effc0c0fd6a4
patosnello#ele,resolved_unique,1,f191f45f5b9024d6cc65fadc4eba29a3
Moutch#APHP,resolved_unique,1,f68dba31e381e58f5a9807e53c6043f3
Pokojowy#EUW,resolved_unique,1,aeb25d72c8e4658fe31aab2463f32b8f
MARKUS PORK#EUW2,resolved_unique,1,7e28b6ca63f290603034251be0514fa8
Diego Fassing#EUW,resolved_unique,1,50e28c9a8453da2518f3d181385ee4b6
MOTHER GARDEN#DEAD,resolved_unique,1,4ad2c04f0cf0e1b112a8313bc8850eed
Pepwixxen#123,resolved_unique,1,05e76bd9280b1f2a8cd71921e588d7d5
KCBS NEXT KAISER#PITIE,resolved_unique,1,6ba81ffd37687a410dadeefe3a812647
NoahTheNacho#BLM,resolved_unique,1,fe30967dee6eefad1ef9e2b952c15b49
BLEIZ351#EUW,resolved_unique,1,1493e84a4f51b7cda95a707d63e912a8
Kirill not Keril#EUW,resolved_unique,1,cac2e151529d39c531ec9755fe5331ec
SCREAM29#NOO,resolved_unique,1,ee41f0be44759f7e2d06cc096acdc0f0
Riwulwari#EUW,resolved_unique,1,2828d34e68ee0777eb6f856318da649a
HaWonPark2#EUW,resolved_unique,1,ce258b7b996918a7ff416021de8c47f1
Sk1llz#EUWE,resolved_unique,1,289dd62f29a6fcdc905a2c5fc2938526
Plastic Girl#ERROR,resolved_unique,1,c3e60f83ef44018f8c34f62debd2efc6
jongmen#EUW,resolved_unique,1,f346f812b97da0275c3e5a8dd3a5649d
ScriptedByHand#RAT,resolved_unique,1,2df41cd2d647afc7550c19f21072dbc5
Fiat Multipla#VR00M,resolved_unique,1,c1cbd80b4f812a16e9230625080d31dc
QUERCUS520#1314,resolved_unique,1,78b33863f4b5a4e750742e85a4df4960
Yasro#EUW,resolved_unique,1,5f35f2df8459525e7a01e67bad87d4a7
Garox#RESET,resolved_unique,1,fba371684791ba44732786b2b9945f4a
Ertryhai#EUW,resolved_unique,1,3909aadbf9a9e8e3174ac1c9e8f31831
Zenith#angel,resolved_unique,1,3653de061ed6bcc6309bdbd485502ae9
jg supp muted#g59,resolved_unique,1,7dd8ba8a6c2aee8a4c268111b9925db9
ΒrokenExile#EUW,resolved_unique,1,f4871c6454a016d7a43ce17f120f18c8
Jocelynrv#EUW,resolved_unique,1,a41cd0fcbe0823a32aab63dd8c56ee39
Axcwell#EUW,resolved_unique,1,c8e16e100ece98ebdedb06ac7f36fae3
Pusekatten#UWU,resolved_unique,1,2fc404852d77939703654d343c79cda5
keys no e#EUW,resolved_unique,1,acb7e5d2229b4d6f91e945d8b64c9bfc
JE TE TUE LVL3#EUW,resolved_unique,1,b3e8dc86d15941035431e978dba1db99
Stigebink#EUW,resolved_unique,1,26a7eac2cfcaebc707298dff67be073c
GRITTY GLADIATOR#HAHA,resolved_unique,1,02b32f5b5df9d600da45bdc231316d30
ShaunLeMouton#SHEEP,resolved_unique,1,793a6028073edaf98d89050607768bdf
Noro#6792,resolved_unique,1,ed84d57bf6599674806ecfce29372746
DuAdo#PNET,resolved_unique,1,0237218d8edcc4ddb63ca8ccb8cdd3f2
Desttiny#EUW,resolved_unique,1,a56f1dcb62615a76718661002239cb69
BBlade#Talon,resolved_unique,1,76a7acee18bca5366b973184f03d7762
Duggle#EUW,resolved_unique,1,a52f22952912725c628fec9f66f35546
flifovich#0000,resolved_unique,1,ed362aad4a83f49ee469a5ba090ed2a3
DXXN#Paris,resolved_unique,1,f3c268db6774a6716806ac5fc9311b39
MASNO Nl#EUW,resolved_unique,1,d0da93085913537cd5da0141b24b1485
Ronin#GØD,resolved_unique,1,1658963e736379ece56f55abbcdee483
Illyrian Prince#SHQIP,resolved_unique,1,7c8b9c025324afda0be04abb48cebecd
449#1917,resolved_unique,1,abc9f5e81ef9c4f5be9c6715ea4f9938
KORMA ENVY#UAE,resolved_unique,1,c9507c96f97dac50bc972598066a274a
iCONTROL#MAG,resolved_unique,1,2d955834caeba721708e98a9000ee405
Aderfish#000,resolved_unique,1,c9683b454769ab2fd1d54d5b31394ea2
DepthDeath#EUW,resolved_unique,1,5edd3948b6bf4bca466cf17c605de147
LucioJazzy#7598,resolved_unique,1,59563689bbf923633d01dd78d55ca844
chibi bushi#EUW,resolved_unique,1,c4dedaee2fd03d83dc0854462106005f
Kryoo#1008,resolved_unique,1,d3999d78e10c282146be9850bb5a75db
tucatucawoowoo#2t2w,resolved_unique,1,6c4ab866a0bf25b5e18ec4708db5a8f7
HugØ#boss,resolved_unique,1,1c758f7b0bd08a07364184f11b1431f4
PandaNoko#Panda,resolved_unique,1,21a6482c90239abe8b9fbdb617d06c3d
Guguste legende#DIANA,resolved_unique,1,10b20f24635e6bef87b6ea22e39d7586
Bollwerk#GOAT,resolved_unique,1,5209f5a0c1640fbab653226500f2535e
Darkshadox#EUW,resolved_unique,1,311ad3940c459e8b648644c9b2fc5508
TaiiKo#Yasuo,resolved_unique,1,825d14dcfb373cda9fed39ec5f19fb6b
Cracot#Pixel,resolved_unique,1,8a330820ea7005beeeec227e1a1692ec
Johannsen#11111,resolved_unique,1,d1d5ce0ef1508c1864bb93bdff1fdc56
Pinchy#LoL,resolved_unique,1,a0d41d445362976bf098b6653209ee58
Henngest#EUW,resolved_unique,1,d7c865f06d88f690b693d1f6ef08b253
Ephilias#HIHI,resolved_unique,1,37a6cafb2f0d7d430688f637d7907b39
Pewka#EUW,resolved_unique,1,19828004c053d44787c83aeec63de20c
RAT Adrik#5824,resolved_unique,1,7616dc8d36f0faaf0983719495e7608c
Nocco#2237,resolved_unique,1,ae83282885604522b3d5570872bc1ab9
Only tangying#euw,resolved_unique,1,f9d92cb7a9d11c45e92542fcd6ca5616
0IdfapperHand#1177,resolved_unique,1,d86bbcd870dabc62ddf02b40acddd4b6
Ponna#EUW,resolved_unique,1,7c89d8200f4886edea75127c5441e89e
LAW Dart#MBEER,resolved_unique,1,5eabc9eb6400a06c6a4d80cbe6173bb6
BloMi#DE28,resolved_unique,1,0c54fb0519e59403af093264dc435022
Jens73#zzz,resolved_unique,1,5455338ba700281990d3954b202a8d79
MsCathyyy#郭羊羊,resolved_unique,1,389eaf2fb59690ce43d110cbb5b53403
Anzjan#1337,resolved_unique,1,c7fb0955e7258f8873cdc545aa69f775
Wanimus#AJAX,resolved_unique,1,1ab3e7b50a18e76b13cb46c63837a778
ofcSuppDiff#EUW,resolved_unique,1,77970e98b0bff3e3c1143b5c3af70041
Lénie Bard#NIBAR,resolved_unique,1,5fb742740528e6c2db49df1bfda4f082
Po Final Form#SHIFU,resolved_unique,1,3d7a5fc517b4ab4239848283f95c4788
Maestro1#EUW,resolved_unique,1,467e77e92832d5994ab5432ad9761fc3
Sun God Nika#FF15,resolved_unique,1,86cee2bca0c3059784ffd90ee2e907bc
DelaCue#EUW,resolved_unique,1,55d8b750ca4072a80a1cdb2324ad0d3b
Viktish#1523,resolved_unique,1,e5df8cd6cbce6b21c648ca6d16588f21
ThomasHill#EUW,resolved_unique,1,e6650c1d21566d01a77f60dec8f96e83
Ðæmøniš RASH#FAKER,resolved_unique,1,70c12077e9d5af5935f5effd1b81ed97
ｊｏｙ  ｉｎ  ｌｅｉｓｕｒｅ#ＷＥＩＢＯ,resolved_unique,1,93d8b9e235661f52e75284b5e4111f99
ScoutShéep#EUW,resolved_unique,1,8245f6382a12372109c7b515e3bb76e6
INT BullyMaguire#163,resolved_unique,1,5e737a035a719de9a73312f1177b39d4
Mr Zed#7271,resolved_unique,1,53d8adacc6a9255f3b3ada8d5d367a37
bober industries#BOB,resolved_unique,1,e36caa05af564512808c9331894e1b7c
cristalslayer#EUW,resolved_unique,1,ea1a1d8e1f6ddd945ddba38632847010
Bastenburr#xdd,resolved_unique,1,eea9b9cbb5641973f97327cca7e6bc39
Smocoeur#158,resolved_unique,1,809d07b41cad0813ce026223280aaee9
Deebs#EUW,resolved_unique,1,181f12741d0bbf95451d6dcf5d92e756
I WILL N0T YIELD#EUW,resolved_unique,1,d48db9fa99e58d8e8b85b68ca98d7bbe
cba#7777,resolved_unique,1,41aada8a2982215368c85b370535cb8a
TFS André#EUW,resolved_unique,1,f098d252d8a32f9a5018348c08af9500
PL Ryuk#EUW,resolved_unique,1,ce34f1413080026bbd96387855aa4d79
tadek58#EUW,resolved_unique,1,9ecfa2b90cdf97a96d4b5f26a4b12eb8
N7A3V6I#EUW,resolved_unique,1,d205f36d18e638a4573317397de3e02d
Just Jay#EUW,resolved_unique,1,ed1167c2e9681707bd5fe82d2b119bf4
VexIsMyWife#AGAIN,resolved_unique,1,26bdbe9cd9a54fc0eb065dddba35a8c4
des#211,ambiguous_multiple_puuids,2,
PizzaHawajska94#4243,resolved_unique,1,f202aa586d1f0291a9ec7925903cb107
Dima#YQ70,resolved_unique,1,469a2f603eb2335af95c7a31944595cf
Irko#1921,resolved_unique,1,57e7c32200fd12f219a24555c38e2e97
Sung Jin Yasuo#Arise,resolved_unique,1,9c418896ea2233a43cc57fa7d0dac20f
Zagi#EGO,resolved_unique,1,039cdbfd1a8ac7f945ed7082355db512
Rangatal#8028,resolved_unique,1,f37f0e516bd8b9c7c3d492fcd18e7127
자연에 맡겨라#1v9,resolved_unique,1,bff7468ebd19e04890cc4d6d70523a00
qweqwfwdsvdad#wdda,resolved_unique,1,23bddb395c75e15f5a84b1895c085e8a
P0K0J0WY#GWAŁT,resolved_unique,1,0293ebebde68200ec96c22f2e07a970f
æsy#0707,resolved_unique,1,d4ffe7b32b8e0f4d53f82101093d3407
ebayJgler#Blood,resolved_unique,1,411366bb5be87d8a899807fa1db4e616
un creditable#EUW,resolved_unique,1,3e2b0a23c3564812d4ecc6ac8b91c4db
Royal kyoto#EUW,resolved_unique,1,ec95d60f2ac3f7ad504a648f0daccfd5
Mr Business#mula,resolved_unique,1,986965f8b22516efd09ca00712f8a5c0
Pryhatella#EUW,resolved_unique,1,03935a355d70b445465d209d73ca139f
Tempest#1888,resolved_unique,1,c62833b219b34cc6a11f327e6a546d97
miam c bon la bi#nouze,resolved_unique,1,5d88f3ccef00e70e685244e2555397e4
menace#hilal,resolved_unique,1,a77b259683283d0c54dcfee409edaed9
Bancks#2805,resolved_unique,1,ff75f9067f75c8687696481c9c770f60
Tsumugori#Azir1,resolved_unique,1,41c4396c923d5db4db7752d3cbc739ba
net#list,resolved_unique,1,14000fad2c73f14ca84c5e240bd02b2f
Stosun#Stosu,resolved_unique,1,0c4ffb07357855806fcdafcc137e48bf
nata#CRL,resolved_unique,1,6c3419d3c68d4c96a6b4e5799abb4f1a
Sarabada#KCORP,resolved_unique,1,a785daf45833c21b221222c1aab494f3
AscendedSunless#5861,resolved_unique,1,a32783b2e9b12fd531bc7802ef218b3b
On My Hwei#Emo,resolved_unique,1,cd9d7042ed60d248a53c73c5ce900832
Andersnordic#Thule,resolved_unique,1,3995ce0cc7f4f80664800a2d9a85c251
ImSleepDeprived#2872,resolved_unique,1,b2c379c4df37a71acd80affeb9a121d1
Exikit#0711,resolved_unique,1,e6a57e732ec41142c51ca87f2de31f98
Camillentee#001,resolved_unique,1,272d6a1ff14e7be7ed89845585f5d608
Ömsen#18072,resolved_unique,1,bc5a55438f99f47adf2365545d9c832e
frajer i pała#fuga,resolved_unique,1,916d934d0939b1165577f4684a9a8e89
WiineLanD#EUW,resolved_unique,1,7837f3da921d0261fc5800d482ff45de
PummelFee87#EUW,resolved_unique,1,0362ad352d3e6c4b3481a2739bf82b8d
Ihr Boi und so#EUW,resolved_unique,1,77a32c0708758249742a67416c3867db
fugi reworked#EUW,resolved_unique,1,ca8a55fc8d0911bfc14618c041d81883
AKA Sir Salocin#WHITE,resolved_unique,1,dc8010384cd7ffea9609f537b346566f
Zazuuo#zazu,resolved_unique,1,0ac1d0910314578397b7287e1b021f2d
Azires#EUW,resolved_unique,1,d690d4dcbdb0df0c23ad7ec87da53c46
Goons#COACH,resolved_unique,1,a2a002b87e5b6b4f1b89c8814ce3b166
LaPétalo#EUW,resolved_unique,1,efa61e85947c228014b4979b74834722
ânky#104,resolved_unique,1,c8fca584945f8326713e33b0a8393288
Himmel#HeId,resolved_unique,1,a0c157cec3cb2571c1dcec38ae5b07a7
Kalhira#1748,resolved_unique,1,66d120fda3ad12951efe8cb4d9af4390
Daubany#EUW,resolved_unique,1,3a4e59b250b8241220f01e34515b5d70
Ciara Bravo#Smash,resolved_unique,1,c4e2af6f8e92cff41c4886928e3ad92c
LABUBUDEMON75#DRAV,resolved_unique,1,051dc9fc4d60c71e3b27a79082307a44
AlejandroMag#963,resolved_unique,1,ee3471699c1fac6d9d2a3afb3a881639
SinsOfDemonFelly#EUW,resolved_unique,1,300fe209c2c165de9f539e99367c4e08
Nick la poisc#EUW,resolved_unique,1,80e9a19e095d07c298d8c7f4ad6b6921
AzazI#EUW,resolved_unique,1,df1ac859a157fdc8ecc494b7727bcbbb
Ecesi#EUW,resolved_unique,1,49286bf64a7f17ac0333168d5032da0f
lenshot#TEE,resolved_unique,1,d93600ca9f5dc68cb424ed919f09d25b
0rbitz#EUW,resolved_unique,1,0379089cb76f145c9d6cc8e505a53690
LAW Fear#EUW,resolved_unique,1,20858f6ac4dc17945d87a2e91263dc2e
WillowJ#Yoooo,resolved_unique,1,854f46c8e40eef49a4598054da1954b6
I gros lolo I#EUW,resolved_unique,1,711c14b6df54bdb2c9f4fb6fbf538680
FINDA#EUW,resolved_unique,1,35bec6273df69abdcd5c21fb7930c5da
SimplyAsianXd#EUW,resolved_unique,1,6295093643ae0bdaad8709dc064ade91
Sivir Hanouna#PAF,resolved_unique,1,e0df36239d8f4d8fc04725b066b2dbf7
JCK Kipsty#PVNRT,resolved_unique,1,42d8f7ea2254d7302f786f8a907788af
B3xxZ#reckd,resolved_unique,1,8a327b385440b046ebf0f6764820db3f
Dreemy#T1me,resolved_unique,1,b01b32e604dbf47e86cb9f9c2557450a
OsL Zgigou#EUW,resolved_unique,1,8b66bb1a3e282ea5a76544553a5a632f
Rina Toto#EUW,resolved_unique,1,c8959bd7025ad4f9d077850728c25b4b
Kamasaru#EUW,resolved_unique,1,ed259aa0f04111c826aa7405edcff822
Bear enthusiast#EUNE,resolved_unique,1,73f56f3b38f25169338a789ed4d39ab6
omar#int,resolved_unique,1,1722f765ea2354d3cb55516a2ff0c800
stimulated#6666,resolved_unique,1,925d0074de0fa778763c35c3be3c8c3c
EXODIA#ANIV,resolved_unique,1,21f9a1030393131b50795174f0cc60e2
asdas#xd123,resolved_unique,1,9c8a9d9227e1cc1b0ecc3bfb21da3647
ei kinost#jep,resolved_unique,1,f198028e26f92c72a812fe59d390fe20
MASTOS CHALL#HLD,resolved_unique,1,670c935366d1a880bfaa315898fbf3a4
Moska001#1705,resolved_unique,1,fe11a97cfc4b30a44496968e1d051b15
AskaDimmer#Aska,resolved_unique,1,f3d0e91b934b93baeae6c991beda7737
SanderErSej69#EUW,resolved_unique,1,a977a2ae5da59ae98a3b6d6c3e41fedc
pokojowy#stuck,resolved_unique,1,72efaccc20837287960f879ed681b151
djbanana123#EUW,resolved_unique,1,b436a62dc74a6ad7850e58c4e9d85b20
Bin#UA1,resolved_unique,1,f6ce51f723d2dc0b94478f2d3a910ea4
Tengen Uzui#069,resolved_unique,1,986ca99e7a3f6b05982f8a8ad9573fb8
dm me for orders#EUW,resolved_unique,1,001ac878a3e8d1902859356bd299dbd8
Visakyab#EUW,resolved_unique,1,fc61b8114d18aa4f9dd042f789d2a873
SHARKBOY14#2011,resolved_unique,1,1cf54c81be40d40f85f878c3af4e67c8
ABOVE HUMANiTY#210,resolved_unique,1,62898dd94bfdf5914430cccc0c6d8e86
Jin#EUWW,resolved_unique,1,df9070bbdbbc8e15d0e324c80cc656f3
Młody NiKooo#EUW,resolved_unique,1,0885c35dd06fc89b4e0c462fa4b3d3d4
Zahel#BRZ,resolved_unique,1,59168205c5b6395158561a9c3743ea14
bastien c moi#EUW,resolved_unique,1,e173df1ea3bd70ad2315bb6e4cbbd39f
Thresh#大钩子,resolved_unique,1,c4d4246629365295773c137602348c9c
Gabrienn#EUW,resolved_unique,1,a8cf7dfaa7fe5d2c0259153be12375ff
Coach Looca#Coach,resolved_unique,1,4e5d26f6ae4f186f68dbec9f7d270a1f
Suicidal Catt#EUW,resolved_unique,1,d67928d7c9183994fb70c6aaea7baa0e
Jona Fritz#GAS99,resolved_unique,1,4d6bf2df26e430a2cb8e0c5b8f3d62c4
Chippie#Zoe,resolved_unique,1,caf3c7c7d47e503a9e5e00e49801ff20
MullerGraller#0000,resolved_unique,1,7c789bb700098a2dd4f443616b39defc
kiIIing softly#EUW,resolved_unique,1,4bb875eb496ae6588062851b45fe7bfb
Aileri#Kocho,resolved_unique,1,8b1fb559158f8b30e820c03e04822195
Fangwold#EUW,resolved_unique,1,f74aff77eb5078564829baa19fb32b9b
FIS Marmelade#FIS,resolved_unique,1,371f33f9c44f2f891181e2116053eb06
Burticio#1404,resolved_unique,1,dd3d6394d5c43a16269f97122a8e18fb
Neshika#EUW,resolved_unique,1,220a12984f3d90f39886ba26dabd7747
hunter1506#EUW,resolved_unique,1,bfcea286e938f62fc002e055599f6eba
Venom Dei#EUW,resolved_unique,1,8bf87c4407be589a4c137f359b2c9696
CFT Shaker#EUW,resolved_unique,1,c41465b61b62b02a5926e0cb1a14ea5d
doug#PDOUG,resolved_unique,1,9ed684df39bbe225bf334306d1a6346e
GoncasCC#EUW,resolved_unique,1,104ec9c6723ee846e133902b41ffa557
Kycellos#EUW,resolved_unique,1,a8f438bd74d0d709d4123efeff3225e9
owndby Sweet F#EUW,resolved_unique,1,5841b769280ead58a176e30aa3d6ee4e
Vody Energy#VODY,resolved_unique,1,693ed98b06916daf726b4f3eb9519d76
xTheToXIon#EUW,resolved_unique,1,15cfc1338533a878b8d5cdf120e6557c
TOOPAK#2PAK,resolved_unique,1,3c7985a4c66e8d6e52c8fe3b992950a8
lapo#jung,resolved_unique,1,fd231aa53f3c06ed8408a8e08e3ce61b
DeWing#EUW12,resolved_unique,1,1f6d2b27fbe401fc344572019272e637
BTZ Jwugi#BTZ,resolved_unique,1,85c4b453382ce78f2c8dc948f720eaed
Maskua#EUW,resolved_unique,1,a9d323d5516a9b7bf1ae0c947be4468f
Φ Midnight Φ#EUW,resolved_unique,1,138a815ca596d9b7d0866b3f04462d14
bblmatthiasprime#matze,resolved_unique,1,00ecef24e3966a2ad017ce63b5eb29c2
ミHEIN#JOR,resolved_unique,1,7ab61edea27856033e1b50ba25139d2e
Yiran#EUW,resolved_unique,1,26948badf8cecde4557328908ec6e9b1
Kaiser Impαct#Zashu,resolved_unique,1,d3936a31b72256fdbbc4f875283937e0
RIMA#EUW9,resolved_unique,1,c8a8a80b63b0b8c6ce0a7cb475d82311
kinuty#EUW,resolved_unique,1,3b51d5453310dc77cc7fa4183da2bb66
Big John TikTok#BOSH,resolved_unique,1,6ffcd6d8dfed04019f18650b4f7f75f8
Caludactyl#EUW,resolved_unique,1,0a12623b5daa70b706b5766efe8bcd19
DivinumChaos#HAHA,resolved_unique,1,f43082963fc9b8157e54eabd7a748461
wilyman#EUW,resolved_unique,1,518bd732b8d1116472df962d9424a453
Nepper#EUW,resolved_unique,1,6f2e860db5b98dc25eda52eb6ad289cd
Blokhuis#EUW,resolved_unique,1,ae976542294a9e61a8f5441c0dbd803a
CorporateHashira#NOPE,resolved_unique,1,52f8e65ece9df2d7fd036842d5f2fbe5
Cappu Cino#EUW,resolved_unique,1,fc8db398833ba791d8213727e608aff8
Kesshø#EUW,resolved_unique,1,dc2476a36b2c2e17424425bca95db14e
Muffin cat#1408,resolved_unique,1,61aa2550b9f975ace2719ee5367e0a62
Alban de touche#6266,resolved_unique,1,ccfd6ef408bd447732f3636709f7c4f1
Krabby#098,resolved_unique,1,7b0af43761c35a5ed9251a1d6fdb04f3
Ahricane#CHARM,resolved_unique,1,77229f74f94ebe9e2a9c72a95c3d7fb4
youtubefan09#EUW,resolved_unique,1,be67388bdb72ee1202e35c6b212f6de3
yoongo1#EUW,resolved_unique,1,e687d9e37e7c0c6a56b4b216b1d336ea
RainBow Man69#JOKER,resolved_unique,1,ec704c74abc720912c686d2a4e21531b
Centre#EUW,resolved_unique,1,5b64d317594c2962ee78f192272ed2a5
MANÄ ABUSER#EUW,resolved_unique,1,d574bfa082512d4b8ea4ebb3c07a46ed
GREEDY VIVIEN#EUW,resolved_unique,1,d8bce39e0f48b41f5e6c3fb51cfeee86
Krono#abc,resolved_unique,1,72fff8ed6f6128f997f2d56c1d5b4c9e
mental fortitude#HAHA,resolved_unique,1,39933c333956b239e097ced5c0bf6718
Whitech#SRB,resolved_unique,1,8712bd6ac5acd373fac56401585c7f0c
OtaQu adAM#TR1,resolved_unique,1,4ef8a166f871f4864712fe78d1f67efe
Hartemurenn#0702,resolved_unique,1,02417648b0d7c4a97829da8abd59de65
MiaHealsU#Mia,resolved_unique,1,d8398d82a1a11d5793cd2d0a7427ff5f
Rikudo#capo,resolved_unique,1,af12e4c071f8a35c988f102225369dc2
Quicklee#Afk,resolved_unique,1,f79ef1c58dd74cc2265fd4d7f000e72f
Kyzen#xxxxx,resolved_unique,1,72efaa55d60f8337fa9b09ba51f0570d
Elolesio#SPIN,resolved_unique,1,87f7ba43ae46d0e4fc6b0fe228657821
BURST TheDrONiK#NoUwU,resolved_unique,1,e4d2ce6cea14ac92b99040c6975855cf
Taswemhin#1512,resolved_unique,1,b5f875491abc99e19f1aa3bf46a25549
Potote Prime#Prime,resolved_unique,1,b7dcaad3673910b3997ddfb5ccb73138
Small1040#big,resolved_unique,1,9ddb65ed059c07bc93711b532c6fe1b6
BoulotMétroSodo#BDSM,resolved_unique,1,b2c1f51b05eb919e8ce9e0bb24001abd
No1Stupid#EUW,resolved_unique,1,a5cae3a6f39dfa6ec89765698b9aee8a
Kenndex#EUW,resolved_unique,1,fb5b18d0ab777ab3368b4af52a76adfb
ΩSoloque JesusΩ#HOLY,resolved_unique,1,2a55aff687552ecb4472e5bf14f8937d
poliKolxoz#EUW,resolved_unique,1,b5ecc2be82f831b096f21e3f2d9c6a86
Elmnysdar#EUW,resolved_unique,1,86147f1f5b6bd6356a38749b8810aa8b
ξco#EUW,resolved_unique,1,a55b308230243ffb05d652bdc2a79f25
Mochiron Maku#ELISE,resolved_unique,1,ca1f9688dc5bbfc1c13b0df0c0fc7b68
tfggp#EUW,resolved_unique,1,9f9b0ebcce214093c55f5ad3858f2304
La coolance#EUW,resolved_unique,1,d66ed3d8ecdd1e37030ad3dae88c2c71
jesuistropfort06#MISAN,resolved_unique,1,77862699fa48191e9a7618eed2e8a673
Hyanatin#EUW,resolved_unique,1,dd4a064666222e3be656567c5c261bdd
SUPPKING#Dejo,resolved_unique,1,82096f579cbab982c52bb1e0f9d4e111
Lilrese#EUW,resolved_unique,1,9d076ceb495776540e0d4a0509e87313
fkwohbd#EUW,resolved_unique,1,2b4f94d89e043f443e4d7f44deb710e9
DominatricksXXX#EUW,resolved_unique,1,39b97a001da1d6952ae594897b13cc69
njom#numal,resolved_unique,1,71d61920eebcf31fc199e3691437e755
Alskar#0000,resolved_unique,1,696446eeae6435bef97dfaf8a2488d19
Adashi#Zoeba,resolved_unique,1,1ea8aaeecb95e03c4cef923558c0d4a3
Undertaker#zx7,resolved_unique,1,1b3d5d9c01374018b222294456a8e4f2
ritoburninhell#EUW,resolved_unique,1,035228d521ec0159e76580fc28ccabbc
Elite#NTC,resolved_unique,1,2bb945f172ff5fc6d6c1ed51b21c197e
XCuborX#EUW,resolved_unique,1,0613b5acbaf4ee3b08aebbabf26d6aa3
gambling all day#4LIFE,resolved_unique,1,aacf5457cfefe174d86e465ae23555b6
21 Cranberrys#EUW,resolved_unique,1,95c0e2e9dbc3b29c00ccb2251deb8b67
BigButtedRaccoon#2222,resolved_unique,1,4a15b5d0e321e5bd7333f6fcb465bac6
yanna#gold,resolved_unique,1,f8b128d690a7e1f54c9d27f2c94454ea
Brableuke#EUW,resolved_unique,1,843992b1db8174fbf4d146cd5a97a109
KiciKiciTuKocica#MEOW,resolved_unique,1,74c655508006d998f94499745daaea92
Ghisouuu#ADC,resolved_unique,1,0915dd608a5f72f4ce1110528083d89c
Yasuone#EUWz,resolved_unique,1,c965ea5c44f98fd8e6c479bd6f449594
Kyojuro Rengoku#idiot,resolved_unique,1,a044c80e4b7f342db946f5125be607a6
Rust Cohle#0401,resolved_unique,1,3c40d376fcbcf15130df0d28225087c3
HaleycP#EUW,resolved_unique,1,85923becdfda44381903d86329263125
Jawquin v2#210,resolved_unique,1,b3507c3593436afbdada205d486e0c25
bunny#shady,resolved_unique,1,70e7839f05fee5548a87c0c49e711408
Osoki SUPPORT v2#EUW,resolved_unique,1,064e6e3d7bb063b4b21496335c53b90c
Tedleb#YES,resolved_unique,1,e5d50799756e609197620cf96a529ede
99 mob 99#EUW,resolved_unique,1,e31f1a36ce6d6ab355eaedde0fb20595
SคdiΣ Sink#Max,resolved_unique,1,390c1fc9382df16253acf2287322f91d
Wantage#EUW,resolved_unique,1,d716397637ba66cfd9c6bc1cff1e73fa
BLGELK#6666,resolved_unique,1,d929180297049e40d1af9a6d653a2240
Taekwondo Tonny#EUW,resolved_unique,1,7f993b00bbaa16ba6029c06022021520
Megumin Full AP#EUW,resolved_unique,1,b736e057df508d814cbcdd701fe4e616
Sam Winchadster#EUW,resolved_unique,1,ed4a516c89ec1153569db98fa88a6c15
جهاد#INT,resolved_unique,1,eccb133babbd9fb98204aa25718d5ee9
LegendVeigar#EUW,resolved_unique,1,76028b628e244cc982b39d6bf8556d8c
Old OTP Zilean#EUW,resolved_unique,1,f4b91d598f090a46b3c1f50d24030169
Doxaka#EUW,resolved_unique,1,03908883d8f2bc053356699d3346f47d
GetMeOutAsap#Plz,resolved_unique,1,ecfe37dcd6daf92f3113cf35c4376cf3
yahey#EUW,resolved_unique,1,ee7ded4fcf13765e4700b938ecb700cc
Luxray#MiMi,resolved_unique,1,f301e19cc95872f7156899a1cb458be5
CrambleThePsyCho#EUW,resolved_unique,1,e5c0a8e4dd5476fb9f39d0f1abd96440
lipe#69420,resolved_unique,1,dd0ff058a03e9a1973c52c82a24e76aa
hsn3#EUW,resolved_unique,1,688b967af1c929ab8c038c920328f1e5
NamedMyCatTeemo#VET,resolved_unique,1,8f5f063b12f0b5aa5c8cb24eb4837988
Grå velo4#3643,resolved_unique,1,37c75f9a427f1f6ea63640c7458e663f
Piwik#EUW,resolved_unique,1,1287b7083f62e5a83739da076d32cd1c
Mυnkholm#EUW,resolved_unique,1,663570abac9ee3af6b773d763f8fc7c5
BigBigSleezyWok#EUW,resolved_unique,1,f4ed870f335add01731822a4ec20b8c3
poltergeist#333,resolved_unique,1,443e1a7a77853f366707d53bd5fc0604
Lies#LUNE,resolved_unique,1,688521c18292fee5a328e9383102aa42
Valor Airlines#EUW,resolved_unique,1,abfda1a1e22aa8d35740124d9abd7b7a
Sismo#EUW,resolved_unique,1,66d2d5c2bb3a08125c3683a72cc52edd
Tranitar#248,resolved_unique,1,ee73b19c47a5091ceb7a5424ff15c1e5
Sodsixela#SUPP,resolved_unique,1,1ec0d2859a981e6569b1ce0451e0be62
Benjyboy47#EUW,resolved_unique,1,dd4693eec91cc600ce805c9368aea440
niqi#niqi,resolved_unique,1,79a9e1246d32380ec15df4ec0af0d29e
Super Omario#EUW,resolved_unique,1,a3cdcf25ab4bc60c3531880491bf3d3b
Papi Pombo#EUW,resolved_unique,1,044e9cc44373dc685865cf08e26da5d9
Trizet#lied,resolved_unique,1,c95ec8ae803b77e411166e23c1c84131
Chains#wtf,resolved_unique,1,c0dd2beb43dd6397af1adfd76334e41c
Zekkei#33333,resolved_unique,1,efed0b1330f708835f510e948d5d16e0
Profeten Knugen#EUW,resolved_unique,1,d2e54dad3dc4529c0f1b5eeff7e994ff
Killearnith#EUW,resolved_unique,1,13c7b2d90f7d4fb4bc4f3ccbd57f89f1
Thorstein#EUV,resolved_unique,1,3d0e8d76966c148279e33ffa0e11cd22
SeiEsWieEsSei#OCC,resolved_unique,1,07df1eb098d932fb0d37b709b488808c
WaitedDiabllo#EUW,resolved_unique,1,aecbbb3b620d6fd80ad316ac1c66ff08
tortuevsfranklin#EUW,resolved_unique,1,858512b129d32984a88925ba677951e0
Monon Labe#GOD,resolved_unique,1,a38552b9bfd6c9218b1026dcb3c75a79
xTh4h3r0#EUW,resolved_unique,1,054d79534d818211de4f01e7d13e5a60
Konnexes#EUW,resolved_unique,1,f73a8a70fd2653c523be9c25d596ea9e
ThymianThorsten#FRE,resolved_unique,1,ade236e2937815b86f74f1f6bd417e87
Azzlack20#2020,resolved_unique,1,75a6f70e25abb0bef56a0e5be86aa985
Veyana#EUW,resolved_unique,1,ff11e23ce74115511a57cbfdd666886e
Fata Morgana#073,resolved_unique,1,4153068a8e24b7a9ab7312cda8b1b31c
Fr3aký#EUW,resolved_unique,1,2dd12004de1225c552b9823de3f12562
G0oOn#Ers,resolved_unique,1,1dcdeef94e63cba783e76423a451f9f2
CAVALIER EN B12#FESSE,resolved_unique,1,e378e8321962be17e1839dc079325250
Smoker#THC,resolved_unique,1,2e5ac279e2907bab2cca7a5cd43b3fa3
Sonidoc#Pablo,resolved_unique,1,2668046c4c97adb2fbed9dc711552d40
Skell#FIPAF,resolved_unique,1,96a1ea9369efaba6c7d2b8b354663bcd
A friend#EUWUU,resolved_unique,1,2e75f1965e7cc793a175b145ddfc4ca3
Garen#8326,resolved_unique,1,9cba8be1410239c2a947165791cccbec
Storm#EUW12,resolved_unique,1,4e2268a3d47c787406bdef2e0b50771b
YBN GORA#ROBOT,resolved_unique,1,a8b9036e807a00e6faf20d5249b99cc5
Bárrels#1111,resolved_unique,1,0dc6189a62d6ead5307d157329f5af61
KANGENGRE#081,resolved_unique,1,97d50e26b6f886e8c5adae15921fc375
Ziggs9ine#Bomb,resolved_unique,1,2b3cfb159f7596b0e7b605f52d5f012b
AzizPafDingue#EUW,resolved_unique,1,71c0d4e9b7cf9a74433630f8b30045ab
nc camp xd#dog,resolved_unique,1,2a6425246d7cd0e7fb184ac3722417d1
CoachRogue#UTUBE,resolved_unique,1,22c4aa497480f8da524addb98dd34538
candyfloss#XDXD,resolved_unique,1,253ac8e10587d58209357401e0c7c5aa
evrydoghasitsday#ONE,resolved_unique,1,7af963e724e249bf9546225d68a1c718
Kiffeur2Goths#PIEDS,resolved_unique,1,d73395d6b259c9d0200d15caae7485e0
raDioG#2332,resolved_unique,1,b5ce1fd3947c8c9c583a6b2578974a2c
Sung Jinwoo#Swidr,resolved_unique,1,43a55c8247853b5407a08af2e232455d
Nina Døbrev#EUW,resolved_unique,1,a266a5374df9b11a52c0f833d5240317
Step on me Alune#uwu,resolved_unique,1,9f5261c5bdad047ce8c3989dcd3cb919
ELYOYA#CABRA,resolved_unique,1,ce0692a87feb53e9e0ad71c7a55d8679
mac nugget jr#Rcist,resolved_unique,1,56861a3eae393173de5ad4554f85c2be
KPY#KZP,resolved_unique,1,9cb7ffcca90364b9eb52ff99cbb7ebff
Ratish behaviour#EUW,resolved_unique,1,511bf149981817d56c8f948d3620e9cf
Difference maker#DB0,resolved_unique,1,c352e20982b72b9897f5d3382a87950f
Niunia#YOŁK,resolved_unique,1,eee856a1879e26b01e802400f46bf080
Bolshoi Booze#S04,resolved_unique,1,322d366b37df82cf843da3cbdad7e9b3
Joinze#EUW,resolved_unique,1,16796b0561f59d60e26aa35f520e6f4a
AyPiG#5164,resolved_unique,1,a59c6f9538d8ee51bc9998070231bd57
RWE Flip#Top,resolved_unique,1,5abdd19ad19dcf93928be6030a2bbf5b
Shinkansen#1050,resolved_unique,1,04193028d163f7a219741fea8b63a63a
Kerri 0#EUW,resolved_unique,1,45fdaf2b13cb45fe3d83143cdb519043
ParTimer#EUW,resolved_unique,1,7de71ccde492d5090541b816a951f9fd
Lucky#CPH,resolved_unique,1,1731e030a31e9f6977ee13244385879f
楓糖餅乾#mys,resolved_unique,1,d91425959d76152f040578aa53e185e3
wyntr#beatz,resolved_unique,1,4dc7ce081818c70aff04bfefc7dd75d0
Friso#Dori,resolved_unique,1,b81b0d1bb33f4718253f0e496f2559e0
Nîghtmâre#ELmao,resolved_unique,1,aca96ef2f6c27b7372f5424cb7554700
GhostCleanseKog#EUW,resolved_unique,1,f1e6251d46aaea696a9a47929765ede8
Claquette Prime#0000,resolved_unique,1,6562347ccc384d0f386d9c770cf5a772
Tlyss#EUW,resolved_unique,1,39e45316729ebc05cf149da2132a91db
keanuxd#Zed,resolved_unique,1,c523255d9a70347aef723f5ca9eb0ba3
Mr Duffman#Beer,resolved_unique,1,129df2abd4fc38827f35f5d2ea7472c7
ACIDD#AZYR,resolved_unique,1,aa5608c65b3e98bc0b4b76e04af9cd06
I have no ego#ADC,resolved_unique,1,422c71e07307b984d89b44754e7e0066
G2 Arkhonacaps#EUW,resolved_unique,1,48ada0d941b824f6257c0fbddbb4c755
Maritjen#EUW,resolved_unique,1,fce6dc51e2fcd80f6ddc4439068d4e60
혼을 베는 자#blue,resolved_unique,1,ee73e5eda82126b4f0802a1d23971f4c
LE BÔ JE#PFF,resolved_unique,1,7b339e3a42468da424a336036b9744ac
Xingoat#EUW,resolved_unique,1,d819c80530401dfcf9e1b0b261299773
Sìbb#EUW,resolved_unique,1,c61c0a615430a5e28c1fbf132f0f4a72
Casey Braxton#EUW,resolved_unique,1,9a3abbe4858d78ecfeb827db9fb33da6
OTP JägerBombs#EUW,resolved_unique,1,e9bf5cf0ff39ba9d23929f5bf16677e6
Algos#111,resolved_unique,1,15f77c696223a103a1d1fbb382066c33
Gol D Roger#GOAT,resolved_unique,1,4c080ea3ce391bb26866fc2ec15abcca
Jésu#EUW,resolved_unique,1,d3289b9dda5d2874af83e6acd3a9d809
Sajinn#CHAT,resolved_unique,1,2f138d14a32e6ac433b83f2fda558795
Chorizo Player#BUFGP,resolved_unique,1,54bdd108eeedb17d5f235b172f4ff278
Makkakox#EUW,resolved_unique,1,69c47b2568751b05acc87f9c2faf71cc
Toxblicity#RQ0,resolved_unique,1,fd95d3b9afe5f4bdb31e8f6740ae6b35
Big Pipe#8469,resolved_unique,1,e230ffad3f2d0f43f1885730b62f1ec5
3A2Y#W1N,resolved_unique,1,502fd0425ec260c24ff95b844e6f060d
Kishini#EUW,resolved_unique,1,978a5757cd7b41e3473a0312046040b9
IVE DOWN SYNDROM#XY21,resolved_unique,1,c0c77a8ee355c9f180dd2007e3877cc8
EnigmistaForever#I86I,resolved_unique,1,f8f6195f228798a9309c0b883d79cb43
Anders#EUW9,resolved_unique,1,f5faa89b4d686b9803c8078604c3916c
Kackpoo1#EUW,resolved_unique,1,70ec97b776c38d81f7962fd47fac063b
eldiablofr#EUW,resolved_unique,1,6d169db8613d976ff0156f7e0005160b
dasjones#EUW,resolved_unique,1,4d30efb03dc5bdb0b94d70fbc49033e5
JCFD#027,resolved_unique,1,c8716462ea44f92ea6a6f631562f974b
Vray#TOP,resolved_unique,1,dcba2d962fe2d7e5d9c168072a8e75a2
RandomReport#EUW,resolved_unique,1,bfc08e475ff8be216412be5963d216af
SickAss#EUW,resolved_unique,1,7af7cb2fd173c4d4bfe847d9c66c8344
가장 외로운 늑대#UNA,resolved_unique,1,96a2d8e12dd9a82fc8c9e69854ae858e
Ðjinn#Djinn,resolved_unique,1,f265f47cd48678b403f9932865013f02
Dr Bobby Bipolar#ZzZzZ,resolved_unique,1,d26231e7d511c40ef37fb0702557ebc7
Enclumé Mental#EUWFR,resolved_unique,1,10ff360b5371b70fe577c572e2c150e9
Zankio#Abe,resolved_unique,1,80857d77e82766916648b0c7d7b2055e
Celestials#EUW,resolved_unique,1,9c2ffa88f98d729f6b7739f77c25301d
g3a4#qaq,resolved_unique,1,57dc647be33d2d697f0d5cbc248140fb
Moon D Shadow#Velga,resolved_unique,1,cb32627ea8bd49bf65a7d40c10e726a8
ImJustHereForLP#TYFLP,resolved_unique,1,d0e369acf9e1aa3da0f2a3c6ec625fa0
Irregular#Ctrl4,resolved_unique,1,2463af11c781d833eead31c4943ef310
Chichi#ZoooE,resolved_unique,1,13103c0f5127d8da1b496c2085c00566
tupacisblack#609,resolved_unique,1,4df391282c8cda098d9fd6770921e770
TNTeshka#nazar,resolved_unique,1,77fafd73a4524fe9b65ce6db8eedc3ef
cyprian banino#6666,resolved_unique,1,a97a5f69ec17fae93bf76c873e729fde
T1 Duino#末双小姐,resolved_unique,1,2fe03d338daef23f362b6b796d221f99
savage jungler#7439,resolved_unique,1,462f5e8898c5cb3620e592af505efcee
XiaoShenjing#KR2,resolved_unique,1,1b30dc86998315315402f8c49d65b858
arda guler#xdxd,resolved_unique,1,e32efd03c5e30f85b06f70b605936b67
DPS MACHINE#0202,resolved_unique,1,af56f77d8428f388a75f5c50a4868be3
Paolo Neumann#0901,resolved_unique,1,22804e9a35c11469a4e56d168a6597ee
Belge Malicieux#Fuite,resolved_unique,1,36420115b038c2cc64d7cb9a2bfdfc01
superstarkan#7804,resolved_unique,1,b7d7bb2a22b8f6c6002f5a2e50b197ae
Scythian#EUW,resolved_unique,1,c91eeda8ac283755214a38aba3667a09
anticomunista#CAP,resolved_unique,1,1a0273d03c8bb481d673fc33423ce94d
Kashadicienc#EUW,resolved_unique,1,2a7352834d6ae4f1e52ad634ade29327
Ability Haste#EUW,resolved_unique,1,2a29c7cbd38859558abfe362da326cb0
Astrologo#astro,resolved_unique,1,2bebf8f16ad31d1c8bada2ed3d8a6c77
ROCKET#PKN0,resolved_unique,1,722892c41d4109f2a5a4fa67da91fd32
Kasper er silver#EUW,resolved_unique,1,aaac58f59970ff6ab080eaccb3b5a8b7
kakapildur67#armas,resolved_unique,1,1c2fcfd5d12d83473e7713aae77f2e5f
RivenOrDodge#kitex,resolved_unique,1,52f809ad79eeb0df775962da3a31c4ef
GI MEG KEBAB#EUW,resolved_unique,1,85ec1373bcc231ac780c22013d23a0cb
ZzioizZ#EUW,resolved_unique,1,1d65537bbc589f875f664f04666b0d5e
WDWDWDWDWD#EUW,resolved_unique,1,1386c08edf6189c50d1224104a63f13b
jimakos#1v9,resolved_unique,1,38f4ef595332cf8c89f4ee83dfa90e65
WiSe00#EUW,resolved_unique,1,ea0cf3903cd2a3ae312d20d5a027dcb0
MYSTERY MUSEUM#X1000,resolved_unique,1,919bfa9b9500d63534ea75d521bcd198
Tueuer2papi#EUW66,resolved_unique,1,bfe3bfae9bfed1d00192f56e325d49c9
Tominsk#Tomi,resolved_unique,1,9dbf280cc1cbeb41f67340571b058cb4
748#CHN,resolved_unique,1,746673497084f9463097b940bcedde23
The Lawn#EUW,resolved_unique,1,3445bed6c8e39858d5086ea89eafbc29
T1 Truck Driver#SMURF,resolved_unique,1,404b9a8b32a866dd7c574eb7368d8f18
LegendAgent#Yasuo,resolved_unique,1,fd9ea07022d1f873496f7452db3a5932
Balls X el 0jete#0jete,resolved_unique,1,1016fc72ee90a1ed4b398504fd07122b
완고한#000,resolved_unique,1,5792680bda00c6e47938a5316c26712c
DasName#11111,resolved_unique,1,965c5f786b5d14fcebb16dbca6fb1b75
Chischwi#Yasuo,resolved_unique,1,214badf973a6f7a467de11621c9bf882
floraerenhoe#EUW,resolved_unique,1,f71e979ff02eab9f1a1327fb6bd508a5
HΣRΘ#666,resolved_unique,1,b8d08d978cccfd22a8daa5be6f5ca523
T1 NesKaZuris#NES,resolved_unique,1,e621545ea2cb2b167ff772568ffa2b60
Lionel Μessi#GOAT,resolved_unique,1,387eeace78450c48bafcf06fa790bafa
Torsch#484,resolved_unique,1,ac4079bd8a473924bb1ec636332fe474
8m1le#EUW,resolved_unique,1,8bcdf45f9b15109434b63cfd541c6ae3
ARAMISARELIGION#EUW,resolved_unique,1,44d3e8d52f40caacba4f73c8e6f6080f
zYd#0001,resolved_unique,1,13d56caa3e20807bfcb10bb84e831f4e
improvement#9999,resolved_unique,1,b0a05e139ef04df13fa48aee6bf1aa8a
AOM Arcanum#Mid,resolved_unique,1,38571d3ebb5a37434d0493cbce8d2e67
KevinMatty#EUW,resolved_unique,1,e4eb782f0e082a621ca6dcd5f622c036
Roy Keane mental#WIN,resolved_unique,1,2b6227b2df7b8932e958f1323524838d
IALFAI#EUW,resolved_unique,1,2557918fa69c8b99d67614c396951854
Amon#lotmg,resolved_unique,1,0697594c2cad1416365dd4d09a9cd637
Molly is good#EUW,resolved_unique,1,966755c471ceafddea78e9c8f1e2ff8c
tipi22#EUW,resolved_unique,1,79b1488d4fc2e1ff6d9ad1270b826c00
Mangolonkero#EUW,resolved_unique,1,00be0b709ba035e8acffe1ff387df950
Sharnick#EUW,resolved_unique,1,049429132b3ec6698b610a1d8eefe49a
7S HitManion#163,resolved_unique,1,47393e16ab98199a7f52cde47456d419
DjBusDriver#EUW,resolved_unique,1,c3fd42721c1ccd29dea5145b27f834a9
4 Known Bugs#EUW,resolved_unique,1,e8b474745033acc1acdf8b496b3973ca
Walter fanboy#EUW,resolved_unique,1,2e68f342b53bc7bf7449fef4eaee3700
Raeyleigh#EUW,resolved_unique,1,223a6eb1e5cc4c725fbf7d3a47b16c4c
Tokz#EUW,resolved_unique,1,b7babbd734d729683a4a96dac2e22af2
Bluestrat#BLUES,resolved_unique,1,ffb92d5404af43436d533c13cb50d4fe
Soilworker#TAgeW,resolved_unique,1,8c044137a4e21987f9e11ebb1e946ecb
Ðavıd#EUW,resolved_unique,1,20b13a33c14233f7cc98b7124255802e
Doran#2405,resolved_unique,1,91780ca55460bbd61d4204297d6dad3e
MotaToday#1234,resolved_unique,1,fe181e6567bbd6a9691bd6ea6b24d094
Chris Moltisanti#wht,resolved_unique,1,11f5db348a89677218bde48636167ada
bak ne haldeyim#3740,resolved_unique,1,afb43a97dc927545e6f525f5f06eae6d
brek#8105,resolved_unique,1,e4acc7c2a914d21fdb78904151a3fb7f
Repentance#Enfer,resolved_unique,1,cd84a82b147c9be7bfbf76046d64de09
flipper#9855,resolved_unique,1,3e7cbde4d1b012bfd534a4b500c91b7c
scorched earth#606,resolved_unique,1,c89072936a398f4f2c6492321144b9fb
Mwah mwah#0011,resolved_unique,1,06d3f78fafd2ff4beb8158b86743e8bf
tfk stp#tfk,resolved_unique,1,211c80505ad6e865d7deb2fd033f730d
avour#JOEL,resolved_unique,1,40a8d3165db552433d3816928a9869ef
KeππeπSieMich#EUW,resolved_unique,1,8300f33ca8d64fb7ffca3a2665ff1fe1
Tanatisl#EUW,resolved_unique,1,d3eb779b757ad339ae684e24dbb03ef8
Gr4ss3ater#EUW,resolved_unique,1,388d715b55a64806120cdef5d48bbda1
ArEsfebres#KRHN,resolved_unique,1,9e18ece36f29970e32d7f42565621e99
MastaiIy#4444,resolved_unique,1,06ebc34b1187a99dbafe66e0ddc2001e
Yuıı#EUW,resolved_unique,1,ab030ab5b0f91d31b470487b4704f2ee
Meritex#MRTX,resolved_unique,1,1aae78362dd82d5840580177bfae2afa
Sora#CHE,resolved_unique,1,5d1c7af6b6e4bf81dd97140dca4528af
Jimzyt#EUW,resolved_unique,1,1c7434724d5a388516f4e7339882ca9a
rawmeat67#6767,resolved_unique,1,eee9fc11626961966a0cb898df24e061
Elkinox#00001,resolved_unique,1,c9745e4ddf3654fbfb71e15e1211ae75
AURYLA#EUW,resolved_unique,1,dc7e1ace1fd2b501d0494792daa5bc49
DeutscheRoboter#EUW,resolved_unique,1,5a934cbe41d922b7edcb7977f3dbbd60
La Fouchtrance#EUW,resolved_unique,1,45baad2dc1019bb3de408ccfb8e2ecc3
Sweeder#2000,resolved_unique,1,030b4780067c0f22c5c8e0d8fb314d22
kallamigsag#EUW,resolved_unique,1,352b3ab1b25a2cc826cddb5eb53fe12e
Mein Kaiser#EUW,resolved_unique,1,74e40ed196ed9e1bacc58796bebc1bea
nxuhx#eutn,resolved_unique,1,cbb7ec887a6e9ac68a16881218c39ae0
Délicate#EUW,resolved_unique,1,8710d4ade451ea21d9b22b825f27653e
siltn#EUW,resolved_unique,1,94d10d5f00eda6c068e7ee875c126202
easymoneysniper#ROK,resolved_unique,1,8e9c929de4b7cad1c2832bbf1ad1d46c
SISULA#7341,resolved_unique,1,8dd5204201a521c1dafe8542bf9b37a5
olsun#EUW,resolved_unique,1,134e57fcd9b2a717c4df3d4ed2a0eec5
Prophet#four,resolved_unique,1,cd629ab84d34cb788a696b1e055633eb
112 Pt PaNaRaMé#EUW,resolved_unique,1,bcb96684d02f37db694f49c7250ad429
SliceingMelon#EUW,resolved_unique,1,054405994c24e2ffd14cae98210d3378
Ternik#тварь,resolved_unique,1,4a14107f2e27934e22f79d375a911d0e
EBZII#EUW,resolved_unique,1,25884776f8c2efecdfab97dc98e73dca
minimiki0#EUW,resolved_unique,1,fb92e512db163d295969e0728eee3c9f
ErkyTuren#EUW,resolved_unique,1,a8fcd35ad16948c5cae1ad1007190223
brook#joy,resolved_unique,1,d001705b5a2556a01a6b01f7331996e2
Nisuro1#EUW,resolved_unique,1,6cc05158be7eebb321a48fb5f8eba99b
Dofo#EUW,resolved_unique,1,1ee0de5ccd18e934389529c2b61e3b28
Gustaveriner#EUW,resolved_unique,1,a0d1d8742ae5724572f6592af7b81468
Meta Morten#EUW,resolved_unique,1,6eb20e8522b00f1b7ac3efa569a4bbbc
LyftLover#EUW,resolved_unique,1,41fd3de1754dc230d93efa045c9fffaa
Zoe is my Homie#Zoe,resolved_unique,1,d842ad97ff85d6d7c086a415bf3315f4
Xaden Riorson#FOUR,resolved_unique,1,2d30c93e0edf8c2a80a0b4ef36cc3c3c
BanPi#EUW,resolved_unique,1,6edc2d87d933b26078949fa1ec39dc6f
VictoryTilly#EUW,resolved_unique,1,f78e14bdecdcd9c4e11abc4223131a37
Healthy#hope,resolved_unique,1,fd67f60b91bebdbb1ae1109a7af7bf23
M4TL Banks#EUW,resolved_unique,1,9401a047d13480f27f9c543643da2215
AUTUnicorn#AUT,resolved_unique,1,730b682b215bee96522bff08ab833031
RSP Fishìn4Susan#EUW,resolved_unique,1,73a8b22056033a3ff47e45e1f3fdba03
DeadRAT#EUW,resolved_unique,1,fb5fdf4088303411a522a470484eaa81
nZk#nZk,resolved_unique,1,8a4e1541bb369d20d0c508890d6f4dd2
DilI Doe#EUW,resolved_unique,1,dff4dcccc7f89494af3372227f5f1bc1
Minisau#EUW,resolved_unique,1,4391f4fc436b3f0f15c4e60ff069b78c
Meow58#Meow1,resolved_unique,1,5a7661f0d987536b36ff8bf88036037c
LuckyGolden#LckGd,resolved_unique,1,9242a61e03a806953fb1f9e717275366
Best Rakan#EUW,resolved_unique,1,18032a0f74809aa2cdb6ebe98bd1f044
Paardenpikkie#EUW,resolved_unique,1,2a7e0763736aaad67d6f5490fe16b690
Dakiber#EUW,resolved_unique,1,2224191f3ca3517932fbb0539d49a65c
Hadlife#EUW,resolved_unique,1,3b6c33739da7800f8549487ad8edfa05
AeroSkyZ#EUW,resolved_unique,1,e16379b0167ff3768308f6201109ca3c
Æ DreadCarrot#SUS,resolved_unique,1,ba40ad857df2f4d1c4b85875fa0c0530
Strandfyr#EUW,resolved_unique,1,38dd4b6bcc9c8aa53cc1ba1d7f0603fa
TheRuneLoL#EUW,resolved_unique,1,1e958865a5383932ef43d284d5e4ecea
Franis#NOOT,resolved_unique,1,068eae0e0446a04c600f1b8e5932aae7
Lamko#EUW,resolved_unique,1,a0bcd70ab41d32d35b3aaaa7f15552f5
Kopkop#EUW,resolved_unique,1,b0e8a9506a0e7583096de3caccc9fdb4
i like BewBz#EUW,resolved_unique,1,b8a2f138494afb5a8704b5c20e35e931
Bertan#jg df,resolved_unique,1,30cdcdf75330e02e0a3bc3174f985469
Kucukarpaci#TURK,resolved_unique,1,8f721b017be6205b9193fc8e1de0507e
AFYONLU renata#glasc,resolved_unique,1,f7f61d88f9c3cb736795b88eee24d4d9
Mentalny#fizyk,resolved_unique,1,8bea97d16f6669da6c7c679bfbc06773
Netak#God,resolved_unique,1,6a8035c6c2b7651fe539dd0f6dd376ae
CHEBOKSARIK#666,resolved_unique,1,a3c3b45c62a9bb56dd913a2f946c520b
Dawn#top1,resolved_unique,1,f1ebbffbe31e7eb9a7c6f31066e64e2a
Change#0003,resolved_unique,1,a608d306ab15fbe11c5929702c1fc012
YesterdayIsGone2#Yig,resolved_unique,1,4d81005e4a4f18d447f83d58f6615b53
PicassHOE#EUWWW,resolved_unique,1,40fcad3f669eab3bd5fcd03141bb8239
Eloha#0001,resolved_unique,1,23b1487dc8d74599e822d59d4d09b57b
Elvierosh#EUW,resolved_unique,1,90a8212dc9554e10068ba73f14818c92
PROTO GOLEM#EUW,resolved_unique,1,97aaa86c19378c382d54b7da6ef5e060
RoboticTuluty#EUW,resolved_unique,1,e3d81c0d588f3fd4536841f72a7c4bf3
Budhha#BDHHA,resolved_unique,1,279416d140356a5d058c65898736ad69
Robinsoneq#CWL,resolved_unique,1,dd7db7b464b12f4e882bb6b58364cde0
Gronkel Skewd#00000,resolved_unique,1,730d42dd963c6ccb0fbf84fe2c366b43
Theos#Bale,resolved_unique,1,660d0b5caa24bf270ad9b88312e23f4f
KC Jwuif#EUW,resolved_unique,1,1f112e218f7aa0df223c79893c5c87ca
Tanaa on Brapp#EUW,resolved_unique,1,5990d03e03a718879991eaebe2ee28f2
Genghis Khan#TUN,resolved_unique,1,63143eef26439bd01396f90e14368832
El Farsante#zuna,resolved_unique,1,a91f5d15599947c3ab079f659c5d979f
Nedara#021,resolved_unique,1,bdbefb6678e17a6ca61eeb0dced19636
Ralf Schumacher#Ziege,resolved_unique,1,b9f14b09f97b5aab4440ca0f49840daa
Buddha Gautama#EUW,resolved_unique,1,e657a3faba38b699aeabaf44ebdb5fbd
kitten nuggets#EUW,resolved_unique,1,ed04ba919317c6de9663f97cf2a9181b
Thorsten Carsten#EUW,resolved_unique,1,e1d657cd2e3e8a456cc01b190e3773e0
Ebana#Urgot,resolved_unique,1,3b0ed0b2145e74254df44c8e44137462
Quaquinne#EUW,resolved_unique,1,e15f483a4886d9a8e3e5b07dd1ab25e0
słońce chłopiec#EUW,resolved_unique,1,e549b2938fb0cf40f44f5a1fa2bbcd9a
seli#8888,resolved_unique,1,b99a0bbe1ec674318e58e93c35de7df1
Idk#spin,resolved_unique,1,a3a5b4e50992a3407af835822402e362
RasCHAD#EUW,resolved_unique,1,6072fea89cd38aadb784745dec8102cf
ShedSweat#TR1,resolved_unique,1,0aa26859109c8bea3fa72718e8fe5bc2
Authentike#EUW,resolved_unique,1,ec5e7882a825a75d6bab694d12548c5e
Kyo#6006,resolved_unique,1,8ce01488b84d240e6e9fc04ae313dc80
Karthus Kock#EUW,resolved_unique,1,9da7d625202a8f42a7e859ba1288eca8
blasterchief#EUW,resolved_unique,1,6ca9b3e98b788414efeb3cc96db2c822
Imakhaleesi#EUW,resolved_unique,1,f81ac3dada21accd416443b4d6d295b0
Mikazz#EUW,resolved_unique,1,f2fff3800c0ca340413a63b296017fba
Youngnastyman#AFW,resolved_unique,1,477a1be7657b5c8cbf3540f0275647ed
Lysagiel#SLY,resolved_unique,1,296d0438485e0a036a15f55fad8899fa
doodshoofdaapje1#EUW,resolved_unique,1,da9b5f991ce9f7f06d6522fb469a5b6e
Foute Dakdekker#EUW,resolved_unique,1,f7417159f7c0444fd49ed37d620b5dfa
Nima#20298,resolved_unique,1,5844971c665b4420f5a4827ab59233c9
XploDream#KCORP,resolved_unique,1,83145f2e4919164b92a1f6ec556ff0e5
Afarion#EUW,resolved_unique,1,782d4dee932fcc3dc215201e6a443672
Samedoking#Supp,resolved_unique,1,55bf2e28884557f963d69cba56984e58
Kryo Fox#997,resolved_unique,1,823de149a53102d5d8c4bbbb0d87b2f1
Blanche Neige#8394,resolved_unique,1,5b46ddf0769701dc1f9952fa9bc89d93
Kazenco#EUW,resolved_unique,1,5e0b3341dbbf1fe559a03500c067d813
L y n X ツ#eboy,resolved_unique,1,d33bfda1883a8d8ff8ae28c99f91cb57
ZadkieI#EUW,resolved_unique,1,530c29895c7f9cce52dc7094e21e5881
Clone#EUW01,resolved_unique,1,f269b64633a1d3f5d39a743e863d5fbd
Muulpar#EUW,resolved_unique,1,70404d1573d5049013a26bc267890b29
Khirrah#EUW,resolved_unique,1,60217f40ccd1a53ad4263de05c19c8e2
Banging Deals#EUW,resolved_unique,1,489d9f42326212a5876dde9348ebcad3
sehr kluk#EUW,resolved_unique,1,18a3216c9dd84591431697a4f4767057
pisslowfister#VQA0,resolved_unique,1,24b123ce3ae4ac1da1125cd0d0731036
EIMAIAUTOSPEIMAI#MAD69,resolved_unique,1,077904821ca615a2f3424bb09f6a5e67
Lil Phanpy#EUW,resolved_unique,1,5e05ac79e44293d92494a3de0c7744b3
Kraderoth#EUW,resolved_unique,1,0f01d3d7dec7ecc5efd55bc6c05505a0
Kusio#Essa,resolved_unique,1,cce74b0d390a662359c9bf975742edd5
Swusvorray#2353,resolved_unique,1,03e3e2e2739c586abb2de03965a78e06
akiaura#dtwsh,resolved_unique,1,a65d665991e989c1753661994780dd74
Cassiopoopa#TIK,resolved_unique,1,bbcd476c5612a23c19c29a026611e39a
uua#dx9,resolved_unique,1,863d02d6e7afc448bde1cb9a319e97b7
BABYGAL#KOB,resolved_unique,1,5407fff4344ee1ce6ae27cc7cc33c6f7
Lorykimach#6467,resolved_unique,1,345e0eb298fa18b2bd77528a14b8bcbc
Konstantinakis#TwTv,resolved_unique,1,74201261490e94d26d70494f573626b7
Rotato Potato#Ham,resolved_unique,1,afa1c14cb4cda10077fd03af99fb15be
Hr Balle#EUW,resolved_unique,1,768b63d0f999a5c1edfd215555e23492
1333555557777777#EUW,resolved_unique,1,b2650596e4da41150f30bd98b7db7dea
PROJECT2501#C0RE,resolved_unique,1,20b651ceea2cb5101c017e5bcfe80691
IHURTYOURMOM#SSJ,resolved_unique,1,67ee3f2b483686a5c27027827558c92e
in love#lat,resolved_unique,1,6a9ac3b1db3cd4a4134450b5c3004b76
TURBO JEEW BEZOS#XDD,resolved_unique,1,0bcf12ac2fdeb57bd2be2134b1770d94
unquarryable#EUW,resolved_unique,1,fb192a18f75d9c1c9c1ede4f531d3022
Gratefull#lol,resolved_unique,1,c57281ec6729c2e0c65cd188b343b85d
IDOL#benzo,resolved_unique,1,bd66a924cf051f08517bb4751e4cb16e
G2 Ponk#2021,resolved_unique,1,1527da1951deb9a95fc294c3fbf3ce20
sFvWmWerner#EUW,resolved_unique,1,7ded91bb590868c5ae20e3f119690886
Maslo#7106,resolved_unique,1,24bf534f20c01e6e3fbbb013603148cf
DaddyDjessir#EUW,resolved_unique,1,37e7741aa40181fdc97e630aae596a08
Andonisus#EUW,resolved_unique,1,13a3e7f1d833c4d8b4475636b5fd0d6a
Люблю okami irl#704,resolved_unique,1,35cd88202570b978c00f3090d52af2f5
Qingque#Jade,resolved_unique,1,c5d85896626ab50dfeb78d04e3a9432f
Mawt#Gen G,resolved_unique,1,eee6494d684e3e140bcf4d75bd93360e
KingKongMegaDong#EUW,resolved_unique,1,61e959f9b93072217e96c8c573144605
2810#hily,resolved_unique,1,21cede6f05a53494994f24c6288ff921
T0MTHETANKENGINE#EUW,resolved_unique,1,0a0d58822f38937d1275079a96a8227e
Almorgenus#EUW,resolved_unique,1,a42a1b8ff965d28ac9116a96a34768b6
chwala junglerom#EUW,resolved_unique,1,0027e4ebc329944b3bb1888d88651d17
Night Calls#4571,resolved_unique,1,33ca8f4c9f6b72a3b6f8978e0948b4c1
Nutty trains#EUW,resolved_unique,1,1b7854ee8a920f05dd433b15a0d48810
KOA Bzzk#Quinn,resolved_unique,1,4407d6ca4f74bc04f63a34fe3718b0ad
Pratchique#EUW,resolved_unique,1,180b51f8395e6b5b6b6f8aa45b742bb4
REN#2704,resolved_unique,1,0fb5f4c622015f5306781289d5c39d24
lizzy del grant#EUW,resolved_unique,1,fe00d3caa1d21493dd1712c4c44f80d6
NAGELSMANN#69690,resolved_unique,1,274528bcd29dafdb579c8a02c6001319
TestingLimits321#3210,resolved_unique,1,80b7d47b8ed9de54dae1d2a54e7a0eda
AKA JGL#TEAM,resolved_unique,1,56e73bbe31348ef86a106e30c60deffc
Naïve#カイロス,resolved_unique,1,c92c70225be782f59ad0096f8405926e
dognappy990#EUW,resolved_unique,1,b2e4cd9cbca829d25589bbee0b256a4d
0690#broke,resolved_unique,1,d7dcfac68716f033bf2f54b5a9b4b8b6
duhn123#EUW,resolved_unique,1,8da631da4c55719f76f266570741562a
Miki#4fun,resolved_unique,1,908081b187260efd2a48ecd851609dcd
Phantomles#KING,resolved_unique,1,4ddc64f55c15295e3c61abeb25adc8d5
1v9 comfort zone#EUW,resolved_unique,1,e8bc56a18e30bc02f0d517bccb00008b
StueyEddie#Stuey,resolved_unique,1,e29d4cb348603f494b0117fbbc9e1e90
Lukeluca99#LL999,resolved_unique,1,3054db9b4933364e356bab5faf9603c5
1CSMIN HEHEXD#NOGG,resolved_unique,1,60da5c61a4d81061df7f48b243c14ebc
Hisokards#EUW,resolved_unique,1,ce26fe1ac66a04be0f253effdca7c13a
D4rtaine#0000,resolved_unique,1,441b0f8a91bd973aafbf6edc73a95184
SeriouslyBroken#EUW,resolved_unique,1,bf418a70f48e165bf2c5117d216076bd
Marcelinho98#EUW,resolved_unique,1,52bb005918c9a90f14d87350e33be7b2
Fireray#EUW,resolved_unique,1,b26fe228e5a3320e6b8e74e50e7b5c90
Candido#8738,resolved_unique,1,b3dc378df65ae7320bc65eb0fff10da6
saroyan#007,resolved_unique,1,6226870df4345c29d197fbe9721f5c24
Ie7nesh#EUW,resolved_unique,1,f78fa84c0b34940cdfc8910ccf0c50ac
Vera Xavier#EUW,resolved_unique,1,e217616c64ade448d9069f621975a329
Swei#9026,resolved_unique,1,1ab50d4961582d52b49f5001f24d55e8
Faolan#Top,resolved_unique,1,e25450f0161b66257d95f640898fb802
Monsieur Life#EUW,resolved_unique,1,32498610215638e7eaee20a4a18b1aa9
Cayman#LFT,resolved_unique,1,bdc9e975e1d5797be28ee4806925b642
Revy#1724,resolved_unique,1,b2a7aaadddd595033ee8b3add6b4fad7
HOLY OLAF#EUW,resolved_unique,1,73d808823731ac3f2516eecd2ed0c3c5
Sophia Fung#EUW,resolved_unique,1,3730309b72752c3a5501f8c0cd9a3cc7
Prayd#KLM,resolved_unique,1,ec012c44e67a95210793005c5f4a67c4
Pendionum#PPP,resolved_unique,1,b77b7e4eab625f9cf6fbb1f132b489e6
ForssasRedroots#EUNE,resolved_unique,1,47eb4e342752c69d0d1850b562189c92
mig#zhou,resolved_unique,1,f052400a326eb1b5cbeb0123af36ffa5
DemonicConsultat#ionXD,resolved_unique,1,cb657ab9ace12e25c8ff8f9e8d65109e
정지훈#1400,resolved_unique,1,f3b9f1be9c4f066ced40a09dd15c4cbd
SEO Kanavi#EUW,resolved_unique,1,dd8e0a7caeacb9be387e8c49b27d13d1
妙木山寡王#Sun,resolved_unique,1,e0e5f60b778c5832250a1618a275032e
SIfterRise#AD r1,resolved_unique,1,add7b26ca30b731a04b700b079fa1be7
M E#EU1,resolved_unique,1,2805d3addd2b0bfbe83baf52d874a617
djukanauka#321,resolved_unique,1,48cb2ea610eef08e65454525d1bf4bcd
SoloTerrorista#EUW,resolved_unique,1,f8c465a4c61458f61467f70723f9efbf
needy slvt#art,resolved_unique,1,301e8e46e5405b77e32319c0d722dedf
Inevitable#3113,resolved_unique,1,f3bf33c527663038316c7f8aeb47406b
M C M X C I X#777,resolved_unique,1,e97550d24d9759369852b98f9d1618a6
JumpStick#EUW,resolved_unique,1,5265134ebda886fc6bd294ec03102b1a
Kaki#idk,resolved_unique,1,acb7d32f15f040f86eacfdcd3449c3a5
Getting Killed#GEESE,resolved_unique,1,dcd8403c3d13a149ec6f3a4173c0ca64
thegrimreapeer#GRIM,resolved_unique,1,9d2c48a4f666f03801a63fe38ac2c8a0
go fight#fight,resolved_unique,1,eb1e9b69a9152c11e172c6c83169d56f
Monerâ#EUW61,resolved_unique,1,a35593cfa87865fe596b9b62aca62cbf
raccoon jungler#zoer,resolved_unique,1,afa6f97e407f31ec5be2472aa9a45bdf
Sylax#KCWIN,resolved_unique,1,59d0272c54239ea8cb7462a2dc4fa6e9
HighestINTheRift#SKY5,resolved_unique,1,177f57fef92090424bc882c6f535fef7
ben#uhhhh,resolved_unique,1,036a56de87b47578eb30912e1b986e4d
pump#kinn,resolved_unique,1,a3fe08455ef8ebf976ef46b7e5c47208
yassamBnD#EUW,resolved_unique,1,5b3929ca4edb8f52d2803ece3dfdc81a
srbin u srcu#333,resolved_unique,1,d741ea6eee9d53fe1a24bd03b64da5a7
Mr Meeseeks#NLR,resolved_unique,1,098b2ddf3ce387b1312f51b9815dd0ad
BayHarborButcher#Doake,resolved_unique,1,ee14c894b046530b8795d15879c5c097
call me daddy#5119,resolved_unique,1,872e093d67c0ab0e0c173d8e8cea01ba
Goth girl#nya,resolved_unique,1,5f425818aad91f41d9135b3264d91273
TicklishTapir47#tapir,resolved_unique,1,edb84ea41ab635a0150c57954ca2f992
Wurstlöscher#EUW,resolved_unique,1,0b3f937541dcee22a1f37747a5eb2725
Kid Riq#666,resolved_unique,1,dc24dbed902c761113c6c949721a75b1
Entrecôte#DRY,resolved_unique,1,75e7d727c17c369b8f4367a445fe101e
Mimon Baraka#967,resolved_unique,1,b908b3f2e4a5697d33b31da5a6f49609
凤凰Hiraga#WeiX,resolved_unique,1,e1bce489e53e65aa471722407576331b
Fearo#Zehef,resolved_unique,1,f677db51c0ac17faa336e9bd357c7edb
PRESTIGE CAEDREL#LEC,resolved_unique,1,4c4c7751f36f5e7969f22470e97b2597
S8 is so good#EUW,resolved_unique,1,c4fb11b51a6db673398cca1a6832aed9
kaps#XDD,resolved_unique,1,6565f0ac64b2dc3375d4a20c16e4fd9e
Ascine#EUW,resolved_unique,1,6987b7e3973c24f5f39c55af78249aa4
Autofill Dépravé#CSJA,resolved_unique,1,0ee588e7702e6b88fe90ee161044ae68
Me7ih#5757,resolved_unique,1,478e2855795f8f5df8c3aeece63b8805
Kamciø#EUW,resolved_unique,1,07728eb1222fec5d1f9d750f3d18bd62
Sigma ShadowMan#EUW,resolved_unique,1,ed6ad68f80c8660da585ecebde99fef6
LucaAnce#EUW,resolved_unique,1,ade02fd630f045d04082add8770b875b
Rigas#5158,resolved_unique,1,2f4b8c11ade35863f4eca315fc85a77e
RS Schreinert#uwu,resolved_unique,1,e6e56e17ae9af271f923308e0371e38e
A kind of magic#12345,resolved_unique,1,3e667fca97ce3487746f552607c70d9c
INT8#EUW,resolved_unique,1,eeb520d0530f51efb6c278013bc2126a
Noah Rühl#Essen,resolved_unique,1,e970dab38cd6a059694ac78fdd629e47
MyTeamIsMyCircus#Shaco,resolved_unique,1,dac759b61800379dd7dd2eab2f046174
GLB bobberto99#Edo,resolved_unique,1,87648d2d7fc854a1466446522910d414
ShaMs Ξ#EUW,resolved_unique,1,c8aca7cd3bb880097f4942c54bc34d93
Gunkefar#DUB,resolved_unique,1,c7632e16c53b31d316fffbeacddda3c9
Bero#snus,resolved_unique,1,e8c490a357f818f535fe42fda86e497b
sleepless adc#Veri,resolved_unique,1,058f4b02e27887129f8ded9c6a401ae6
BAISSE LES YEUX#MCDO,resolved_unique,1,5aa62dcd47e10ce9a4f6bfeb64efd978
チしうア#4848,resolved_unique,1,bf1c1d74488bb1afd1f1363d1759617f
Im Mylène#666,resolved_unique,1,ec73543b19e4da9340865d43a0f94fcd
HynFao#EUW,resolved_unique,1,3e4dbee060884d3ec2b33f93a7afadfe
guyem12#EUW,resolved_unique,1,fb39cb4fcc71381e7981da4a37bee6d8
HMT SneaKyDark#R2D2,resolved_unique,1,d0c7ae10e05771a34c92bae6163f9a37
Yark Metter#FGC,resolved_unique,1,9c5b52a1d57d5a2d3a3b65bf15102ff3
Ferretto#Brodo,resolved_unique,1,da8d8691e1998a23126240c5870d56b0
Zorlock#Sreal,resolved_unique,1,508ca29c12c6c8a642f549be5713206c
ggez Go Next#EUW,resolved_unique,1,8415bf694a03eac5ef628f2fb594e94d
SoloQTrashParty#WTFXD,resolved_unique,1,b0dcefd3dd64379113b40032cc49fe9a
Le Τ#EUW,resolved_unique,1,a0e464faa6ae94ea567397e22506f263
RIP Lulu#Lulu,resolved_unique,1,020c1252f59cccbbe22f57e8fb78eaa1
Ambussin#RITO,resolved_unique,1,6f98e460c8f6d486f95ebe3080af9321
not me#xdd,resolved_unique,1,1a11cb196f1a110dbc1f65c01208af65
Argyrià#EUW,resolved_unique,1,f05af6ac8f7a5704cca8dd2e1b95c0f1
JoeloRobinOP#ROBIN,resolved_unique,1,4d7f433fd68545d30c98380722c610f3
Khaslana#4560,resolved_unique,1,81d54b2fb39bdaa96b812b146f0de261
Potatoze#EUW,resolved_unique,1,af74c7ab8928f0705077eee2299a7732
TH Berns#THITS,resolved_unique,1,a853d841943d9a4db6dddb09eb92380e
Nyson#EUW,resolved_unique,1,7193fc6d9ffdd09e1b53ad338836bd4d
Kroghsen#MID,resolved_unique,1,4b3c8b769330fee2a6c42b3b044442b6
Tchoupichu#PICHU,resolved_unique,1,bd45345da3b07c26d16798c23cb7137e
PAUL ATREIDES#1310,resolved_unique,1,0260b2aa02f8d8b585bcbba469f635a3
Pepervew#EUW,resolved_unique,1,d2c02c14b8877ba50fb97a39ad685f42
danye#0001,resolved_unique,1,be83c0c54a5bdf8b07d63f716941beef
miyosi#808,resolved_unique,1,8ccd2e5265200772c02aba2155479a79
Jersty#zero,resolved_unique,1,16603e744ae0fcdcd15088f5357f1cfa
Pride#1964,resolved_unique,1,1f620fea2ce858f15827ed11a7a89327
Telior#393,resolved_unique,1,8d45c8b9b982233859f3c144df20ee82
TNT Trollmode#EUNE,resolved_unique,1,f11af9bc4be4cdc7134b864a0d27a40a
ｎｙｌｉｙａ#十十十十,resolved_unique,1,2af5de9be06548e3611ac184c9fc5359
uncessary#2698,resolved_unique,1,b7cd1d43ebc83d8c2ed61b39df6ef1d9
DontTypeToMe#FukOf,resolved_unique,1,a62d9d5ace9e9826261b2f763aa0a2fb
mkmak uwu#EUW,resolved_unique,1,6e4bed19731143cc192b7741dcdb460b
Enotesra#sevgi,resolved_unique,1,2af20b431c7c3af32fba3dd8051ea1bc
Paya#EUWFR,resolved_unique,1,49b2f7a81a49cc3876a4da2c9f0f44ed
spaltet sind#skizo,resolved_unique,1,625d516ee53d836b600b69850c5d663a
respect for me#1907,resolved_unique,1,72adfce8eac0ee47b4fe01730a198e28
txwnboy#coach,resolved_unique,1,0dbb5489d751806f08cbb817b3e93fd2
tktenev#APE,resolved_unique,1,9577ac308ccd572d4a43a4e3233f7b45
Dajinn#neck,resolved_unique,1,a71aaf005b797a7297033ecb6056c6fc
Chickenplay#LULE,resolved_unique,1,6a8c1274a0389b1152bb22f27eba8646
blendushi#EUW,resolved_unique,1,e54f0fe6694352d919bfdbf7db05746e
MyMûmSchizo#EUW,resolved_unique,1,bbe6d8c23079e878f941a51fdb90604f
MH6#777,resolved_unique,1,6e1241f21c7ab5ed2e2f00f59431da4e
Sus acc#EUW,resolved_unique,1,c829dda487a67139e9d19a0a1d7d0fff
Protlak#EUW,resolved_unique,1,220247ce3129aa15e9cedb971834bd27
Supper Polm#101,resolved_unique,1,d2f168f369d236c72b4e03ae9c571325
Xolés#BACK,resolved_unique,1,eeb74c5d0aae2e6e5b6e3e8136dbfec5
Dzieciuch#EUW,resolved_unique,1,66ee3c0a05df006aa1bab2b1ec46a848
Xiao#Lone,resolved_unique,1,7659bd26b1cff5ce73a4cab5db9ed4fa
º487º#EUW,resolved_unique,1,ec5ba32c08586331ff3fbbddf07cd217
MUKĄNJYO#TREE,resolved_unique,1,855aa76491dbaa3553fbfaefb2b81aba
金某某#1201,resolved_unique,1,9e84c7296535b61db6080c5e07d2da07
Kuro#00009,resolved_unique,1,40d8c848bae17e51c419a111bdea180c
fortnite kiddo#BOXED,resolved_unique,1,e6b2b9ccd182b5a8ff6d90eea888720c
Idotho#3755,resolved_unique,1,0898182fb3db5f71c8a0f57e4c7731d3
prenpe#prp,resolved_unique,1,d326b10084f7acff19271264f8ad9f8e
Free Paco Sanz#420,resolved_unique,1,fe323e78436cbb51ec4e71d7e9e42d38
adiShow#CNCR,resolved_unique,1,ab26a0ec5ad8f22fddcdcbf4d711abfc
auwowafeet#bunny,resolved_unique,1,b2866a82f43ad683c911e26554b7d5c0
Senshy#0000,resolved_unique,1,48147c3ec69c955f4bf14f36a49ecd49
xwqshudbxahubdx1#EUW,resolved_unique,1,e6cf2e817466872ee11b183f641572d8
Læskedrik#EUW,resolved_unique,1,ae4f4e9e1ebe7fb29398b494d9e04c0d
Rhiannøn#EUW,resolved_unique,1,4c9dc4eac2994db0d467992c9c692d0d
ISkarI#0000,resolved_unique,1,430428ee189ee34f637524cd34718ec0
Mixiii#EUW,resolved_unique,1,cd94b456d5e36dc2d5fb31f69abc7903
lemme posses#isdle,resolved_unique,1,92de8bfee4197a2b931d016d6faed32a
Barclays Bank#EUW,resolved_unique,1,8c54e376377e34815a7ff9aa522b153d
LostinTea#EUW,resolved_unique,1,ef43226ba92186ae473d5522fdaf8aa9
VielGlueckLoL#Glück,resolved_unique,1,b8ec8f11bad74d60d847f454be9acb38
bddV#EUW,resolved_unique,1,7e6bb614268834f086247062fc5cee45
Hanneby#2244,resolved_unique,1,ab2a6105ae6e57637767d08ce0f6a968
Apaise ton cœur#Eve,resolved_unique,1,041ef3d554a635d787bddae0dda2d539
CaptainIgelz#EUW,resolved_unique,1,658c2f1171911f76cda7a8af2e180298
Forgotten#Ainz,resolved_unique,1,813d4a9847a4ab4f8806279d9ca15dd5
LULW#EUW,resolved_unique,1,ed9390f3fa7031ceb98f33a86f5e75e0
PapadaImp3rial#EUW,resolved_unique,1,fc39d1f61b870f5eeaa113becd3d495e
Investor#NVDA,resolved_unique,1,136330ec357805035e449e65f758d332
TLD1#EUW,resolved_unique,1,022ba9e4baa7bc74d364abd0ad9e39a4
Łose is improve#EUW,resolved_unique,1,bdf4382f0a7ec7913607751317548f19
Phalanx#aegis,resolved_unique,1,2aa74c3c26c4e18a711578bf75150dee
Ggrrrrrrrrrrrrrr#rrrrr,resolved_unique,1,43cf3c133383ddbafb89861895f1f855
Danvidex#EUW,resolved_unique,1,d12e3a23761e8a7e909109e7d77974c9
Friendly Meep#2495,resolved_unique,1,32e3f90bac7827ed194f7384fa678821
Transgender Muse#Bαbe,resolved_unique,1,7bc2ee119e9be52656e2860cea512725
Lucky Seven#LOTUS,resolved_unique,1,9fd78f1f2a7d7428a1ba18341f39e752
Shido#Meow,resolved_unique,1,263a7b6a768952cacd3017a1045915b5
Lopimaterkus#EUW,resolved_unique,1,e1c27a2b79274503b9ac3971afc186f5
ZeeQuck#EUW,resolved_unique,1,5c1b493848cc2f0508ef3131315bdecf
KC Anoniymous#EUW,resolved_unique,1,354d983d636f0b5b0fcd54c1b0f3b4cd
Alanroaming#QVA,resolved_unique,1,87f880ab2d0a3d7726fcbb9c16d4e3fe
CapitainYorlde38#Bière,resolved_unique,1,20301975116dbce32b17c3aa19caf1cb
Shentaı#777,resolved_unique,1,a4320be9ea698c35eafe937e6c865d0b
insignificant#xxx,resolved_unique,1,b46f0def2634c32867005ed6636b3f0b
Yausen#woof,resolved_unique,1,5eb893208d054afa59f87215294a0351
Hùrt#EUW,resolved_unique,1,16b7f8c4a36fccf58d159486a5d1201c
Captain Cap#EUW,resolved_unique,1,f47b0aa1f772446c6595286ec757a867
Honda Prelude#5GEN,resolved_unique,1,733725ac26b38e39bcf6438708b75296
Inter Winter#EUW,resolved_unique,1,b66f34e747636ee7d6af955edb6b39b2
Zondia#EUW,resolved_unique,1,736ae37e9cc7cc10ade1f0f0028c9bba
HikaruNG#EUW,resolved_unique,1,ae937600a0c3946b297c7a53fa62539b
Epsilos#EUW,resolved_unique,1,f78f3f8330a54f8308cdf4c266096c98
bronsk3#W2B,resolved_unique,1,a94b50e0ee599a4334a918c4c9570871
Nils#Raze,resolved_unique,1,d066ced4d8f19d1ec41b601ffb1f4600
Thegloomydreamer#EUW,resolved_unique,1,1a71d7238034641bcf02b59fa62e2e9a
Haru Urara#ウマピョイ,resolved_unique,1,29f3827338610a4b6d94d2902591c3cf
Muj#6969,resolved_unique,1,75fcfdeb1b7949221adde80ae551a69e
Engel#Pig,resolved_unique,1,7262e1972cfa593171778d83515acd03
Natte Augurk#EUW,resolved_unique,1,cc16d86dc2c5aa4f68c60b702a7285e8
HNF Mouzz#supp,resolved_unique,1,2378620090f7b5bb0ab2d992035c6a9e
K3nnyyy#Itzy,resolved_unique,1,dc7b2879b1fb1f944659f27e9c921c0b
s0cial#EUW,resolved_unique,1,cef725e87c44ab76a2015afaedc1d4d9
notice#jek,resolved_unique,1,094664ba5c5565a78f436f2dd4e0c952
Deadera#EUW,resolved_unique,1,ad8bdcb2065a5db319509787030af1b2
Mecqq#0815,resolved_unique,1,28be55e3a09d318bf5576a5568433dd6
Gh0st Guy#EUW,resolved_unique,1,2bf0c58da5959b8309d9aabe23bfcfff
Artick#97400,resolved_unique,1,7cf6b207183ab8b3f27b4d2639c9fc41
Mastercode#EUWDE,resolved_unique,1,8fb8f5dd8d975050a9ba04b5ae624423
fico9#brate,resolved_unique,1,8e8e952751745f36e617344fc6f4ae76
Mussiah#EUW,resolved_unique,1,af310348775ce8d227411122b9b0025c
Baguettestange#EUW,resolved_unique,1,8adbb9587504690d641135208f914336
Esquvidu#yElmo,resolved_unique,1,5075d49056d2e759f4053597c78c738e
Easydrino#EUW,resolved_unique,1,4ee296a8fc97499b2572a569ad8874ad
Loygi#EUW,resolved_unique,1,18c4d46a018f2e7f1923936f3c48c668
Hati Hróðvitnir#EUW,resolved_unique,1,89fedf01a431c9f023d73e062198c380
Fairez#EUW,resolved_unique,1,5d6834997e7c197d734a87b5464ed2f0
SupremeSchnitzel#Soße,resolved_unique,1,918857b206c995bb8d58b37f2360b071
253#天上唯我,resolved_unique,1,ebeb709327d5b893e42401045bc95e83
Melover#TTV,resolved_unique,1,7a463bb69c556b0e6fd5c702c09a10ce
Smerfik#2008,resolved_unique,1,0dfd923ce860a4efd90a3ced2007a895
Gazprom CEO#Gas,resolved_unique,1,393beb429e3af73161da914db9fefed0
TurboTilt#Toxic,resolved_unique,1,d9feb3f34c17f2d104d185e0ee5fa5c6
SheIsCrazy#lyana,resolved_unique,1,cd18c32efb78c76fe9860be9edb7081c
Nobody#Wind,resolved_unique,1,3477c77af711b82a7dbeefa315629a63
ISTORICHESKIPARK#KIRO,resolved_unique,1,7f9d9287d9a0b532dc218759770f8be2
Feonnaedge#3732,resolved_unique,1,e2a682873a7f33c2c466fb7519552f9d
Allancil#2347,resolved_unique,1,f270fa210a5e1b10602173a9f20e834a
Staisapunciorapi#11111,resolved_unique,1,657583705cb5e8bd398ff20c85042eb6
fall in dreams#999,resolved_unique,1,d013e39be23b15ddcda2a010a386616f
Ero#LERO,resolved_unique,1,ecfa712637800edc0b9b20ba9f9dd506
Sinjdlor#9331,resolved_unique,1,983b25b1c4e6a2356d19a00ac43fe884
cheetos#crnch,resolved_unique,1,f8ca58b476434c1dc5905ed2bbad9d3e
Princess Dracena#EUW,resolved_unique,1,dcbc33eda3d1c0e803e88c8e903a5b56
Pokojowy nob acc#EUW,resolved_unique,1,e29ead95e2ae1634a6fef00f1a6a5943
frontalais#EUW,resolved_unique,1,ad0a7b5619d3694e688f3cd0d6c2508b
Shun#6974,resolved_unique,1,ec81e281a4998c2e33c2940244c6ee23
Dennis#KD1,resolved_unique,1,db408605f840a39a89740c3b9a11d634
Xylemflow#001,resolved_unique,1,4bd7c3891800fa8cd8a5942931b9a598
zweihänder#zuzu,resolved_unique,1,02d39670e2bddf6595ae4103c81f2cdc
Morgust#999,resolved_unique,1,85dc4192d3add81e36d99c3182e31dc5
hawolt#000,resolved_unique,1,625e0792573c4b7e86023ea0af5710ac
Espresso Hennesy#LIQR,resolved_unique,1,e71fc1ed6fe06fafe8a35f3d68b2809d
Tore#Dawg,resolved_unique,1,c69d5452b131301d5bb6e6e52e35e7ed
flushordrush#EUW,resolved_unique,1,7cd32abe2e14fdd55f1bb61a329a7a6b
swdasdq#stq,resolved_unique,1,8f56856ad59b2dd6d6b3807c32b0cc41
Spoklate#EUW,resolved_unique,1,665f8a9d79fabf5909041a613b0ab11b
Toubz#QLF,resolved_unique,1,32f65376e05c2da47b0b40f5d97c2cd0
Kiłł Security#SHHHH,resolved_unique,1,7a367c46b938c54896d789ee0effedfd
I miss CryHawk X#MISSU,resolved_unique,1,fc02201ed83685c8570380ad89ecb351
MTXVG#MTXVG,resolved_unique,1,81beeb97cffc522fec426b76b1c1218c
yorushika#000FF,resolved_unique,1,9b6ee0b4f224a54f02f023d91751d1df
Katarina Nobels#VIH,resolved_unique,1,b1b7541073ef23713404a8f2ef8064b6
SolOqViCTiM99YEP#EUW,resolved_unique,1,657f9b853adf252f77de868d9acceec4
Freerunner#ITZY,resolved_unique,1,e443bd447537262774a493a616ad49c9
GIGA CHAD#GGGGG,resolved_unique,1,31dd9f850b9874aa607f1dad17042436
DaaBeast#EUW,resolved_unique,1,2d29eed42c0bb31a57492f0bf55df5de
Crustyy#Krab,resolved_unique,1,b051a503972ee7b49c713361053af073
Good Pancetta#9779,resolved_unique,1,d86572e99db33c372493e095c76b24fb
ka1zeNNXDD#999,resolved_unique,1,c42a169d269745a6578363a60d54d214
Tideripper#Purge,resolved_unique,1,277c48ed1b0b7c52dd108493aa8e31b3
PoN#8255,resolved_unique,1,459b3136b6b74fb5ecd4cda89510fd26
Senitox#EUW,resolved_unique,1,0562269b7b1f2c490ff3967eb44350ea
GoonerofCoom1#7000,resolved_unique,1,91ff4ab77856b01ee4d5645cef0915a1
Yagt#EUW,resolved_unique,1,52f490d83aeb9846cb25635c68636c56
DosWeeDuLee#EUW,resolved_unique,1,faee215fe63c6423c50d2c5386b589e0
asxiudsjduiasdja#ooo,resolved_unique,1,e4da807452fddf06339e917d9ea35697
Baba Yaga#EUW33,resolved_unique,1,0bd803e90cf29cc660c47ca26b2bb2a8
Cal me John Cena#EUW,resolved_unique,1,8467d4e3558041bf0bccc5a44d11dd25
Roo#Sup,resolved_unique,1,ff6060042cef03f3e5e5dd1297043095
JsuiUneGourmande#69UwU,resolved_unique,1,2b4ccd8cb2c555e9e485d59ab920b6dc
Akshan sama#NA1,resolved_unique,1,8c3af9920601e25843cc08caba3d50f2
Freehun#EUW,resolved_unique,1,08ce01cee54a580915f96ceb622d6ffa
JES Krymar#EUW,resolved_unique,1,9a8ea45996560cfdbd08257f7f4d9060
Cursed Mid Laner#EUW,resolved_unique,1,814912abaaaf944f813b06aaa5042c22
Minji#peach,resolved_unique,1,9f5352923ab921e6e345cd97dcdc56b9
Zelda Three#EUW,resolved_unique,1,44911dd34d5794e51931e5e5edda7c01
xX Tirach Xx#EUW,resolved_unique,1,cd0c0f50b66bb2b78c9ba057eea9ede6
INFLATED ROLE#MKOI,resolved_unique,1,ab6afeb19a49d7c86e4f08e884715c49
Maitre Shacotier#FAUST,resolved_unique,1,5270138525475e4d21b1bf4d817a6020
Tourist G#EUW,resolved_unique,1,de75d7cd616d9fb5729953381090e035
TenaciousT#TTT,resolved_unique,1,95256119e10017d8159e0396e167ce4b
OPH Rayvira#TWICE,resolved_unique,1,30f699ad5b586ba7741b8cb4b91ef33a
Become Wind#sven,resolved_unique,1,48c4742db1fe4fed7b53046f87cb99a5
ProGamerLeagueOL#EUW,resolved_unique,1,f7256c0663945653a0a1ba03dfe07c5d
Khaith#EUW,resolved_unique,1,2090e31c8bb89e3e10d1388593a58c67
iWa#3159,resolved_unique,1,a938ae8c152f63526be17c58a444d6ab
Anoying#1600,resolved_unique,1,72b267bf60dbc0192f428e754c78902d
E Y K O#KR01,resolved_unique,1,93a6a78e58c5cfce2ea31679faf60556
Skilligonzales#EUW,resolved_unique,1,db7df69788ed17c938b86763fe238117
Queeny Lourson#EUW,resolved_unique,1,96ee5005c92982318f349f363b23ee30
Dr Sacamuelas#EUW,resolved_unique,1,8339699b00ec01e24ba4b6f1d5f73ae6
H3LlB0Yr0Gu3#EUW,resolved_unique,1,b6165d5b403c350cb43c288d25aee3bc
Cyrheal#EUW,resolved_unique,1,7173332ee7ba5b53250059964382b320
LPG KiteAdc#197,resolved_unique,1,721a1d19cdbb4fbc0aa6bd2c334d86ab
Jaydona#5555,resolved_unique,1,eed91fac721a146d3b1ebe5585fb93fa
Soul#342,resolved_unique,1,c697001946d2792d4ce9a77877834f70
hawaii#1v9,resolved_unique,1,53a95748c10d14272f15e497a0aacaff
Lyless#DLC,resolved_unique,1,8547060194c982f5143ca55601ae6d79
Zade#JTX,resolved_unique,1,96a2e6963d962242b4fc18275ce2a919
Yasuuu1#PZz,resolved_unique,1,b1a931bb6db184b175d98b500cf3e9b1
SNZ#live,resolved_unique,1,35fa7cae84678650aba81addc15119ea
Rosfield#B99,resolved_unique,1,7d85c5e30dd3784bc843c36e38a97632
feel#ppp,resolved_unique,1,dd671f1f8d48e5b801936b43020c8683
LeafRoz#7089,resolved_unique,1,4a48c6565c76da78b1f41cd9a979928a
drunk unc#vodka,resolved_unique,1,feac53b46fee83a7b1807f550cc8aa07
NeatBras#EUW,resolved_unique,1,262416a087fec609fa47a533cd96e5bd
DearWolf#BACK,resolved_unique,1,56b2fe96164f030401a5e5d4c24676eb
Zayn#8849,resolved_unique,1,1d38dd7ce099845ac0b9e2938f2cb94b
ifapeverysunday#EUW,resolved_unique,1,d2cdf4c9c7e81c2e0dde5b7fe4c4454e
Franklin Saiint#brick,resolved_unique,1,2b22da041db5b457eac04c323fc4edee
이제 죽음이 내 길을 걷는다#내 거시기,resolved_unique,1,00a967ed70cf7c2d856f3d0be0bd1e4a
Second smarkman#EUW,resolved_unique,1,fc5c8b0c970111569b33fb032c843328
DICKSLAPYAMAMA#Rat,resolved_unique,1,f9cd3373f72401e19adbcb06889a33ab
Minecraft Wither#BLOCK,resolved_unique,1,97431e944cdc5797587057e5d715b07c
Natsuki Subaru#him,resolved_unique,1,55d4487f4aa0d5cf2ee82299d90e0bf4
Love KDA UwU#EUW,resolved_unique,1,a584662db5b0655cb6cbac864e3b7a54
el Pistolero#VTP,resolved_unique,1,ccaac562ecaa048de61ef04363c6e131
Yousséf#ALune,resolved_unique,1,0911d5a91fc12ae5eab5bc6b737f886b
Ønea Børn#TR52,resolved_unique,1,c6bc07d924810bb8ce726846b0ba0704
Guter#xdd,resolved_unique,1,aba0283b6d3684b8263170486d6e5f88
FOREST DIFF#EUW,resolved_unique,1,877e2b79fe07bae1437810f6b81c261a
zequs#egirl,resolved_unique,1,20727a82aadfaff055c55984452f74e5
Reosu#7107,resolved_unique,1,f78830b8987b15d3b304ce192da52871
Evgenij Zavalnij#EUW,resolved_unique,1,d1b474791df52d338b1756e4d78ef595
FranssonV2#EUW,resolved_unique,1,b52847a035dde74cc8fd8558b04e5987
dIbZHarry#EUW,resolved_unique,1,7a2ff483332b916006109426ce45d608
chharmyyy#xdd,resolved_unique,1,2bf57a322e3e4a9bd90e78b617d13c03
BA Montana#KOTS,resolved_unique,1,a21cc18d7ca6059f42567ebf807ab174
Esthedel#EUW,resolved_unique,1,5ae1b5feee10296217efb4ca8cb1796d
Metr Párna#1073,resolved_unique,1,8301ce720a6c24c1eb58f79644aaa25b
OPH Ugo Lasticot#SUPP,resolved_unique,1,166cbd21d1ccc40223f15bf0c66ccfc9
NPCELO#NPCXD,resolved_unique,1,0ea524dd0e25648e84721fa59918d423
Paardrijden4life#Meow,resolved_unique,1,235f84366d6c92b79dee1e8222697523
pacouu#1234,resolved_unique,1,e3c8595c5a887b185ad11cee6b0ee9e2
skyztrix#9999,resolved_unique,1,455e532a556fd4c7ea0d754e821073c1
Troete#HUSO,resolved_unique,1,bc6d153ab634aaf1226b263ed0aa540b
Минотавр#HMG,resolved_unique,1,e76498a6f082d0268506dd58cd419b27
γαsuο#EUW,resolved_unique,1,843a24613bdb78b06b18961e15bd81a1
Big Johnson#BOB,resolved_unique,1,c8caa10383af94a5be8205c943cff4c7
LarusMG#EUW,resolved_unique,1,a76a3b995575af215af27d688ada88f2
letricoda#EUW,resolved_unique,1,f01510242252ff0258898343aec3a098
fieserBalthasar#UwU,resolved_unique,1,94d6e5e66f6e58277d7473db8f0221fa
JungleIsDestiny#EUW,resolved_unique,1,444caa1486369fa38ef2dec02e2aaa6f
izebs#EUW,unresolved,0,
Tyrox#54321,resolved_unique,1,ec1e9cd0fea127d967adbc45a72554af
Yousef Hamed#EUW,resolved_unique,1,646b1197ba7e022468f032af5c3b316e
Chiara92#EUW,unresolved,0,
Likimo#Kąth,resolved_unique,1,4adb5011fc8ed6e32ba0b326b732a06d
How U Met My R#EUW,unresolved,0,
mudlifee#EUW,resolved_unique,1,d6c89a10b96780b31ffae303e4939fd3
Mundo480#EUW,resolved_unique,1,db7a4e1636239eed8f79692165006f1f
bInZoUmBaBe#EUW,resolved_unique,1,928ca59b2b901e2d09c29b057637f271
CRAZYHAMBURGERXD#XDDDD,unresolved,0,
1492323518#EUW,resolved_unique,1,4f4ade1011bdb94d1605b1090e21a24e
VAREVICK#EUW,unresolved,0,
Grunkle Stan#FRAUD,unresolved,0,
Jefrey Fentstein#KIDS,resolved_unique,1,629fad609a695956ee798ed0a1b78b51
MonkeyDNats0#JISOO,resolved_unique,1,d78c5906a84f63844217255b6df1ac95
Little Yue#Yue,resolved_unique,1,c1e6550498dfa772529401bbbb3474bb
Izce#ARC,resolved_unique,1,fa929f81bfcbfa747eb1a5e11ecaa12e
wellaway#1369,unresolved,0,
Jiacheng#8255,resolved_unique,1,1d1f94cbbf65221f0fbdd224da56f374
Dat feeler#EUW,resolved_unique,1,f42b442f9e6372ffcb1f87898271a7dc
Statz#EUW,resolved_unique,1,9902994433286a24368620924a92a516
Ashenfrost#2727,resolved_unique,1,563bef491ebdf67f12ac2558e4a9a7b8
TroublePhoeniX#3530,unresolved,0,
vanilla face#bilo,resolved_unique,1,9aec90690fd600751d2480a87d58a50b
Profetaq#EUW,resolved_unique,1,a716d8406dad3c520dbf7e5778ee8905
Ghost#13323,resolved_unique,1,fb1f5504ac150be666fbb7bfff404401
EdgyEgirlBooster#uwu,resolved_unique,1,03e499487f4e6d903fc27f194ae5e3cd
freaky movement#freak,unresolved,0,
TyrLess#EUW,resolved_unique,1,a14dff078212a0bd1c6cfe694ef7edfa
RandomPlayer1#000,resolved_unique,1,b2482dae84c2a4c0676e9c7cf8f47b7d
Stormpie0123#EUW,resolved_unique,1,b83c709523ae2b7c069ff2618a39b06c
Cétautomatix#GEH,resolved_unique,1,faeb897f969450af760b26a5fb9a7fb1
Shen BeTa TesTer#EUW,resolved_unique,1,8c93f47b23731c95345e0fa5e7a22896
TORTUE BLEU#NINJA,resolved_unique,1,34136f6caf00988ea749642153e3ecdf
Xenon 09#EUW,resolved_unique,1,aef0cf9d9365c334c223cdf9c1981803
AFK OIYUI#AFK,resolved_unique,1,b74e8a680d7288ab9a2d920aeb2fa8c5
WorstShacoEune#EUW,unresolved,0,
Capitanialex#DIDDY,resolved_unique,1,d82b2a55b4d2a60891796967707789d6
DOES Falcone#EUW,resolved_unique,1,42ec986ace49e9bbf24d7c684ee91d4c
Soviet Lux#KBZ,resolved_unique,1,e2c00af6cbfdfddf8676aa0f630ad2b5
Fisterran#EUW,unresolved,0,
girthy kog#haha,resolved_unique,1,daecf4f5f63a4a2af3100b43cca49d1b
Zhamros#EUW,resolved_unique,1,4922c8c97ad760b2cd9693f9cc1b11f7
SG Cyborg#EUW,resolved_unique,1,97bdb87bd05740af81a05fbb30d0df76
pixel shacalito#EUW,resolved_unique,1,07f7ce9306b76adea3af98ebe8bd65be
Camouflagge99#19999,resolved_unique,1,4989da64af9e86cbc7f236a546b26027
K0BR4#K0BR4,resolved_unique,1,11d45d5a833932a549daf53990e8fd5d
Timotz#TOP,resolved_unique,1,dbdfd3b58e6ece9bb4bf3bd5706aab4b
xyxer#EUW,resolved_unique,1,4ba194b9adb116d48fb21b80c2a11b84
Scruf#EUW,resolved_unique,1,5c0a55a68d49cd1c7f227c3f9d8175c7
Carterlad10#EUW,resolved_unique,1,768129d3394a20b28a599ca4573189c0
Res6stenZz#EUW,unresolved,0,
Kabeb#EUW,resolved_unique,1,a9ea714058de67d658160c11a9096082
Crazi#EUW,resolved_unique,1,284da81cdcddae8e942e949e103c828e
Fattyweedz#5336,resolved_unique,1,a56a2e7ff75755722ba43e89555d0cc3
Sieyyouh#CAM,resolved_unique,1,ec0b295e6ba347648728bfd873e3f34c
T1 Dorat#Rat,resolved_unique,1,ac3c751817f285017fbdb2425c5b878c
Kn43ckeBr0t#EUW,resolved_unique,1,b30e6762ebd5c84d3ffc68c810b80c84
Tacos Fliper#EUW,resolved_unique,1,e8bb16400a19b82682955455db8d456c
BoT RenGar#EUW,resolved_unique,1,492054e69ea3417288231be716659260
Maitre fukasaku#EUW,resolved_unique,1,a50cb2a5e9b284c03b0a70456b4da877
Gabrur#EUW,resolved_unique,1,ae826fcfc8d80fdc0b12605c6a96f155
Fenris168#9159,unresolved,0,
Oliver#Villr,resolved_unique,1,10fae9dc9d3b06c3b9040ba468e53d9f
Quien fłex#EUW,resolved_unique,1,e148097dcea2d13b78256db9dbc9a684
moþ#EUW,resolved_unique,1,6ba1b16a5e18e65fe7dd6d148f788e42
The Glorious D#EUW,resolved_unique,1,f74a11dee7de2cd488e6e32dd6f29a8f
iQQ1035716422#EUW,resolved_unique,1,fbfedb5f840b0904a71351443b7e3c16
Twilty#EUW,unresolved,0,
GUSWIN#WIN,unresolved,0,
TNC Presuntinho#EUW,resolved_unique,1,a309eff6c9c11ee048c9751d5594c148
KattMekanikern#EUW,resolved_unique,1,994f1d3f2cae1abc40e48effb2d9d9bb
MeeMaw#EUW,resolved_unique,1,3d10afca2c8c28bb4732d0f3016b761e
firith01#EUW,resolved_unique,1,52c792c7cb3399aaf82225e959e8a83c
IxD4rk#EUW,resolved_unique,1,21d99ce3e2cebdbfcf6158167231fc9c
IvernTheB0neless#EUW,unresolved,0,
Bot Covid#EUW,resolved_unique,1,d0fb45a66c11020d0274efd7c85a8f63
Legeera#EUW,resolved_unique,1,9ea9d79b3ebb2a079ed3efdfb32ed2ab
Men0s#EUW,resolved_unique,1,f1ba6fc69c6bbe1271465bbfe964ef3f
Brilloee#EUW,resolved_unique,1,a6730c9d4fe5c25e8450af326c5a1851
Kanwelspellekes#6400,resolved_unique,1,8bac3ce977dcd6f2bae68a79c515b293
Bichon#EUW,resolved_unique,1,426fdc0f057928fcbd1830d3e0df5cf6
OpTiCaLs ErrOr#EUW,resolved_unique,1,7d92b758c02803d7937122c109b89f98
petri#xyz,resolved_unique,1,08b8f636c6cf579d7125d5209e189d5d
CZAS ROZLICZEŃ#EUW11,resolved_unique,1,d91e047b25d68f6cebdae25066b16816
Mausollos#TR1,unresolved,0,
War#Noxus,resolved_unique,1,8354384874a613e69e06cecb8ff09f8c
JongCuchun9#123,resolved_unique,1,adbf53c5a04032562d9b3f91a9a40c04
Rıyukz#666,resolved_unique,1,0dda531321b22e27bfcbbf51de006532
Tnearanic#6546,resolved_unique,1,9fb52ce49808e3891a81cde7abe46cb7
LoveJuno#永远永远,resolved_unique,1,c5b1213096ea8797b76215e059b5c531
SnipSnip#12345,resolved_unique,1,717b169e2bffd4c8f77ab1926a82f45f
Naan Pand#7487,resolved_unique,1,c5873183cdc86265f111d68e6a87882f
ILYSEVGBIDKHTTY#R2 70,resolved_unique,1,df0d6cc76a3052d76118d9fbb4323c24
Imboosted#hihi,resolved_unique,1,4ee347393f2f38fbf56a688659dff677
ITS NEVER ENOUGH#AESPA,resolved_unique,1,1d370f5d67137c5d5240da9306236163
Hunky Dory#2485,resolved_unique,1,22743e670aae1ecc61596b5652ce00c1
Rehab#Eww,resolved_unique,1,2c5c544447f213e9d382318f0370ed92
Jody Bernal#4773,unresolved,0,
yesiplaymalphite#12974,resolved_unique,1,b8fb5333941e075e09b7a81413686994
Ada Bong#123,resolved_unique,1,012e7aa38eb534e8764708ab03279dfb
Hanudeng#1611,resolved_unique,1,a7eb82c3765aa5f0eca1c63a90f38272
Bombaclat#fent,resolved_unique,1,514d78bdf02e3c8bf531e8fae65da141
ililililililil#euw2,resolved_unique,1,d24fbea18cb0394039e4b52295262a73
Arthur Dayne#SOTM2,unresolved,0,
1death10push ups#8529,unresolved,0,
Nailliam#EUW,resolved_unique,1,03c11dbbe9e1dc55c6f82f7b261e64b9
l Duran l#EUW,unresolved,0,
DONKEY KONG#blek,resolved_unique,1,2fa72be69a8f4997925b18ec0251d03f
I HATE IT HERE#ROPE,unresolved,0,
FatTheMentos#KEK,resolved_unique,1,bd6f7a59228703b3754e0282dffb0257
디엔씨 쓰레쉬#DNC,resolved_unique,1,2fc6410ed2043aa820771c8c89bc9b9f
50Ping#MAR,resolved_unique,1,349ece4d2e9e7a2cce05f70ede9ba8ff
ОПАРЫШ#XAXA,resolved_unique,1,39584029c2e09d1f79665f40e545a6c5
Johnny Somali#Parti,resolved_unique,1,d451ab17a6823d302577d93492e08832
Annolansyg#EUW,resolved_unique,1,86f43594df5219e07b034ff580c30dfd
Pislund#EUW,resolved_unique,1,aad0705e6e9a4e57b2e005c33c370257
Shanks#到宗师改名,unresolved,0,
Laikenti#EUW,resolved_unique,1,296bee23a8c0d33d9dab457488372c5b
Dipsy The Gipsy#5462,resolved_unique,1,40c26bbd8de68974e4a6c3e146a99cad
篮子KING#000,resolved_unique,1,97205007c564be74da3e9dfad61d398c
멘붕봇#ADC,resolved_unique,1,70e001d1e30a24503588837152f2d3ed
edcbyevl#EUW,resolved_unique,1,b7fc08b0625d26d6d7036e8768aaf8d8
AKA Kotem#EUW,resolved_unique,1,467f83a6fec3d4a10ee49558a2144b86
Cigarro do Camus#ABSRD,resolved_unique,1,6fa0f8ce5265a7f9e9957229ed763491
Kindred Spirit#diff,resolved_unique,1,b158eb5d21e79cf7c73a99f3d977c3d5
SPACEGLIDER#HAHAH,resolved_unique,1,c297165d0266eb22956f541399387c39
Vaelin Al Sorna#545,resolved_unique,1,b46a3012fd3ff9a28e79a38c19d5a1b4
Turboświr2011 L9#EUW,unresolved,0,
jzafez#EUW,unresolved,0,
Aki#574,resolved_unique,1,6c40093d5a8aa5404a9673644d1c039e
Mcmr#Kazu,resolved_unique,1,3bb05a3e7414131979889fbbc210520f
Ropezop#ooga,resolved_unique,1,343d7c410564ab78b0622fac37eb62ea
iG Yanghai#EUW,resolved_unique,1,2436ae9b0ce5e88ff9261bf322e7a267
FΞΛR Lilith#EUW,resolved_unique,1,522cd7de3f3988a1348744eb1723a265
Ezztuto#EUW,resolved_unique,1,e08075788b60993fb9c3bb60c33d1558
DorisyCuBaG#EUW,resolved_unique,1,eff5376270f488cf07595b9495e01698
Hakai#Jihi4,resolved_unique,1,8867eebd06b036f56a317c56e481598d
Buried2FISH#FISH,resolved_unique,1,a89295c7d3fc24a75146f9b2b7a90447
Wo ist das Gold#EUW,resolved_unique,1,384586c74bc1ef27f2d3b639fedc21c5
FemboySmasher#1112,unresolved,0,
Bigger#EUW,unresolved,0,
dcdidntask#EUW,resolved_unique,1,ea98f8d81de0388319644a67cd53c52e
imRegarded#Balls,resolved_unique,1,275557639f7b0300d5d8feae4f42326e
PSYCHOGENESIS#NOFF,unresolved,0,
Death Knight#21212,unresolved,0,
Nicο#EUW,resolved_unique,1,e71265dcf84c9193c3c785c26a64fd58
NinjaCya#EUW,resolved_unique,1,e1aa12bbddfe6892df1b166136115714
R1 Blind Kat Top#N TRL,resolved_unique,1,55999230868bd845c807e3b3566a4eda
ramona quimby#EU1,resolved_unique,1,a8bb77b6ca671d7ae9cf8f861940fdbd
La CoIIe Mouille#EUW,resolved_unique,1,46323d7d55fd9a1acfed744566d99ab8
TopWaffler#42069,resolved_unique,1,84368eda65f2d841ed0c39655c4e633f
tumlodolfyeen#EUW,resolved_unique,1,c5878b4267ce66a627dbb0ac33a10727
FullShend#420,unresolved,0,
jHNv1#EUW,resolved_unique,1,3fffba04317abbb1ce535c974dddf2e1
BobSvensson#EUW,unresolved,0,
leonesquik#EUW,unresolved,0,
nilousay#187,resolved_unique,1,222af3b70f805937d2dfbcc01d5f944e
Terrible Smurf#EUW,resolved_unique,1,fb0d28875d1a95462300101b205d8527
Christina#egirl,resolved_unique,1,6d5e455f0657f7a1500c8c23a4344ab3
SenseyMaster122#UKR,unresolved,0,
Caffeine#drink,unresolved,0,
yuke#一人一,unresolved,0,
ForA#8888,resolved_unique,1,df088d81bec47c7c99fd9a82414c9f09
lil bean#witch,resolved_unique,1,d29a85fad8ad21fc3d724fd0b29c4596
PalleSwag#777,resolved_unique,1,977e48289345b64f226863c9ca92289f
SeiSchlauSchlagN#eFrau,resolved_unique,1,303ac7646102da4cb76b45ace6920f71
2VecesMankko#131,resolved_unique,1,0ccbcf705529c31904c874ce18cd6afe
Cassi0TPeia#EUW,resolved_unique,1,06f3ee745fedb3d18419d8c2df9bbc00
Chisakii#EUW,resolved_unique,1,6e9ddae704387c02c0b6818f65424ef6
JeSuis1Br0nze#EUW,unresolved,0,
zinoleos#EUW,resolved_unique,1,83be7947d78ebe2bb5e59292cd52abbf
Lieless#911,resolved_unique,1,41ebbb300b7a74946256c811f1855035
TraxderBestrafer#4753,resolved_unique,1,45852f144b9f130de8eb7d16fd29ebbf
Etop#EUW,resolved_unique,1,8baaf4815e78da4663b5be40d04b9e7a
luisi1473#EUW,resolved_unique,1,5447574f926ba65554eb7904852efd5c
Statz#BIG,resolved_unique,1,c6bb9f975d98f68e0f7867b3250a5f57
MWB Blizzo#073,resolved_unique,1,b84af6882d4de033f6415ed674f3756d
Richterfa#EUW,resolved_unique,1,6f7fccf5b47b7f60c838f7876c96ffcc
nuireM#EUW,resolved_unique,1,4315d142fcc406cde4c86f1b33be9816
Summoners Gift#EUW,resolved_unique,1,f6f1bd78907e866815eb24f0f548c084
iflyftw#EUW,unresolved,0,
SirPatchy#EUW,resolved_unique,1,9aecc1f03a48d9e878b3a56de17c91d6
XXXI7#EUW,unresolved,0,
Dawn to Swindle#EUW,unresolved,0,
Soralpha#EUW77,resolved_unique,1,8cc13362e1070dbbf63f259489b924cd
Hamouda20#500,resolved_unique,1,6ea86504b5adfbff8cdd119b0fd85297
casual 1v9#EUW,unresolved,0,
mokolikuo#3407,resolved_unique,1,ed669cdd661a6ab6fd0a7ba3f6c89e1a
Azauth#Azt,resolved_unique,1,2081ec069c4094ea893644900e8b0508
Dave#Ivern,resolved_unique,1,2fd273f6a2c582acbb2730776116d823
Puski#EUW,resolved_unique,1,90ffc17ec674b96ba61ec39853d2b6ae
Jonny Ragnar#EUW,resolved_unique,1,ed930e21221c0bed1c4e242570d720b5
BummaMano#EUW,resolved_unique,1,a7cf1df7fb2a257c9ddfb723cd5a99ce
Exodia Draft#EUW,unresolved,0,
UwU Mata#1209,resolved_unique,1,daa9a0cfddd40f5bdb76dfc95db4c979
BoostingTinko#EUW,resolved_unique,1,0b76b30dcee017aeb1f3045266647bfd
TontonBayrou#Férié,resolved_unique,1,24f08f42bc2d70dc176883f4ba7730e8
Epoh#DÖNER,resolved_unique,1,0ddbae454da3d5f16bb19c9ae735a274
Réda#MeELO,resolved_unique,1,cfd6a1da8ae4b004cdfee5b5430d8923
JE SUIS UN PIAF#EUW,resolved_unique,1,82b7ee7f3bf370d8a0ead150fee177b6
Blue minion#2412,resolved_unique,1,4b05c46f0fde7bc392007390eb4ae54f
QryzE#EUW,resolved_unique,1,829b59dbd55ff21d30e7ebad9fe25f81
Le Hardiboy#EUW,resolved_unique,1,4d2c995d8e6b36ecea0b3bbe4bae9764
Karlosj007#EUW,resolved_unique,1,c1e6a2c26546bed97d6ecf78715b094d
FRANFRAN#6666,unresolved,0,
Batkock#MPM,resolved_unique,1,59659842070ece9b734234a2594e25f7
Ghazkull11#EUW,resolved_unique,1,30999288d90a4b0214fbf926cb90df20
SKTTGR#EUW,resolved_unique,1,39675f0697e92b2206eb3a21ac0368e7
Lowey#EUW,resolved_unique,1,7ab74e451322c6434088043b69ed9edd
GIA Shadow ToT#7777,resolved_unique,1,4c14a4d9d9ee24f35c9fcf079f11bf25
DeZwoeleWind#EUW,resolved_unique,1,ef70ec295f7b341759396a7898846b33
Kevin#KJCG,resolved_unique,1,beb5776525c9cebd2af8335cc837e456
Dani Uzumaki 96#EUW,unresolved,0,
Night Resident#EUW,resolved_unique,1,e92c582d62c995fdde6286df920a173e
JMG WangZ#kami,resolved_unique,1,7536d870237b7ac0867474be30b62fa4
Asuroi#EUW,resolved_unique,1,8ce761a673b6eff3b6033c4c915a058e
OrderxChaos#EUW,resolved_unique,1,d2e8d907e7768ddb933b5376bff4deb0
pivert21#EUW,resolved_unique,1,4edf08354bf3963ca829802730c17101
Alcasiow#EUW,resolved_unique,1,7a93596cb2f61e575cab60a2aedca31e
Nico#Gwen,resolved_unique,1,9515c2d8858384c42f46ed7c04260445
Matmine#EUW,resolved_unique,1,2969b8c4fb3f557f53cea690eb512fc3
AMG78#EUW,resolved_unique,1,015acb2add355241c08d1e8a2a938ee1
Lies of Pie#EUW,resolved_unique,1,bf3c931d4bc87e42df76cb3fb5879f12
Tαrgαryen#EUW,resolved_unique,1,552bd8a82650eb1433e3c87d9f4b4c99
JusT Gale#EUW,resolved_unique,1,d3936ab72485163cef75f9ffea697939
Ainz Ooal Gown#Kami,resolved_unique,1,13d9ad53ed67d1d2831b20b64825e26e
Iren jm#EUW,unresolved,0,
Erntt#111,resolved_unique,1,d9c2e9a293746fa15130f7bc212f4293
NoticeMe#465,unresolved,0,
GhostCaptain#TOP,resolved_unique,1,67c337de9198f5d089ae0a6d2e5536cd
flyingdeathmatch#EUW,resolved_unique,1,19619421464a83ca370d805ac477860f
I am in your bed#EUW,resolved_unique,1,c8ee93dfa8fe42ffc5d32839f257a6da
sarah#ririi,resolved_unique,1,c18ad1cbf33c019a2f549be473e6e7ea
Riot Arwyll#PRT48,unresolved,0,
Silbo#13118,resolved_unique,1,7c1629cbb7cb66c3327aeb42cb1825db
Crryptex#EUW,resolved_unique,1,141a0e0e158c84d9b8f03b9b8a464a83
Kvaratskhelia#kvich,resolved_unique,1,f7e46e2ba6f02a93e091dff72477fdca
KAINomat#EUW,resolved_unique,1,bf777239c4dbf2450ab89cfb64168fca
AyrozZ#EUW,unresolved,0,
Artie Amostra#EUW,resolved_unique,1,ef19790dc9551d43c98f5ef245952b04
Cradlero#EUW,resolved_unique,1,47c6cc6f2884fb36232283ac86ab9b10
BasedG0d#EUW,unresolved,0,
dæmon of Fate#LIES,resolved_unique,1,b5f8b248f42e3017f4b30a543a58d2f9
luckball#EUW,resolved_unique,1,f5dc68a066d2168945f6cc517bf2afc8
Nous Zorca#EUW,resolved_unique,1,18793d4948d31b05f717b4360b0e8449
Re4l H1gh3loBoy#EUW,unresolved,0,
gYm#Alt,resolved_unique,1,e23df089151cc945634de9cdef68cbb3
Nissyen#EUW,resolved_unique,1,797927392f6da97174713ecd2496d94d
T1 Canyôn#EUW,resolved_unique,1,04fe6a778b94a98c6be8eb29a5be21ac
GR4G#EUW,resolved_unique,1,6d6d826092c8722eee7a3422536f151d
ChrisToGo#EUW,resolved_unique,1,3398dc750868a1bbf5473536b67089d1
Crazybutlazy#EUW,resolved_unique,1,b85bbcabf0e58fc54cc04728ab670e91
bababoss83#EUW,resolved_unique,1,afd98004e25831da3ecccc2d9beb6963
JeremyLamIsThatU#EUW,resolved_unique,1,42da450ad1ed84fe32d9b5a3a2fbdef9
SiinSon#EUW,resolved_unique,1,5fa74c22d25cc43d87f683b55f284d63
RBE Xaronos#RBE,resolved_unique,1,e73626cd82ae0ebddab30a53d62d3ec0
LiMouX#EUW,resolved_unique,1,10628cfeb80842a0ba40ad66ac529f68
Xeronîa#EUW,resolved_unique,1,8dc849e435e90c0ee8d8a16ec583e493
Not My Favorite#Black,resolved_unique,1,1fd190644c42e8bf062c045ffeb37fe6
Akuma972#EUW,resolved_unique,1,0cfaca32e8be7af40817c7deca88176e
rallepang#EUW,resolved_unique,1,bfd715ba411766e114ee02eb808e22d1
berlinRsago#030,unresolved,0,
Deqo#EUW,unresolved,0,
AcE1507#EUW,unresolved,0,
Link158#EUW,resolved_unique,1,1e0c045692a058aae3e7167bde127d0d
Rickorck#EUW,unresolved,0,
IanNivek#EUW,resolved_unique,1,0a79d2f5a19bbfab3f2cc3f13e2673ff
LordRinder#EUW,resolved_unique,1,6af4f0a274312f51a54504b392ae5a27
OneManSolo#Wolf,resolved_unique,1,fc803def9e51b9205e8bdabf1d442e79
Schef xD#EUW,resolved_unique,1,ede1f5dbca01d1e858460ea27401b7ca
Leoduck#Duck,resolved_unique,1,85a5672bb7a6bf67b0115e9024e54ed2
乙骨憂太#1308,resolved_unique,1,a26920965c3cd1794cab520d00cb2792
W1shm4ster#EUW,resolved_unique,1,f4ea8ca78051a707d22da3a5afe917b4
Franz Bauer#EUW,resolved_unique,1,63638510c200eb9ee841b926a406ac21
BIE#EUW,unresolved,0,
Qem#SALT,resolved_unique,1,d9c2358717cf0439e6eb081bddb6fddb
Wyldan#EUW,resolved_unique,1,aab98cb5d4b13ef709059207e48a8c22
FCO Boimel#EUW,resolved_unique,1,c268967dafe8eb7c7de0cdbea8ad86d8
yung suave#EUW,resolved_unique,1,7d1423a7846d02b9628c53d083e1fa72
Melenaz#EUW,resolved_unique,1,92b72703ba747144558dc015859d0d7b
Triple Ward#EUW,resolved_unique,1,c1bb2cabf344e8bcd5a795cf1b26093a
Shishiwata#EUW,unresolved,0,
51215111181#EUW,resolved_unique,1,c081422ee083864f34706b6f2a8a58ad
bloodstorm2#EUW,unresolved,0,
Quenhonad#3805,resolved_unique,1,0e6ad46acd83059debbf72b7219141e6
Jungle Role xD#INFLT,resolved_unique,1,6156174058a3ed91670b878bb7fd37c5
Gusta#Toji,resolved_unique,1,4fc351868dd39febdbc0ba0c17c0c3c8
Lunatic#173,resolved_unique,1,8d3cb4b4dd63486692f4677e37cb956a
Aerka#MEOW,resolved_unique,1,c3b93f389169b7173a3368fcfe21aeba
Pistolet Rose#0511,unresolved,0,
Mavikuş37#1923,resolved_unique,1,651d8278865ec12f85baf79234a063c1
Alune Whispers#LNRI,unresolved,0,
jappa draven acc#j4krk,resolved_unique,1,c805420cb96cedcbbaaeac3e2383dac6
Only Schnitzels#EUW,unresolved,0,
Fisherman IRL#PYKE,resolved_unique,1,efe3854cd575cc85ed93cfa168bf571f
aya#xx122,resolved_unique,1,572a0aa6959ac1310d1f6a8545def75e
Rotzhertan#2662,resolved_unique,1,2543b235cf199883e1aa4bed1ad3820d
aftersun#gone,resolved_unique,1,5308f7811e2f799e37b0ba25c0c61c57
Commander Cody#2005,unresolved,0,
Yandecalif#87069,resolved_unique,1,d742060003668e131430a3c1ba9fce7d
Iter Ultimum#777,resolved_unique,1,7e0e2653541f6a9718b7bd8bff3482f0
Ashflash99#EUW,resolved_unique,1,d022eb80d2f1d80b9495450432a0ef0c
R0TTiNGC0RPSESXX#two,resolved_unique,1,6b0eef526231fd7a4866ec36fa9a499d
Requiem#Vivi,resolved_unique,1,1aa4ef5dc6852c9eac763b8fa45eb133
KroRyKss#KRO,resolved_unique,1,80493054db8c847fb7c22702daf36ac2
ElmoInYourWall#EUW,resolved_unique,1,9a640a310ac244d64afe90bff3cd4aee
krin2000#TOP1,resolved_unique,1,2432675b3ecf9f1035a339c872dc6843
aldo moro#xoxo,resolved_unique,1,eba318f0272dfdf0544eeea7e7a36460
S201111#JOAT,resolved_unique,1,e853109a334564bf98a35dece9182d45
4NN3 CL4NKKKKKKK#DROiD,resolved_unique,1,e4ecf0c8e2e7f33150a2a8a78eadcac9
VochtigePoepGat#EUW,unresolved,0,
Ar3s#kled,resolved_unique,1,c5dde23df0a47dbfd3e6c1e22196f7fa
Evil Engineer#EUW,unresolved,0,
momong san#EUW,resolved_unique,1,551dcc0bf8cfb36870cf9764e25d3813
WTB Wife#EUW,resolved_unique,1,2ff91fefff3196f44c2ee2d4b42fa230
レッドオニオンスレイヤー#ROS,unresolved,0,
Mochi#Koi,resolved_unique,1,1dc6cefa072d22c0b813da639b11f220
improvement arc#1984,resolved_unique,1,d3caba9482d0f44960d3b2eaa69ab7fb
Shozhufu#EUW,resolved_unique,1,421c11d80c91109344cf9243d896f161
nmubzk#EUW,unresolved,0,
Lil Spooky#Creep,resolved_unique,1,f4fd178b91b0fc8141a8044368259448
Elizis#EUW,resolved_unique,1,d00e19f54207046b2ea2b38f2cac2eee
Mr Fister#BLITZ,resolved_unique,1,b23e830f3a1b734dd74045ab5ac01168
Leagueplayercool#1337,resolved_unique,1,9cbc39b9c22f2f414e5c5f5fe1128324
Leo#19285,resolved_unique,1,25f824bfcb6666db18fd66277a01385b
szkarłatne serce#cierń,unresolved,0,
zML#447,resolved_unique,1,cad5c165462e67b4fca580b261c0da96
Trifang#EUW,resolved_unique,1,856d2e934a4d57a7204c56ee119496a9
Simpicus#EUW,resolved_unique,1,7a3a12b1f8d5aad457f71bb42eac11ba
UkkoAI#EUW,unresolved,0,
Leo and armand#wewin,unresolved,0,
Allu71#MAYI,unresolved,0,
Gengar#BOUH,resolved_unique,1,0ed5349f73ce990b54422f685a42c405
SnowBallz#Down,resolved_unique,1,b973697d8169a9d92e85de6bd1c72a27
PetitChowChow#EUW,resolved_unique,1,7da791ace8cf490c6c1cc99e8ed5f6b1
Mac the Cat#CAT,resolved_unique,1,f50a3584723f8364b30b003538c41985
FattyKat#EUW,resolved_unique,1,34e697dba1bbe9cadc99edc152219b94
Aveeko#EUW,resolved_unique,1,dba472dd415b025b3d0dbf7c0b977fb2
2005Hyundai Getz#EUW,resolved_unique,1,9ac380e122057bbf44ad2123cf2a6b18
havnens bbq#EUW,resolved_unique,1,8aab92bc7ec1c8fbe20cbd490f90cada
You are my Devil#EUW,unresolved,0,
Farny Weizenbier#EUW,resolved_unique,1,82dc3013b655f7020e49000e1078d15c
Shinitan#EUW,resolved_unique,1,b1e269fff6949b48d4b0420a1e6c189d
fallenmoonx3#EUW,resolved_unique,1,19157eb44402ee57286356a17927bcb1
YtM99#9372,resolved_unique,1,fcf64c07a22e783cb046f5b45901819b
München Gladbach#001,resolved_unique,1,4a7b99c17e076b42508d4081f6ea1ca1
Karenflappy2000#EUW,resolved_unique,1,94cbd7010caf035cd08f4e43304ef635
sid fra istid#EUW,resolved_unique,1,a12499ee9febc38a5774b529fcba7f2d
MaxwellxOnBe#EUW,resolved_unique,1,2dce2e4572b512fd5a0baed6009d375a
MonsieurShoqapik#EUW,resolved_unique,1,71bf1bc9175f756505359d451746d372
Rin#9PXG,resolved_unique,1,3cc8431aaabe226c2ad33e46d144eed6
GrosseGourmande#GLGTS,resolved_unique,1,83b72b43b7f212c5b72bf2a560d940bb
cute egirl tihi#uwu,resolved_unique,1,fca0b4750e03a8407e8e9314c3ff07a2
OyVey6Gorillion#EUW,unresolved,0,
Comrader#EUW,resolved_unique,1,8b4b19f4f8469a65f31daa3a178cccba
WWWWWVVWWWWWWWWV#EUW,unresolved,0,
Viclund#2001,resolved_unique,1,2c2f9c0facda75251f381eb5575db4ef
Vally#28M,resolved_unique,1,42c3ec790b9ccd5d255c4b865692052a
Dos Reis#2110,resolved_unique,1,2399948b33065175606c6b463d78b068
Wunsy 3#3rd,resolved_unique,1,4a6b41bad8682fe4ca241b5938b8af99
Joando#EUW,resolved_unique,1,a3bf7b9d51cc8948a1dfba72610b4a73
Jezax#EUW,unresolved,0,
Gods Ability 4#EUW,unresolved,0,
WompWomp#7490,resolved_unique,1,b0a2cefe94611bb4f27d0107df8c16dc
KissYourSelves#4864,unresolved,0,
TwTv lugies#EUW2,unresolved,0,
Hysterriaa#EUW,resolved_unique,1,1ab871c3724d53d584a0376cf0619200
Ferqo77#EUW,resolved_unique,1,1e4fb13c35ce2db4d16609e83c56766e
1xn#333,resolved_unique,1,4168b2f233a918e8afcecd6bf7aad810
Dovijus#EUW,resolved_unique,1,5cfe9e446747d668558042ecd7cb4d2c
Yell0w#1122,unresolved,0,
XungLao#slay,resolved_unique,1,4c79d9a12a84456884710209fc7beb47
TyeSkiWac#EUW,resolved_unique,1,154d5c617af30f5472de7dd9bdaddfb0
Umbral Trespass#Rhast,resolved_unique,1,c16aa19a728e88410c820a34f575c516
Bored but shiny#EUW,resolved_unique,1,e54cbd7f3913b1e838f9f3cee642091f
sun#veil,resolved_unique,1,26b1f4fcd3430bbdbc9803c885c55edf
bugiseKing#EUW,resolved_unique,1,1a3f51f51fe72ac2d04f00e5d2b5c7b3
General Pork#k4te3,resolved_unique,1,d45e1b61b7b3a31a61c5364b3d02ddd8
Ketoacidos#EUW,resolved_unique,1,8de76084dec7aeeedd424905ca3b1ba2
ImKataholic#EUW,resolved_unique,1,4540f344f93306fe67e0319b1babaa15
DNS Kafei#EUW,resolved_unique,1,18816f062b4858270c4c9798f6620680
Reality Rupture#3953,resolved_unique,1,4216973986a1dfada0b49e1546c0ad4f
WunjoPL#EUW,unresolved,0,
Li1u#EUW,resolved_unique,1,013be62cdb9a1c1757a288b215c2c2ec
IAteMyHomework#EUW,resolved_unique,1,36849933a2b65d13197443faf72eea46
predictmaster#EUW,resolved_unique,1,1794cb9fcaaf5fdb68797d4e8b7b1f99
GodRousquette#EUW,resolved_unique,1,ec600f35063de678edec02edb025e445
псих на нидали#псих,resolved_unique,1,ed08f8b2df995a4d7afa0126e81dc81d
7 novembre#EUW,resolved_unique,1,db8db194b4155c934a03d130f618cca7
GottloseZoe#2425,unresolved,0,
LucianGodTier#EUW,resolved_unique,1,cebe8a97bf3ec09370ef016a75ffc986
EnzoNuckleairev2#EUW,resolved_unique,1,5adcd7f19402ee30f0184453fdda0c9d
Toxic and Salty#개혁된,unresolved,0,
Destìny Bond#EUW,unresolved,0,
Rozdupaný#EUW,resolved_unique,1,c4387d72bd9668df4fc276c333ab8bef
Mustio#GoD,resolved_unique,1,a2eca4470824afbaeb7aded924f59a12
Sawanσ#EUW,resolved_unique,1,c6fda527d0f6c6316bfb58c68a4aed01
Haykel B#EUW,resolved_unique,1,247813b84f865c87d9f55480311c8622
Rocket Raccoon#DPG,unresolved,0,
Momo#5252,resolved_unique,1,284c6342c5c9aa1ec16ca36f7bc8dd16
DeMol#MOL,resolved_unique,1,650ecf64697d97b1e28838953a3ffb5d
teemoML#EUW,unresolved,0,
Karitas x3#EUW,resolved_unique,1,55bf7b820da32b364be43179b0e6ffe0
vingt et unième#EUW,resolved_unique,1,a07f2ec2d403c761f3d462632f96bcfb
MR RoRaRiMa#EUW,resolved_unique,1,7445536c060344a5e066092db6f2d1ed
skovrider pik#sutte,unresolved,0,
hedoveme#EUW,unresolved,0,
Lufe#JMG,resolved_unique,1,5c14e5a6b0791189b629b87b1a0332ab
Cremenzio#bee,resolved_unique,1,ffcd497e69fb10414110a9395f5b940b
HILLOMUNKKI#EUW,resolved_unique,1,2211d982af190658e2f1671d8f1a27c4
IzaKam#EUW,resolved_unique,1,7c690a178ecad676f50e83e755723716
Borre Senior#EUW,resolved_unique,1,e9ab451f28f456fc525886dc7bf2d880
Me Fumo el Late#PORRO,resolved_unique,1,5d79eb6c9c5c47aed6713fc13a179497
Doraire#EUW,unresolved,0,
FourStancesDeep#UDYR,unresolved,0,
MAKYNOTE#EUW,resolved_unique,1,c166438d886cd47da0be2b7ca934015e
Dreckbaer#EUW,resolved_unique,1,36b9b78975f2dae7096663c41bc9095c
SpeedBreaker FIN#EUW,resolved_unique,1,5a085b0fcb0e52e162a8903b70daca39
Arago1#EUW,resolved_unique,1,252b830d9451d901feef8173438ba051
Ryfeurd#EUW,resolved_unique,1,ed20340c10a2052406d8668a4778a8e4
hotpot#seb,resolved_unique,1,6c3970536ef205d485b27e9d5c0cf0c5
joaocostared20#EUW,resolved_unique,1,a489ee013f628df17aeed86221f51c66
ZheFlo#EUW,unresolved,0,
Heka499#EUW,resolved_unique,1,94f3422b0876b6706418f1b13e17f110
Luqshaq#6969,resolved_unique,1,4a9ddf26cccd40df092f0bfa93ec2a60
Omakasé#EUW,unresolved,0,
Abyss Rover#EUW,resolved_unique,1,845147085e790a5a59897b2beda460a6
UIC Cedo#EUW,resolved_unique,1,1cdd1d7c77134deb05c5fa1bc0b1e7ad
Cigareth Bale#EUW,resolved_unique,1,44c5cbd0cdacd81508b4b54722f5fe87
bossdruben#EUW,unresolved,0,
kämpferdesgrauen#EUW,unresolved,0,
Nadium#EUW,unresolved,0,
Yoichi Isagi#BL10,resolved_unique,1,f3e450851d7cead43d716f1ef8bf4db6
1v9difteam#EUW,resolved_unique,1,3765a5d7a62db7fbd881e83f3da3a8c9
Monkey By Choice#EUW,resolved_unique,1,c22d2d8362ed307db4d638cd005e8487
STanks#EUW,resolved_unique,1,1175e2f6eb24da0ce38517c71d333a88
JLBueno#EUW,unresolved,0,
Messiè#EUW,resolved_unique,1,7568575d678eddd563bec92798147699
dinojan#EUW,resolved_unique,1,594368a6acaf6b5188b8d1c8e58b4d6c
Barlok Slane#EUW,resolved_unique,1,7d6aea593a37da1feabdcb6406920422
JOGA ßONITO#EUW,resolved_unique,1,e1408a71bbc6438861466037518c0410
kalipthus#EUW,resolved_unique,1,df7124abe07cd972a31498476c0ead37
PhumaZo#EUW,resolved_unique,1,3e6722337785f63d38abaa4f90a602b2
Rumpark#EUW,resolved_unique,1,94a12d1fb4ac1458416bf86ecca878bf
PHX Xanilos#EUW,resolved_unique,1,ea22bc834228c37aacbdc0e91179e390
Sop#vaiT7,resolved_unique,1,45f714b886e083c7fcc07d7577b743ca
Modorenai#EUW,unresolved,0,
The Pigtomancer#66644,resolved_unique,1,88bfdb45ef48ef86a65e36e8e427baa3
Rossié#EUW,resolved_unique,1,71f50677d1fe16011e9c4ed84a2144e4
Luddo#EUW,resolved_unique,1,9540060038b80e063795513ac3796a4c
mei#aftL,resolved_unique,1,cd84cb5e12c39508bd277dd0e92632d4
Saky Blue#DUCK,resolved_unique,1,2a28efea523504273d2e4516644769af
Dislexic Jugnler#EUW,resolved_unique,1,a8aba7f314e13648511f5f4289b3669d
camp me i tilt#EUW,resolved_unique,1,98a3785a76738cbe675785a677e250f3
Call Me Orange#EUW,resolved_unique,1,0575ed15d1913887f565e9cc4ea774d6
Speeddragon#EUW,resolved_unique,1,2473b24b97819808b3de16c3c9695e9b
Kipro#RANK1,resolved_unique,1,f36e4240928d5bfa85fda25823c0a75f
Copince#EUW,resolved_unique,1,9f9bc8e58ab224e5223366825fd63d8f
2 Kewl#EUW,resolved_unique,1,e82711389f8a90659300647b3b11a54b
golly#NOREF,resolved_unique,1,a7edca47d23f3bfe27d7e7cd79e182c8
EAT3R#2nd,resolved_unique,1,79b5ed816eac6eb97ab36e853c413101
Max Has Hax#EUW,resolved_unique,1,901ce9c315284cde4dd06ddd9ff9d8c7
EentLord#EUW,resolved_unique,1,dfab1f2b016ca6134c137089329ab3b2
Noìzu#EUW,unresolved,0,
Shendaz20#EUW,unresolved,0,
Albertozor#JGL,resolved_unique,1,19bac2bbc7556dd9e648e061cc15ea8b
Synthax#922,resolved_unique,1,e1377f97649d9ee62d4b0e71fa5086cf
Ti1mo#EUW,resolved_unique,1,c15db68593e98e9b3c57c2360765d1ea
trung le#EUW,resolved_unique,1,0145048b6adad02e0c98e7f90cb0104c
Severly asian#EUW,resolved_unique,1,fae13adec8b4ceb3749f3eb7ef4f3a8c
Beast º#EUW,resolved_unique,1,e11e96a747b9dde1bfff942c605cdfbf
Dreyky#EUWW,resolved_unique,1,ab489995fb0670ef6b80c290148bf5b7
Zaew#EUW,resolved_unique,1,e52f6c6f2cce3a2318687745d2b8f60e
TeC Snippets#EUW,resolved_unique,1,4c2ee7930accc7a5656921de0a9c6133
Heavons#EUW,resolved_unique,1,fb80048d8f452dec2a45f5b42baefb87
windygatestorm#EUW,resolved_unique,1,b963c01b7a2e40a5fb0ccfd8b2a36678
bakside#EUW,unresolved,0,
Hyeri Lee#EUW,unresolved,0,
KTI ADC#LOVER,resolved_unique,1,b4a198bb3e351de92d0c032f8c8f888b
inpace#0001,unresolved,0,
Esmunk#EUW,resolved_unique,1,1bd05d220d5612b54422ec75ee442d6f
May Fong#EUW,resolved_unique,1,0612d0b91ffc54dc94fe16f8e9f9f2ef
TripleM#Main,resolved_unique,1,0f74e43170b3d41624dd2f3283836d1d
TooBeCrazy#Jinx,resolved_unique,1,659f4b62509497be619ae89e4274897e
straight to top#only,unresolved,0,
CheonYeoWoon#Nan0,unresolved,0,
Lierneonna#3038,unresolved,0,
Metaphysics#123,resolved_unique,1,52d5f755d50e9247015beb5c11d49f67
Vercmorbur#5100,resolved_unique,1,c61e60f8bcbb8bc2f2b4e02465b81b63
epikurczak1#EP1,resolved_unique,1,747781f4f5d615f4ab1f07632605c869
Wileonna#1352,resolved_unique,1,d2cdc41043d35c01bb7084c1f3bf0671
Travis Scott#aura,unresolved,0,
私の愛するあなた#私私私,unresolved,0,
紫罗兰#Y510,resolved_unique,1,de3cf0cf2f7b1ff444d1dd0a9fa276e8
egirl nightmare#uwu,resolved_unique,1,3d0bc26ad0321e09b476a78159799f6e
Naysdim#8673,resolved_unique,1,8921fb774cdf69137d2dbd2467a40288
Blåhaj ikea boy#fmboy,unresolved,0,
znv#61444,unresolved,0,
Feed Account#0001,resolved_unique,1,c4d308d482e9d36b77031d6f56f847a0
Lucio Zehef#SOLOQ,resolved_unique,1,faaf6af4567bae714ada24fd36db22eb
Kaiser#43624,resolved_unique,1,e21ae71e344774339236b65abcbb99be
nicu gamu#0894,resolved_unique,1,6204e576a4cecf32b07952effaae7d5f
Gurkmajo#1337,resolved_unique,1,bc882d1ce47b5999da064b65cfb4fcd8
Пивная лань#pivo,resolved_unique,1,96f58e780c655f09a80c34fad69fba7f
daemonkillaemond#HOD,resolved_unique,1,6650d2a2c64853a7475bfebe1dc45b55
parA#444,resolved_unique,1,81e9b5ddd00ebb33514ad3abaa80b6c1
YuiDoggo#123,resolved_unique,1,e036b9bbe59f0ec6aaed09e26ad0ae34
DestinedToBeKing#EUW,resolved_unique,1,ab675925fc0d6344ad9dd120572bbafc
Sardoche Tracker#R2D2,unresolved,0,
Ærøhekssen#IZI,resolved_unique,1,08bb825c0bd4548696ef26d00ee87880
Misha Kolinz#3774,unresolved,0,
158 넌 내 모든 거야#2170,resolved_unique,1,742bab84abccda54b6e8706d8ee415fe
Im Better#Ezzz,resolved_unique,1,63c7ff7b961caf40f303cb8cac62eb7f
AkosJeuxVideo#EUW,resolved_unique,1,872bd6d71bb37ad505020f027aed58ff
Ashborn#J1nW,unresolved,0,
Jacob Wallenberg#EUW,unresolved,0,
UUUUH#EUW,resolved_unique,1,c2675238233b7ab6543743f48c17acd9
Martillo Smith#GLZ,resolved_unique,1,5042176d68f6dcde9846ed70b7a85694
Vanquishedx1#EUW,resolved_unique,1,ab71b34919fecc8239c64d6567c8dbce
HOUDITEUR#EUW,resolved_unique,1,bd0cf6e983e5273d856b27bf7095fc22
lietorc#EUW,resolved_unique,1,a961ae5df8c73a361b510cd926d69dc9
Retr0#3312,resolved_unique,1,7c929c55a502ee014b82d74d3db62c59
XZV8WC#EUWE,resolved_unique,1,c3de5e5f521a7f2e18bf08940bfd3670
Maks Gniloribov#EUW,unresolved,0,
giorgakis1#EUW,resolved_unique,1,a115bd2a0e5bea3792a1099f2408522e
Embrace#Agony,unresolved,0,
EliWheatley#EUW,resolved_unique,1,dfa4b1865aa7a24f37e986c75468e781
Sad Felli v4#EUWXD,resolved_unique,1,1df74e04d2c236f01dd965d14e424cea
Forbidden Tea#EUW,resolved_unique,1,10db399dad575aa0f39e400bb6ca2787
Gen16#EUW,unresolved,0,
xngmk#EUW,unresolved,0,
Poopmaxxing#omgHi,resolved_unique,1,cd19222883883f16807fc3aa8377faf1
Lawahu#EUW,unresolved,0,
Kasti#kcstp,unresolved,0,
97effxct#0101,resolved_unique,1,ea54b6f112bd20464c6d4fc9dddeb261
Leash or unlucky#EUW,resolved_unique,1,87f0c8ba4a2a1349d09fadd27e8ac82b
Bach0910#EUW,resolved_unique,1,b20a567a0e86931fd84f6d647d9ba4c1
under your spell#66666,resolved_unique,1,c60f2f176a3c726a75dfa6557ed628b8
kiepzjungli#333,unresolved,0,
2ndCompte2Julien#EUWWW,resolved_unique,1,dcb452365fe33781b5e27b785845c495
xxx#1000,unresolved,0,
Psymark#FLY,resolved_unique,1,63cbf689c918ec903bc0100d08bafed5
Rusty s1 player#EUW,resolved_unique,1,2a8bc0db04d3033105e45a8f6c7b456c
La Roulade#EUW,resolved_unique,1,3e27c7606d660a594f6982bf92185ce0
YahimØ#EUW,unresolved,0,
Snus enjoyer1#EUW,resolved_unique,1,2f145a1bd19c549301c30c711d74cb5b
AndrejTomas#EUW,resolved_unique,1,0f719424dca2df2ce38553a55ed8be35
Havashadu#EUW,unresolved,0,
GetKayncerUDOG#H080,resolved_unique,1,edc61782822d2357d2f9b849be36c68c
UgandanCarry#EUW,resolved_unique,1,01e05fbe1757d71254e1772c9140ee12
emreqwe#EUW,resolved_unique,1,499c42129b482ccedb6ccf0160f2f4fb
VityLoveDiarrhea#Vity,resolved_unique,1,08e0d489482b866586a5a0de65bb2e8f
Ahlquist#EUW,unresolved,0,
jgymgkirf#EUW,unresolved,0,
Disgrâces01#EUW,unresolved,0,
Dashez#123,unresolved,0,
A T H E N E#ヤディン,unresolved,0,
sybliks#EUW,unresolved,0,
SUPI KONRAD#EUW,unresolved,0,
Blazetime#4747,resolved_unique,1,d22088eac2613be8efcd29a40aff309c
Athyes#EUW,resolved_unique,1,f9390d9e79f1789fb5642f9d2caa01bd
Tueur2 bourgeois#TUEUR,resolved_unique,1,6d779c4f0f26a9d5427ff6c9dd394158
GišaPoTopuPiša#EZZ,resolved_unique,1,62e00786bc8f16999401d511f124de61
Eliana a chefa#EUW,resolved_unique,1,5429658d3be5cd6f4201aae5bfe8c06c
Dormin#Snip,resolved_unique,1,11962338aa81e634fdad25c93d057b51
Wherever You Are#GRX,resolved_unique,1,067df01048bda9e405898bd7e8858b84
chaisetable#6028,resolved_unique,1,969457733fc259c599269d3e4ac8216a
Adedger74#7901,resolved_unique,1,dd20ecf46ecfd475630cb239c6363baa
her puppy#min,resolved_unique,1,442192e59ee26371e193114f203ff726
VibroMaSoeur#BDSM,resolved_unique,1,2da72ecbf87e40dc827a85605457cd95
平面神#777,unresolved,0,
CherenNegur#7672,unresolved,0,
ékartesfesses#EUW,resolved_unique,1,5d9ee0d3c0f4a9ae57e6d127b84dd088
Refrain#0726,resolved_unique,1,d657ce8324b7134e8bf95c803f89781e
valkussy#FRITO,resolved_unique,1,f71841c4a957896db1c8fcff4d31a2e4
KinqVøN#LLKV,resolved_unique,1,c4123f531ffcaac5b4507988bd7df849
Judaskuss#EUW,resolved_unique,1,87af5eaf491111a783fef9cf973fb93f
Mafia Poros#EUW,resolved_unique,1,d1aff5f90fa2fa730fd3aeb8a53a82d8
James Corden#CATS,resolved_unique,1,28a910edf546b68e7aae869ba11b897f
RandomPlayer33#EUW,resolved_unique,1,81a12e1624c4f65e7a862fe13ca0fd3c
Malida#EUW,unresolved,0,
DAD of cats#Flop,resolved_unique,1,1526b6fd238f02efeff75adc578d7c78
TimothyvFeF#EUW,resolved_unique,1,30a1b61a41d8cb5982c45be927cb5ac7
quoteonquotesupp#0666,unresolved,0,
emi#lgbtq,resolved_unique,1,e4fcc7c2722a2cfb957aace4f56bfd5d
AstroFlox#EUW,resolved_unique,1,87f164476ff9d70ba1601065b5fbf582
Zric Emmour#EUW,resolved_unique,1,c919dcddd2695f4fe615f60bf704e37a
Azendor#7505,resolved_unique,1,a5292d5d7a9481880238fc9e49d05069
Mucilera#EUW,resolved_unique,1,5214fbd2ffd4a58c71fe7c1af75b231e
Emma Little Pony#UwU,resolved_unique,1,09f184759ca68d3b0c276c60a60d9fdb
Escaping Low123#EUW,unresolved,0,
9Mqr0wNvjkht9d#11111,resolved_unique,1,4149e5df56b7d67b53808dd70a0a363a
SugarGOAT#ayça,unresolved,0,
Final Atonement#5849,unresolved,0,
PerfectFlavourrr#12345,resolved_unique,1,bef00728845b6b9a14b76788c921c241
VortexSF#EUW,unresolved,0,
Golaad#1690,resolved_unique,1,b4e0a296d607e199f0097f1d7c2d7a6f
Skinny Flop#EUW,resolved_unique,1,d2237012f09305a608aa7eab71be67b6
Brazil Student#EUW,resolved_unique,1,004e851134803ff99e88f23b5d9e8a96
Knowledge77Power#EUW,resolved_unique,1,e9ef6456fbf3d9d7782ec4fb5523204e
LeBabtouHallal#EUW,unresolved,0,
Lissy Missy#EUW,resolved_unique,1,5f394f485e38dae9985d20c05bfac0a0
Kyw x Thresh#EUW,resolved_unique,1,8753c0d28313b2edb09607eeb1f976ec
iluvbush#killa,resolved_unique,1,11fa1d155a15876f1c51d8676796b3c1
DDelta#9945,resolved_unique,1,3f5832701b033da9c787ebf75e6ecd08
bullybengt#bengt,unresolved,0,
Tzakazuki#PRG,resolved_unique,1,33639b330fb72e44d22fb78e5c66bd7a
ArrogantTV#OFFI,resolved_unique,1,05c341bca15d6f5e9243b47263669d92
Jens019#EUW,unresolved,0,
ANA VEGANA#EUW,resolved_unique,1,1c04142e94b31b828046507e29fb5d4f
Merowinger#187,resolved_unique,1,6a83cb78f50bce5ece70b30eb3abd6ea
NefeRGamE#EUW,unresolved,0,
Bard Prodigy#EUW,resolved_unique,1,fe80ab97662e2fd36549e23c7cecbfb2
1sTimeYasuo#EUW,unresolved,0,
Tschigerillo Bob#LOL,resolved_unique,1,bf71cd0f223bdc5064d860884e074e72
kurosmoo#EUW,resolved_unique,1,45fa8d5a98c066a4ab475c79fbcb7fca
propre#8989,resolved_unique,1,17b5f893df02729dada78540a1e7627a
카이사 Mimi#VNINE,unresolved,0,
Comsters#EUW,resolved_unique,1,d76aedd748d5e0f5053640962d68cc02
Morag#MAR,unresolved,0,
DarkLion01#EUW,resolved_unique,1,adbf6f0694f5baddeba2fd771df14469
Adilow#8341,resolved_unique,1,f546ab8d7f87fe7808e643ec4fe1fde1
Okaiz#EUW,resolved_unique,1,edabd72a17684cdf6bf99b482e98241f
RoranPT#EUW,resolved_unique,1,895b646b1e5c5085f688a5795c458b0f
ful irl#EUW,resolved_unique,1,b56993d9fecbd691cacc944af10e8550
Sevran Eleven#EUW,resolved_unique,1,0f639762b9a8184eed5b65fb8c4cb538
Blockmaster7000#7001,resolved_unique,1,4ad858568fe2769494e39db6d70c89f0
LTW Jαmαl#LTW,resolved_unique,1,bff494ba3168ffb4eb5b16cf32d48cf6
FNC Cliffhanger#EUWES,unresolved,0,
daniel2508#EUW,resolved_unique,1,ba346ffdc5191d486f382ee04890738d
Carve The Spirit#Fate,resolved_unique,1,09b0ab5d3c0c5ff464e6197e596a3677
MSF Lustmolch#EUW,unresolved,0,
Artoriangel#EUW,resolved_unique,1,365bd66af25d2d0306e3fca8a2595d58
Swiesel#GOTY,resolved_unique,1,34d752998f726c58337c8d159c7eace6
Israel#bomba,resolved_unique,1,05f6b12f453c4f740a84462360050091
Razie#Daddy,resolved_unique,1,959b735fa57048aa64daaffcca042500
RAJEL 1vs9#EUW,unresolved,0,
song semb o prim#777,resolved_unique,1,1eb34a1a1ea6825fd3d57808af43f82e
SpeedyChico#EUW,resolved_unique,1,60c1598191742fbae1beb8adaf275472
LovingAsianGirls#999,resolved_unique,1,6a273af78026d0aeafdb25a000be9e31
WAKE UP 00KI#SHBZT,resolved_unique,1,24fe6dbeac460aaa6f817887e304c5dd
WeeZox#404,resolved_unique,1,7889cf40509486da21fc98160e68373d
Lynn Minmay#Gwen,resolved_unique,1,e9288107891fcff67c31cd972384943f
Kurdenleben#EUW,resolved_unique,1,51ee0ddc9762b3c605f94506b3e5c7d3
Mr Batre#EUW,resolved_unique,1,cb5c17fe852f292bd77c7030d5fd34d4
ArzLakinest#EUW,resolved_unique,1,027bcc31d662da8e7a47343a817804fc
S  Θ  S  E#EUW,resolved_unique,1,2ce453ee408e787d65732a15a8df9fa4
Zeldatti#8334,resolved_unique,1,80ffd1b14a355a71cde016034f129643
MasterOfBatîon#EUW,resolved_unique,1,27a016e336b7e6c3f8349f9ec1b9797e
OfficialLars#EUW,resolved_unique,1,e4173f619676871afac575db8d4e337a
Gönjamin#TWIN,resolved_unique,1,e51345ddd229c14e27d8f2a8135e38d1
Humbis#EUW,resolved_unique,1,ecfd5f4ecd4bde27d03506adf728abe3
ibuprofen#1262,resolved_unique,1,2f09e8af4f52342954aa622c3a0c78b9
Huntsoft#EUW,resolved_unique,1,14b53e40a0872e68d3ed06b7090fcf0d
FLyters#0000,resolved_unique,1,742db6fcb82757af3b299104994b31da
Pricou#EUW,unresolved,0,
Kian987#EUW,resolved_unique,1,a44c610422a17b30e22a9fe0b33688d8
ribery2000#EUW,resolved_unique,1,2f24da19250bc396c45cfb0f2465429f
Ibraah#EUW,resolved_unique,1,b3676ed442a110eb0734d7b299afbb04
Vräjna#EUW,resolved_unique,1,fea14c66534edaf55ea1567d772794b7
vinnaren00#EUW,unresolved,0,
كيتو#1995,resolved_unique,1,9607a31fd8c82c2c1d2204bee7547208
ill never be him#xdd,resolved_unique,1,efa0ed25acece5834ff095859fce9071
ekaNN#EUW,unresolved,0,
Chimärin#NOIR,resolved_unique,1,25582a39f606aa6848a2a0404688cc1a
Fluffmeister#EUW,resolved_unique,1,1b93e2a46d9b99dab995447852deb4b7
Atreydes#SESH,resolved_unique,1,8113f8efb0b961b5e1a4df066e993c05
Akali v6#EUW,unresolved,0,
Annick#420,resolved_unique,1,299ce5e8a0de574dbb57b2d07a466e10
MrSheep#EUW,resolved_unique,1,f3b16fb1598e89a8581e6233581cb78e
sep#RAF,resolved_unique,1,56c1e31e138d8fe5b1000f5aab8b7791
Zuuy#EUW,resolved_unique,1,fb31b1c8e5036bf7350a4720698b09a2
GurkenHeinrich#EUW,resolved_unique,1,b8bbbd1970e5d1a4ab365fb169766060
ShendingMA#EUW,unresolved,0,
Bear Wrestler#7200,resolved_unique,1,e108562b25c1da975eaf9c42625090db
Zackyy2k#112K,resolved_unique,1,93bd9544a6ff5cd07cde4ea23f12c02e
ADC ouin ouin#EUW,resolved_unique,1,ef4e47526fc6f11d2ba008ecf3f14293
carlo3000#FUNK,resolved_unique,1,9e91ec5f85c09603912a61b5b5219c78
Zephylon#EUW,resolved_unique,1,da736e49fa752de9b5aebdbe7c6e520d
Guanciaaaale#BOUFE,unresolved,0,
Decimo Z#182,resolved_unique,1,a5ad5636af4ae3e701422bf47cc60446
KingSefirosse#EUW,resolved_unique,1,84e7889fab304ae653b6be13bf0473ef
Zerotonin#314,resolved_unique,1,4393186be9a762c65a028041754df7e0
FnatiCat#EUW,resolved_unique,1,b2ab8d68282520cb9253dae97fd5c57c
Mr Matt#EUW,unresolved,0,
Inormus#Bird,resolved_unique,1,60ee0dc51c42b1458129740a42a597ab
Sheen#EUW,resolved_unique,1,1e4ab32243d020cfe9b0e5399ecab7a6
Ringwraith#NINE,resolved_unique,1,17c813824fae94385ab72dd424545c04
Mackebryrsiginte#EUW,resolved_unique,1,ec070b3ea30a169ce05602402721c46d
f1bre#EUW,resolved_unique,1,4461ab758a0ad4b8524b4c1a554d584a
GrubsOnSpawn#Pls,resolved_unique,1,8c2beddb683b1cf26a05fd56a918dce0
Felisius#MADDD,resolved_unique,1,72e46cb315ea9bbb4c742823a4f3df5d
THE LAST ONE#G2WIN,resolved_unique,1,653d0c5519f27220014e24a0f2929f9e
Twitch Sakuritou#TTV,unresolved,0,
Kinnatad#9412,resolved_unique,1,83ff6f97f884737fb5c1ec1c7a9494a4
HAHAHAHAHAHHAAHA#HAAHA,unresolved,0,
Sultan#5320,resolved_unique,1,cf4f86f9534e32e76edf4c2b3bfdf933
개 냄새#woof,resolved_unique,1,94e5a993a90e98f6529a913c0c6e690a
Ildyyerhon#9842,unresolved,0,
APTEM#Dashy,resolved_unique,1,05b691f430b7944352bdbc7fec177c7c
하나님의 택한 자#고라니,resolved_unique,1,f828862e7179f9bf4be9e074ddfeabd0
PsyOps#OPS,unresolved,0,
Quaiessyer#EUW,unresolved,0,
Atheonsay#EUW,resolved_unique,1,02340e5b18f0f053df9aebef054f55c8
Count123#20111,unresolved,0,
a broken promise#dream,resolved_unique,1,6459875885a7d507ee139b2d7f1ea851
Seairdrod#EUW,resolved_unique,1,6b3b494ccc3b419f3e1a4ba9a8390071
Satoshi#0521,resolved_unique,1,2cc3321d5d6f0662dfd9175761db6922
Sisa#4524,resolved_unique,1,e13b4aab8cc73670ce1b042c880436f5
Michael Kaiser#8144,resolved_unique,1,13197dc74a6acf8a031665bd915fcae4
eski adam#0000,resolved_unique,1,aa5838213200aa9e3de8c5703f3bc38e
chiken#bowl,resolved_unique,1,1fa753ff62cbcf11e514b5593be37db1
Baba55#babo,unresolved,0,
Allune#999,resolved_unique,1,a8e7eb86a866a7ad544405fe425cec62
RockinTheSuburbs#EUW,resolved_unique,1,388c507e6f080d0d9c3c23bd1a641806
BlTOUNE#EUW,resolved_unique,1,a9414b24813b93743ab98afb0bd7a2c5
Edun#EUW,resolved_unique,1,f4f84bb77cfa1fb011ae041950f13116
Nettemel#EUW,unresolved,0,
Janna Ortega#EUW11,resolved_unique,1,caaf537010a60a749dcf15945e0d186a
Madlife sin Sohn#EUW,resolved_unique,1,63d124403f01b9a067e3926d85f2c65d
Jeeves25#6969,resolved_unique,1,c6d71c552a62b583c9f800dce26e7286
kasap31#EUW,resolved_unique,1,112ba9cd19b0bffcc1f5e2e7ce23d378
ll Siuu ll#l 7 l,resolved_unique,1,836fc6debc26fa2c957edd85f3a244d8
Supra MK4#Miam,resolved_unique,1,b7c6139e4cb9a4468cc49a69f448e2c1
Æšterłønœń#EUW,resolved_unique,1,252f1822cfc183dd4f019d5b586a8d18
Monarch#777Z,resolved_unique,1,79024e57816989950a95f40f3ec3c5e1
SnakerSpi#EUW,resolved_unique,1,d54015b5d3d714716090a49a16f3d5c9
Script2win#EUW,resolved_unique,1,d1c2bcfc5ce5a06ca650ac4bec4b6c03
DerSauger#666,resolved_unique,1,90a638af08de14238375374019631679
JokesOnU#Box,unresolved,0,
DragonBallDokkan#EUW,resolved_unique,1,c6526e554ae5effe2a9e74c6af36220c
FoZi4#EUW,resolved_unique,1,7ae14f79e5743b308a49fa7b7a692122
I Got The Fauer#EUW,resolved_unique,1,8af704e533a26957c1d728f18a9b9399
RookieCookie33#3934,resolved_unique,1,fef3c9e5e3d08523e7122e34c6117a43
ΑΡΑΠΗΣ#EUW,resolved_unique,1,e6520f8dc7c0b0445cfee2de7b71f384
TopKingg#4132,resolved_unique,1,4fafcc7f6a16d741fa17174f7375585f
15 addiff#EUW,resolved_unique,1,070137f0c5153d605732faf840eea7d3
Talon Soraka#OTR,resolved_unique,1,9e5747e467dea7a63ab3166aed7ff24c
Lucian Nami Only#Fans,resolved_unique,1,6816fbbc758a9efe8030302b5aac7d6e
Fiery#006,resolved_unique,1,5f250bc6b8db0c73102130f4fdac24d3
MissedCanon#EUW,unresolved,0,
Totally Fine#EUW,resolved_unique,1,2704801bc3a0a225acfff7b772cb7b38
legolars#850,resolved_unique,1,7b44ff2aa432e263289de4053dc1b815
vxvqlm#EUW,resolved_unique,1,d44f9a6a7d315c39994e2d47986fdd7d
sYGlenn#EUW,resolved_unique,1,d8ad187e3c13a96ffdffde3a9d99327d
Who Called 112#SOS,unresolved,0,
WHOISGONNAFEEDME#EUW,unresolved,0,
xXknatsXx#EUW,resolved_unique,1,27b91199e3d4e5889b65fe2a5ccb73c6
MAFIA DEL RATÓN#J05,resolved_unique,1,ed7bf43ef30e4e64889b15af8fd5fcda
You are McCute#EUW,resolved_unique,1,e26a32ab4125c5d5808fc04421a8483c
sun always shine#21s10,resolved_unique,1,513484d21880ebdc1841ce8eee1b3381
LuluUltMyPrivate#Part,resolved_unique,1,19c030950c83152874cb8ca4e5878e76
DevinpOv#EUW,resolved_unique,1,f66f074560c725e3c58bdf8edfb15295
GerichH228#EUW,resolved_unique,1,98f393d8894461f690f51ce1f79e1295
fissure#Gbz,unresolved,0,
Davy#OHA,resolved_unique,1,6f60eeb1e8dc3e2ecff774980f475f00
MRSpiegel#EUW,unresolved,0,
Fate07#1tap,resolved_unique,1,cb67f075c857e4c8a2ed03bfb584566e
Chuizio#EUW,resolved_unique,1,8f73e04a225c75c97aa044bacf2970c7
Subtlety#dih,resolved_unique,1,74b5c4b27ecfefa21e551745b89be6dc
KHA 6 MONSTER#2302,resolved_unique,1,b81e57502733e56eada6e210882fa6c5
Merlin#381,resolved_unique,1,1f1eca4d8c83e30f1d4121f26a38901b
Vaarus AP#EUW,resolved_unique,1,df690b8c323173046ed5c55e457f309b
FERNANDO ALONSOO#EUW,resolved_unique,1,17039517c23cb2f82f9a8663c99f8b34
vaynefcksu#EUW,unresolved,0,
Better AD#EUW,unresolved,0,
OTP SpackJarrow#EUW,resolved_unique,1,9878c7adf64348c437cac51db7edf0ab
KΔiXÅ ßĂNK#EUW,resolved_unique,1,aa8fafd52a250c593bf0a069a59f1b87
H5 James Jng goD#EUW,unresolved,0,
Germanische Sage#001,resolved_unique,1,18498bdaa2785b08dd10dc04a417d261
Cascada#000,resolved_unique,1,23cb9786b99423e9ff085b87135c4e79
Harry5672#EUW,resolved_unique,1,79fc4cc530745222ffaa34df54f40650
Djerkov#0627,resolved_unique,1,c7591d9a88b87a903c73fe65da4a1db5
Nyghz#EUW,resolved_unique,1,9543274b3736a410792a64d212e5da6c
天才貓#MEOW,unresolved,0,
Her Carry#1804,unresolved,0,
fullcowl#hero,unresolved,0,
Beru#kiiek,resolved_unique,1,52ac0d8cdbe6b5099a94f9a8efdac7e4
JinPy#TWC,resolved_unique,1,2cfdd818e055d6d18775ec290af61a11
therns kitten#his,resolved_unique,1,6b32cd0e27d7c5b2866586c666acc78b
Volêas#EUW,unresolved,0,
0100121021#EUW,resolved_unique,1,c5916fe492cef5d790bec384459331ae
MNS74TM#EUW,resolved_unique,1,537a5199f8f0fb854e35bd6d88db6feb
MrHonigkuchen#YUM,resolved_unique,1,3367efc83063d175afc13b0e111fdaf0
Polar#LPB,resolved_unique,1,0c08d9a7b934e87d472e9829626edf85
Redeness#EUW,resolved_unique,1,09c7fc0c5cbde6534702cceb3bde8ce2
Bille#2691,resolved_unique,1,019a2b86d29825cf247eae2bfc9f9ea9
NecronGaming#EUW,resolved_unique,1,c2420e8e5a420be1b0f2845054676ac1
Vyboroden#EUW,resolved_unique,1,8b711372e58f6ad4ae0ea7c25906d9bf
AmegoPyke#Sgarr,resolved_unique,1,76084af3913ed32c84d2b33328eaeeaa
Rougail#974,unresolved,0,
M3Ł3N#EUW,resolved_unique,1,a121433a9e692d36e80500834dc9dd35
Ulterior Mootive#EUW,resolved_unique,1,591e41a65e69fb1a45bd023ba6fbe282
TungTraiMsHieuDc#1996,resolved_unique,1,d5f03f8276f737c23e3abfa80d20944b
SomeMaskPlayer#Swain,resolved_unique,1,807e778a320654317ec21cd644155614
dont bullyme pls#EUW,resolved_unique,1,6ef3a04d81bb8180054741af5f8f7879
Sahasrara#1000,resolved_unique,1,5a9692b0aaf43d97bfb818363f330ea0
SPARTA OR MUMU#EUW,resolved_unique,1,782fc6f8fb6e7df3203ca9912070652d
XvenPai#EUW,resolved_unique,1,d2fbf48be42af7ad281106cf840b8554
lilAzazel#001,unresolved,0,
Terycloth#EUWB,resolved_unique,1,b6e3c3d9d09121b50b395d9d411274b0
Sulyo#Henlo,resolved_unique,1,f2f7ae15f08bf48a83e722ff901c8783
texhnolyze96#EUW,unresolved,0,
another love#6969,resolved_unique,1,b2528f1c3b7b2461e3d245fdec842172
YordleMicrowave#Fire,resolved_unique,1,e38eb31ffa2e44afc7e1eabf4545e3d5
Arlayä#EUW,resolved_unique,1,6b3196086dc3e2017f0aa38db566f772
Deluxei#0003,resolved_unique,1,d27e11e75c25a284f4fa4f5a6768e4ac
Itolo#EUW,resolved_unique,1,e385b47c7798ec468a6912bff41ec268
RedPockan#EUW,resolved_unique,1,e0beb4fd242cee7f11a4d15e9fe66eda
MirokSA#EUW,resolved_unique,1,a36db2a3d55bda8012fc5787a2761a4c
xGeko#EUW,resolved_unique,1,aa20dc6611849f0cf02dd4c76443c7af
MrSugma#EUW,resolved_unique,1,ca4e6260bf64901b7fb579cf66643867
kurokushi#EUW,resolved_unique,1,0fb7a3ca83481e7677fd06820966320f
EngelAlexandre#EUW,resolved_unique,1,06602ee96048c5b9fee28f549af59e0e
in an instant#EUW,resolved_unique,1,6d5bbed41dfb253ecb470d8ceb58eec5
Tibboh#1312,resolved_unique,1,763ecffd06077fe5717d9e8c340552d7
Speg#EUW,resolved_unique,1,d9449a79833d07ad8a409d358286038e
Pompol Big Plays#EUW,resolved_unique,1,0b936f5ad916293a0f8570813ffb6180
CptLumi#EUW,resolved_unique,1,a00cebbe118aaa242b357d604f0a287e
Gattenheimer#EUW,resolved_unique,1,6ae134f1d86a44fc86a822cf2404b10a
WesternServia#EUW,resolved_unique,1,d6d41d1753ed4114a23919a2db152c2f
WinnieThePoohta#EUW,unresolved,0,
WendyCarter#DST,unresolved,0,
gentil forestier#jdid,resolved_unique,1,d5f7039709514eb5544dd2a231a8161c
Shus3n#EUW,unresolved,0,
RyüuK#LLL,resolved_unique,1,8a70608e1e5bf223a59138c680603e23
íTormentor#EUW,resolved_unique,1,6375919bc065da1b531cba59b519e730
oida miky#EUW,resolved_unique,1,f1f8d9e758c7c28b5bb5d2e2563f4f66
The DarkLGamer#EUW,resolved_unique,1,d22f3241683a547c8ac6db93ae4d18ff
rqksa#EUW,unresolved,0,
The3SideEye#EUW,unresolved,0,
KanzeRII#EUW,resolved_unique,1,294f7c17b04b0b37f16dfc33ecc82e83
HulkBerry#028,unresolved,0,
GIVE ANYA PEANUT#EUW,resolved_unique,1,47b82c54590fd97a92fa2448e3b51f79
Look Val Snacks#wings,resolved_unique,1,8ae81a3d441400573aeb7922743ba583
Kirie Keuin#EUW,resolved_unique,1,44beec84f59f3101d9af12f94850f0bf
GC Ròses#JGL,resolved_unique,1,1aa629a8ec8c6aeec1f5854d40498952
Tarek#135,resolved_unique,1,afb308ca91571bfc11cfbd22be0ff0ac
Toaste#1738,resolved_unique,1,18ee516824b5feaef267dcc37f6c2979
TadeN#259,resolved_unique,1,7d9cc65e6a408b3d944f6f3aabbb074f
Teslyn#EUW,unresolved,0,
SLY ElGato#EUW,resolved_unique,1,d3022d8ec3567627e6fd6dc391473561
JeTiX#EUW2,resolved_unique,1,0a1457059e32d793f4d9677f920b3dd6
nouel#EUW,unresolved,0,
Rei dos Ratos#9832,resolved_unique,1,b7620eff4cc434462b581929e03968ed
LordLavaLampe#EUW,resolved_unique,1,3b60b2d3c6792510ee5bd1a68cded4bf
2Ds#die4u,unresolved,0,
alegrimiki#EUW,resolved_unique,1,0e5d278674e5ed1dfb64b2adc97c29d8
Shadowsalman#EUW,resolved_unique,1,b50dbf4774bc83dcb2f1dcbb4e098c2b
fabiano2003#EUW,resolved_unique,1,a3647b4ce008aecaede1d127cf54cb05
肺痒痒#1028,resolved_unique,1,6a65badeca3e276fe677dd1e0235a785
BEST BOXBOX 13#EUW,resolved_unique,1,6d5f4e2a1ddfd88a0b1c7cd20d67aec5
chrisi22142#EUW,resolved_unique,1,65e48a771455db9850bc3a14c500faa6
Chrasb#EUW,resolved_unique,1,92d97d21d9442867b32fc63e4b4a20b1
Passa o Bic#EUW,resolved_unique,1,8b4e05df37d67776dcb8b3475124ac59
MCJoker51#EUW,resolved_unique,1,f1646446cf16d99f6e2c205c82e9093a
EL EFECTO TETAS#EUW,resolved_unique,1,e1664343c0141038f68fb2c3d358e90e
Shaco the Joker#EUW,unresolved,0,
WF Pandu#EUW,resolved_unique,1,92c36fe7ef61eb567db9771401e14095
Iiiiistdasnormal#6969,resolved_unique,1,e38781992c8c695dd7833c64726e7b55
oscar  ZL#EUW,resolved_unique,1,7680103836613b978f12c424ab1d3f18
Let Him Cook#444,resolved_unique,1,0c6ac92e435bc1b755d684a360867132
Articuno#2828,resolved_unique,1,3432948e12032ead6adb1ebe884b4085
WZbØy#EUW,resolved_unique,1,c9bdae48b7a225aec5943d1f49b2c554
DesolationDawn#Pain,resolved_unique,1,57a1291e66d5988d5611f5f78b73fc06
Mr Qwerty#EUW,unresolved,0,
CrocAuxDeals#EUW,resolved_unique,1,c14e9376fa7d1b05631f9046c60eec4a
Jiaxingb#EUW,resolved_unique,1,d5e253748b16b0ad2908fbf00ff4307a
Amonicus#Ornn,resolved_unique,1,ac530871472743f6dd550f1a3e9fc67f
doghouse#ninf,resolved_unique,1,3c10bfdbbe304a5ff1ed40e7359c9070
Dooeh#EUW,resolved_unique,1,488adbb7f62ee8dec5574650ff0b02d4
jamesjan3#187,resolved_unique,1,269b67bc506788b9b1d13a04d946b0de
Ghost#Ashe,resolved_unique,1,56f7699d9df4b72011678620b2fb82b1
BattleCastMinion#EUW,resolved_unique,1,0fc919b37ad48f41bc3c6c7e57573414
TrkopDoFight#EUW,resolved_unique,1,b50e59001ce242261636dc0c3bd2d8e3
Blade of Nashira#2212,resolved_unique,1,24db2849e0d524b350357d8c55e934ae
ZigEvent#EUW,resolved_unique,1,494b377cc3d8961476abdfe72acf9c24
Goldie#1001,resolved_unique,1,5b95dfedf7f921fa06320fa75f9b5d75
Almighty Smaug#EUW,unresolved,0,
埃斯彭#9937,unresolved,0,
Pink monster#ZZZ,resolved_unique,1,1021765c48c994703d682ab40fd27b72
T1 ON#5PIGS,resolved_unique,1,527dc39714badb2df6e34be9fea06cf9
telanar#EUW,unresolved,0,
ThetaMoss#EUW,resolved_unique,1,4f247218c0393210801d52539d907911
Tsubame Gaëshi#EUW,unresolved,0,
Severid#21872,resolved_unique,1,1411d9c3bb9012ea09b76a695b98172e
Kerezo#EUW,resolved_unique,1,a1c9d583ca6fa170ade5d3901e27a3c0
1v5 MACHINE#EUW,resolved_unique,1,96039c732a0da44c0caa8e922b84fadc
ALEXxXxKILLER#XXXX,resolved_unique,1,1713689e374db3025316605b353c8cbf
Azy Combaz#EUW,resolved_unique,1,9146227b49229529410b30aad6bd349d
Jennico#EUW,resolved_unique,1,5982acde9245b99a7e3d8ff7f0cebb8b
imRiChY#EUW,resolved_unique,1,0f742650a16f30b208ca35c1f6a45db4
element aqua#EUW,resolved_unique,1,1099b631d37c08e9e61a183f6f45bb94
CharmingFeathers#skilz,resolved_unique,1,d7a6b84a5874612f5097fa0037efc06b
ET Freund#ETTL,unresolved,0,
Schmidlus#EUW,resolved_unique,1,8b4d57b90c4f6a82e1485d0b49e84d01
Real xEnri#EUW,unresolved,0,
Váha#EUW,resolved_unique,1,0a587a01f31fc95d9145014b01f256b9
Mizmouz#000,unresolved,0,
Belethier#EUW,resolved_unique,1,d8d25a6122eccafd7a751bf171749d12
Monkey D Monty#EUW,resolved_unique,1,eda47fccd16b0def14a28fdeb85a7b81
Coldest pyke#파이크,resolved_unique,1,989bbdae562e538b27204ac1861c91f3
Panda#ADC,resolved_unique,1,fb0e94357e1f814ddb5be348e43398db
Noctage#EUW,unresolved,0,
Seuteur2brune#GGZ,resolved_unique,1,ecbc2f7d6676d453362e1459aff93f64
KaIiur#dfd,resolved_unique,1,5c4853a414c6a8d38356f341f8ea9172
Danny D#GOAT,resolved_unique,1,8d6f8bbe172bf5d5e1309e1560a28bef
Galoisgruppe#ALG,resolved_unique,1,9af02bac488fccd396b1d64227af1dcb
Prankmaster#EUW,resolved_unique,1,abf7a6dc064c68e043ce65b6ed081e87
killoxor#EUW,resolved_unique,1,f1900b0ad4d88203bbf5a10afc256ecf
Pinguifante#EUW,resolved_unique,1,8fe29c2eab0aa3c41d053105b074f9a6
Cowlum#Cal,resolved_unique,1,ae05bdc1f7dac0b0eac3279d53fdb004
Tofu#98765,resolved_unique,1,ad6b15f1cb28cbad2e7dbd1bd230895b
greatcap#EUW,unresolved,0,
bgt8#broke,resolved_unique,1,546a774bbaf8229b30331fb341da62ff
StrikerPwnz#EUW,resolved_unique,1,3ac060cb8e0744f72e8688a871268d6f
Animalos#ADC,resolved_unique,1,1b8df2a8ea5f20d381c7b2a7bb4a4f49
Hi Im Unluckyy#EUW,resolved_unique,1,520c6d36abadb62d566dc4ef36e73710
GodForcePlays#EUW,resolved_unique,1,b9e7cf724fe31302f529f819267831b4
DarkTato#0000,resolved_unique,1,30c6ee58a45d107b423427689e1b0f4f
Amverald#EUW,resolved_unique,1,17e8639e0fe78cff939bc1623bbde9bf
cuh drel#fraud,resolved_unique,1,434646d4f41a306a63f9fa3636af08f0
Ærligfyr#EUW,resolved_unique,1,b5f0c41a0cd801b0a6cb0e64cad13b79
Sosseslakt#EUW,unresolved,0,
Boyan#EUW,resolved_unique,1,6eb5ee67627fdc33a4b9e1a3f4a5b716
Atleast160BPM#Rave,resolved_unique,1,a443c6d6c506e1a704179279d948664a
DESPAClTO#EUW,unresolved,0,
Vinilo#Sen,resolved_unique,1,0c8e96ae849b29cc6dd8289486355ed5
Defftal#EUW,resolved_unique,1,6d7b46bbfdfce532d1d963b39dec8fe2
Xanatosxx#70844,resolved_unique,1,3d613cefc2489eccf93783bf6d8f3c66
Roxas#5654,resolved_unique,1,d697f4d947474fb1c1008240abc1af5c
NameIess shadow#EUW,unresolved,0,
Tony#360,resolved_unique,1,844fc21d13d3a7b9db2b37cf71c78ffd
Hi Im Jakub#EUW,unresolved,0,
Tibse#WTB,resolved_unique,1,df98ee2839cadfd2338e6823c0d5bd3d
GhouIman#EUW,unresolved,0,
Toasteri#EUW,resolved_unique,1,3e025799e94c64b1d3f0e09a6cc6e940
zakayaco#EUW,resolved_unique,1,6097b6bd5b534079d639986759420534
HalfLight Jackal#EUW,resolved_unique,1,be1d91fe1bb77340608f54b3964863b5
Laac#EUW,resolved_unique,1,8d5f997e3cb8e17091faf682c9aa8d01
Schanzus Longus#EUW,resolved_unique,1,872291eec7448beda6568217bcb39a57
Right Show#EUW,resolved_unique,1,bbfd5918b0cc0df069931a87966972f5
jin689#EUW,resolved_unique,1,2d8de2c2eecd3de398dd044eaf186c4e
Leithen#EUW,resolved_unique,1,bc968f7f5b067fc858007164155fdf3e
Captain Clarity#Korky,resolved_unique,1,cbdf77bd3c9f074e54bf0ea88c43e4ae
Donald Trump#Baron,unresolved,0,
DeTaZ#EUW,resolved_unique,1,cf92290b92baaa6ff68982c50f701229
Lillis#EUW,resolved_unique,1,9b92942eb4b0ba6ec6bcdba372448221
Klako#EUW,resolved_unique,1,9bbcc128bbcfa8b3ecb3a66cb8c6b546
BARBARE POILU#CRUEL,resolved_unique,1,2da97cf2dc79772da709fa876d121375
Outlined#EUW,resolved_unique,1,80939295c3bb0033edbc7c0ee7351d87
Lauge#EUW,unresolved,0,
Romsi#1st,unresolved,0,
Verhüterli#EUW,resolved_unique,1,f833dba45c97352a29e7cf719755c72d
CRIMSON TykiMikk#1313,resolved_unique,1,4fab4c952c1c3c86ea85e96fc4b75bda
ZonkeDdeer#EUW,resolved_unique,1,c821739c0ebc1e1255cdcc4626560cb3
Hobbz#EUW,resolved_unique,1,fb30e5fcf521c3b9bc6948ca467fb5d3
BIBABOBU#EUW,unresolved,0,
BlastBass#EUW,unresolved,0,
Dark Gurd#EUW,resolved_unique,1,372fe500e61e5f06b48c421aa062d455
Notus#EUW,resolved_unique,1,e14e5380346e4beeb03e8c9336b6b3be
FlaxO#EUW,resolved_unique,1,743f1fb0e0e6effb70174d9f36cb0c8e
Hało#EUW,unresolved,0,
Destroyal#EUW,unresolved,0,
MadHook#EUW,resolved_unique,1,75a175aa9426f3cb63923527b7bf46b4
Exises#EUW,resolved_unique,1,297f03d85e5d3e15f6492bb19988c332
Smerf Ciamajda#QWQEQ,unresolved,0,
rehab legend#R34,resolved_unique,1,d1d499663d71dc37f76ac14b3cb915a4
Over#EUWww,resolved_unique,1,c42525b2c44d6042c046d465995175cd
XVQ#KR33,resolved_unique,1,eeb31a59c36a315abe154d82696b9f68
Nagi#S8705,unresolved,0,
Jodio Joestar#JJBA,resolved_unique,1,23b05cb33afdcf0ce37027a774e2e59a
BDA Ultime#CHINA,unresolved,0,
Kmetananaroda#M11,unresolved,0,
BLOOMINGHAZE#snow,resolved_unique,1,f1e302ee5aa6e372276b73cc3465e0b4
couk12345#7917,resolved_unique,1,6ac0d0347143599e74f38a24d5e65a8d
Genesis#NTBR,resolved_unique,1,7608bfd17512fba07cc78a03184af134
Zen Player#Calm,unresolved,0,
ego player#aii,resolved_unique,1,a210ab4b1469f248234b7e08bf18f898
KONGxr#520,unresolved,0,
pancake#1403,unresolved,0,
RopeSwinger#L9XDD,unresolved,0,
Tracushmor#9731,resolved_unique,1,1d3438f9463d0f892e440fc8461c579d
gods favourite#007,resolved_unique,1,14d36feb21d46bbfb1ad67d923fcbdc6
Bostonfish#5335,resolved_unique,1,0876d64ec42ac5d4d2a723c8808dabb5
Frellyrononn#5142,resolved_unique,1,22ddf1c1ee8d7768423a66eaebbc2d12
BONG BONG U#4444,unresolved,0,
Navier Stomps#PDG,resolved_unique,1,bb61faeddc1631de0325cc56e0a73058
Tears Of Lorkhan#99999,resolved_unique,1,6d5d81f18d30d104adfa58de47987079
MoonyGlow#Euw5,resolved_unique,1,8f1b347846b010edcfc90ef4ccd395b5
TopQuinner#Quinn,resolved_unique,1,2e3667d38d734eda12e7d362a9f5984e
GoodLuck#1337,unresolved,0,
MUSASHI ˉωˉ#000,resolved_unique,1,13246f746a909d370f8796e74645a62c
丶丶丶丶丶丶丶丶丶丶丶丶丶丶丶丶#一一一一一,resolved_unique,1,37dba6d9aec85458b882b87bbf8efbfe
mb vote yes#ff15,resolved_unique,1,63e34ac6d82b22c3f3d9217a991cc982
Dunhill#0100,resolved_unique,1,6fefe99e10a3e39439fb6ec0447c1fbd
Gennedenn#3738,resolved_unique,1,6da39941f66404b94de1a20169d45f49
fmo#53793,unresolved,0,
Shizayusi#MASNO,resolved_unique,1,2a366b831511bd20f00cf25e2a136dec
Saryn#Cedo,resolved_unique,1,4a8f5b1329b5f3bd29ac8d6aad16f86e
rehins#避けられな,resolved_unique,1,539a978dbadb77c68fd140654047fe4a
enai#30557,resolved_unique,1,66425084002dc573a02db2774e39d6cd
ShockWave#1605,resolved_unique,1,074be5ec61c28b94c0745938bdf2cdcd
Q3Diddler#QQQ,resolved_unique,1,4b1a2a3633ed176a187cfb937fe727c2
RATCHET#11111,resolved_unique,1,454b968b4fae7857dd471c34cfeda6d4
34Luco#EINS,resolved_unique,1,db9878b039affb7ef478812b0d00de87
CLANK#4569,resolved_unique,1,5336747c9b5b9c92d83d7b2e9fa12e99
pisi pisine#333,resolved_unique,1,6422224e1b16de1cc60d0f82e16f9fbb
IhaTeBeingSober#1911,resolved_unique,1,9942b435b04c1407ba810031991bf92e
Aurelian#DERVE,unresolved,0,
ICIK#owo,resolved_unique,1,f037ec8abfd32a43efe4cfd92ac21e78
hoodedcobra#666,resolved_unique,1,82f0f70c9d453c5f0b4066037c8409ba
Kelrveright#EUW,resolved_unique,1,970503c14075aef5ea80cde216763395
Dirty ADC#HELP,unresolved,0,
BOULE DE FEUJ#8784,unresolved,0,
Ness#124,unresolved,0,
SKREAM INT ACC#1HAND,unresolved,0,
TTV Vaynged#relax,unresolved,0,
43545321345#24535,resolved_unique,1,72b88599d0b3331418b2d6d301b93cb1
Cousin Macron#EUW,unresolved,0,
Crypthorn#Rgnt,unresolved,0,
XУЙ В PОT STYLES#NRS,resolved_unique,1,eae6890ca30b455e1c37cae07d8e98d0
Rotten Water#FR01,resolved_unique,1,4fd738672d584de1beb2a3c52629e2dc
kiksmoothV3#zgeg,resolved_unique,1,8cb5ac8604243f6bc3177ea47ffcc879
Jeannie Gold#Zzszu,unresolved,0,
Bobby Baratheon#EUW,resolved_unique,1,766a14a9a3c7d55cc13b02686af42058
przemarbor13#MBNOT,resolved_unique,1,adb3cf088be22e23d2b57de92a39a255
C9 No Hands#EUW,unresolved,0,
简 睿#EU1,resolved_unique,1,c951577611617560a734616fda3554ce
Oqan#6969,resolved_unique,1,f0828dfa91e3686da4dc7e880fb7fb97
jonko roker teef#EUW,resolved_unique,1,2756d96fdcb3f0de551d65c9f77d7639
THE DEACON#EUW90,resolved_unique,1,a34cb2baa677101b67102ffdd52d71e9
töltött káposzta#bab,resolved_unique,1,4ec2740d9c21e9a1f8cb8469a0d38744
Simon#x53,unresolved,0,
Yanthus#EUW,resolved_unique,1,a047461abe38e71d8d52dcdff9cda4c3
CHAMA#R2D2,resolved_unique,1,b951e305e862dd075267a346ac3caf7e
heartless#275,resolved_unique,1,33c6d1e10c2d02ba09d6ccfecc7f4e5a
他們不再在一起了氣瓶#00000,resolved_unique,1,64475880099ead1b715a2a955c03dbd5
WX 国家服务一号掷矛机H1Q#复仇之矛,resolved_unique,1,4ab407b15aa606a939f4a799fe87cc49
Sin Of Pride#Szamo,resolved_unique,1,1b32dcb0801ba5bc75e61d77d0b22f76
HANDLESS ROLE XD#EUW,unresolved,0,
tj jeepers#EUW,resolved_unique,1,44b1fdbbe392617f8894e8b46f239895
Vealettasa#EUW,resolved_unique,1,fa710bdee53ae7358e525c1173e78bd1
SHOOT#EGY,unresolved,0,
ni051ck1#EUW,resolved_unique,1,a649db1d22a41dcb33cb9013d1f75b21
Complicated#Times,unresolved,0,
Kral Blanska#KING,resolved_unique,1,6b7f87ccf64b3d3fd40873a09d27d9cd
Destinasi0#EUW,resolved_unique,1,059103dcff5d1617e156d753f687e70f
Sancho Panza#pdf,resolved_unique,1,b543c6324b29f400adcf6368ee4ec5b2
Wovenax#EUW,resolved_unique,1,4eb1a2b5aa0790538ecb448bfc9a63f9
Endless#LRats,resolved_unique,1,647f5ff26d6bc8bb1fc8db2928312bb6
DidYouKnow#OwO,resolved_unique,1,aaaa8ee01ab66fb5a34a0847fc6667c2
Armor is broken#EUW,resolved_unique,1,9e68f69341c1b0c96ae439c3ba5fe5f0
Quandindeld#EUW,unresolved,0,
Soul of Lucifer#flow,resolved_unique,1,2732054175afc0e1e5fa9ba6a545e5ce
DenxDe#1337,resolved_unique,1,e7c724e75a63e8ca3f9bd15b3d047c0c
Qatarskiy Corgi#EUW,resolved_unique,1,b4802f365f03d73d5b5e963c00c3447e
2342342342342342#dasd,unresolved,0,
hit and run son#EUW,resolved_unique,1,36d9676c0395877046af9992dce37813
samppaq#rich,resolved_unique,1,faffd9989d983e08181bc150df68defb
GOOD LUCK IN KFC#EUW,unresolved,0,
D1ldoTusks#EUW,unresolved,0,
Pench0#EUW,resolved_unique,1,0c630a602dd00e7a2b45b2edc91f4914
Codeþreaker99#ADC,resolved_unique,1,f3da2b249b0bb2a39b6757b5502d2168
Polish Air Force#PLAF,unresolved,0,
sfcdfdgrgrsggggs#dad,resolved_unique,1,070707d520eb438f2034a679303769e7
Oonah#ONH,resolved_unique,1,81ab11afc30c0f7aab84becac16dd028
Memcho#0727,unresolved,0,
Pacahol#EUW,unresolved,0,
Tipiak#OTPGP,resolved_unique,1,9021c9cdd1ce0790bbbdd191d4fad380
DerRakuna#EUW,unresolved,0,
dead parents gap#1v9,unresolved,0,
ImOkJustTired#EUW,resolved_unique,1,2e843e28f740982c58881c584a29aea6
Leonardo#eol,unresolved,0,
Onnisanato#EUW,resolved_unique,1,40218ceed8a2d442ac15a6fbc797136d
WilliamZabka1#EUW,resolved_unique,1,fb1060b1fd9cafebf397fe407a830a26
ZIGUZUGULE#CIGAN,unresolved,0,
Child Investor9#kekw1,resolved_unique,1,c5893a3afda7878f8fa75a16e7a3a4d8
lkooazkw#EUW,resolved_unique,1,2ae0b68f18f9312aeabd3bcc9db34b03
MEOW MEOW MEOW#DRVN,resolved_unique,1,0ab655a1011110ef8a840d9df03a6990
nekkuzo#yone,resolved_unique,1,c7d0026fa4cca72dce1c0fdaf5994bc0
Vortexalpha#EUW,resolved_unique,1,a1d1dc35530dd8415da42bc02c831faf
Thifox#EUW,resolved_unique,1,08416ec480fc02b8044d3bd65c9ad118
bdg gumayusi bdg#LOW9,resolved_unique,1,61dc2ce6b03ed93937651b56dc7b82c6
repetition#again,unresolved,0,
CLS63SAMG#EUW63,resolved_unique,1,b9f842879dd6da6bb380e576b8387713
ParsilaG#URFTV,resolved_unique,1,29b5479d7809eb828a882a60ddca73cb
light yagami#req,resolved_unique,1,70da8a209a6ce23ca6b5ecc5b0bf12c1
Always#JGL,resolved_unique,1,60822f2a4ad0ee6a2229fe4d0c38f3a9
VGKavleas#7590,resolved_unique,1,724db9ed3018e677d9ee64623fecb757
Poseidon#RITO,resolved_unique,1,ffd7305b9e7e3d4373f82ef5d18a9980
DARK TRiAD666#ego,unresolved,0,
CYCLE 2 LA HAINE#HAINE,unresolved,0,
Sasu#ADC,unresolved,0,
Misikyuv2#5123,unresolved,0,
Stopbullymeplz#EUW,resolved_unique,1,296a8d5c34c1301e9c89802389114977
Slovačik#JGD,resolved_unique,1,6ff7ea45647250bbe61d0a789354f99d
ZZK#RVN,unresolved,0,
Violet#TAIRN,unresolved,0,
Braindead1#one,resolved_unique,1,0818ec3ac4e7111b12f656923736add3
Sokak Köpegı#Hav,resolved_unique,1,3b2b31951c459691857f759a389a648f
Le Samouraï#322,unresolved,0,
legendoverII#9510,resolved_unique,1,0d2f777f247a2bf9fc371aaa62f015fa
WENDIGOON#FOUF,unresolved,0,
OrgrimDoomhammer#LOL,resolved_unique,1,f87fc477aa2af9a1b3187f8a2da37de6
ItzYana#EUW,resolved_unique,1,61125a24761c123b67e59f841055f9e3
Gayerhals#EUW,resolved_unique,1,8d340e1d8110b8ecc942f93a64ea60c0
NTAVA#81808,resolved_unique,1,caf7d3ddd04168c1462dbbc7d9509663
ZAC À MERD#zac,unresolved,0,
Fan de Ariana#EUW,resolved_unique,1,d28181ddbf5529f495b07abd9801c458
Rayzon#TTT,resolved_unique,1,be61f14440b69e0a51e4166ce05e64d4
Shunpo#111,resolved_unique,1,5bbe6c0212afdc72c59524893d3535a4
Anitnelav#169,resolved_unique,1,4f5ad0a3041fa27d475952ff9dc70ad7
Clavicular#Chad,resolved_unique,1,cb36f5dfe36f1e03fc8e0201727db07c
台湾不是一个国家#CN1,resolved_unique,1,f73b3930e1d5dcbaf7c22bf5d440dd22
IChinaNumberOneI#EUW,unresolved,0,
Ψ Rell Ψ#SUPP,resolved_unique,1,cdac5635599653579d409e1278f3303c
Warwikas#EUW,unresolved,0,
Michael Rafone#EUW,resolved_unique,1,bba60bb614390bce1e36c906b4ed52f6
girls love yasuo#EUW,resolved_unique,1,f2949c1ec7755f9b1aa88724f8c974e3
Littledryfish#1006,resolved_unique,1,58f6d1f202ce120dafa67f7ed952728f
Kagano#0000,resolved_unique,1,fa09735a8a74c0a6a3dbeed0a7d133b5
GWEN#ahaHA,unresolved,0,
Ludens777#8214,resolved_unique,1,77b37fb4d6e418e395dee3aecbfb4f0c
ju3g0 de mi3rda#ESP,resolved_unique,1,c5c2a94b160cf5ae729e22ecf652a5ce
LynnhZ#EUW,resolved_unique,1,6054354de2038810a776ea8ce1fe7dc5
Jose Francisco#lll,resolved_unique,1,069f2c2d72b756630a5f465cbfa2af77
BironBiron No Mi#EUW,resolved_unique,1,436a4e5cbb479dfd3c43d743c0ac1e54
Karth R#EUW,unresolved,0,
WhiteVanShaco#Box,resolved_unique,1,ef088956f48ca276fa82a493eb5087be
Ye Qiu#MIND,unresolved,0,
Miasmiel#EUW,resolved_unique,1,7c411b888a772332e15e06068a2a373e
rodas#5487,unresolved,0,
FarrowEirenjoyer#ais67,resolved_unique,1,8eb6b3f71c9f95d95f408dffaa15aca8
XXXXXXXXXXXXXXXX#TEMPO,resolved_unique,1,16a6177674047b01016d89ccd1e99fd7
llDeMoNzll#EUW,resolved_unique,1,38a594a6f6fd2da1f1908f7f4ffa29b1
ordno1#EUW,resolved_unique,1,499147954b91e9772fc30b97dc42ab1c
TALONKING#ZEUS,resolved_unique,1,27f3d68d4ad3b18dc190f7bc6922ab19
Daddy Demarcko#hft,resolved_unique,1,8930174751bc5ecef7ce7dace96486a3
44929247#5526,resolved_unique,1,586001238c36f276e7289330f7859a54
Ayamax#EUW,resolved_unique,1,4ed9a93794b54fa2e37ecf044edbe443
IkeaShelf98#IKEA,resolved_unique,1,3b0d19b4c383cf97b05e22f1a68b88ea
Grenhil#EUW,resolved_unique,1,c27ccf58bcafbe7823f99755f591c6d4
asdfwq#111,resolved_unique,1,d5fb10a57c1658718a40623302509cd2
Al9aro5#EUW,resolved_unique,1,a2fc3e30cf1042f304875d86c02237dc
AshenHawk#EUW,resolved_unique,1,0329ac4fb15d15c349e1c3d14a5fefe9
Vieze Rat#Vuhs,unresolved,0,
Aïoken#tbate,resolved_unique,1,9c70a68f4b6bbda2cd868f6de27af9d9
KobraaLaD#EUW,resolved_unique,1,266cdc77448b8e99b63f98a5ae7d40c9
SWCodeMarres#EUW,resolved_unique,1,3d6404a4dbbc85ba4bfdd4594aea1eb1
NicholasrXcSwN#EUW,resolved_unique,1,ee7dcf3544a620eb89494182f13ba09a
XCOISASX#EUW,resolved_unique,1,c531d07900dd07c75c2c647a1b9fa233
ChrisyMoltisanti#eu1,resolved_unique,1,540419b8b94fd35f86952a66cab20a9c
Exodia#RAA,resolved_unique,1,8de44592e5a76c656ac586264b064c48
I23456789O#EUW,resolved_unique,1,8b3d6f2adc50331e3f9cd48909228e33
ungtkød#999,resolved_unique,1,c78aaae8540a094978fceab9ae1ed88e
00Umaru#Yuri,resolved_unique,1,e08191cf8ca437509f2a345c3c6550eb
Steve Irwin#163,unresolved,0,
Korean Odyssey#EUW,resolved_unique,1,fcb0e1cb6dc239a05cdb4513f6d2265a
Mitlenight#AID,resolved_unique,1,f1252fff45f35db9a33ccb122f65d493
RobertJeanet#EUW,resolved_unique,1,a8cd49fb65aeb011ff0b927c110f6036
PLAYING FROM SN#221,unresolved,0,
Espeduar#ZEDOP,resolved_unique,1,60413e4691c9729fa0f46e5768eff741
DiesesObereLinie#EUW,resolved_unique,1,9ecaf2300055bc074fa03d94982b4a99
HolyRomanRedfox#KING,resolved_unique,1,5b64334e1879c2911afd98289d97ff70
so it will be#EUW,resolved_unique,1,381cd2e94008f24cd7f01c7f75fa1aba
Pinwydd#6746,resolved_unique,1,9942715e44e3319d9d92390b0840b1b4
スタンク#2727,resolved_unique,1,708199716ad57c6d6ffae8244ede0317
Bambi#short,unresolved,0,
AddisonyTfY#EUW,resolved_unique,1,042fdf97060419840e836414e48dac2f
DarkIsOnMySide#EUW,unresolved,0,
L9BRAINWASHER#666,resolved_unique,1,26b3b8264e4f7f5c9bc901cae06c6127
Macro Enjoyer#EUW,resolved_unique,1,0ade09c10ca1fbf65ddc7189627ae07c
Nyx#Evo,resolved_unique,1,f8426fffd57ebdf8364e82f328cda6cb
Ιηsοmηια#ZZZ,resolved_unique,1,703128ee11ea5a25b46b6ee99abdf512
Showerphobia#ÿaoi,unresolved,0,
imissher#RZHU9,resolved_unique,1,71592d571f4b3b19cb85a63daa5c4a91
Shilka#001,unresolved,0,
HLX Sac#EUW,resolved_unique,1,aeee917fa71057c06b0fd7813ab6670f
Due Manden#EUW,resolved_unique,1,1cf2ad2b8a9e3f39e2a9f14a32c782cb
Wiwiwi#wiwii,unresolved,0,
StarKly#WH40,resolved_unique,1,61b210263e81d60ea6fa12d63efa482d
Samme1g#EUW,resolved_unique,1,e43cff6af9e8790034d0d3ba57bb574b
Désiré Doué#402,resolved_unique,1,55c40344548b0effed425486ee90d274
sad#RBG6,resolved_unique,1,4a7132785bd192b1c639e07e50c80c47
i2ProToLive#EUW,resolved_unique,1,9eefc3afba513d0c13e1f4de1d29bdf4
ordno1#001,resolved_unique,1,c92f92ece6df606d5fa351b634173734
Ramzen#Swe,resolved_unique,1,678e12242315b84f4c69345b924d0c49
Kaito Masaharu#EUW,resolved_unique,1,2a90dda97b7ed67bd39fb5d91a54d7ee
epicask#LFK,resolved_unique,1,a5260f66cafee642f6b9c4fb544e77cc
YeaH#MSAD,unresolved,0,
Tao#MATH,resolved_unique,1,3f6f0c2590f303b86b683e7ec0ffb6f6
Frank Castle#EUW02,unresolved,0,
Missotha#EUW,resolved_unique,1,ebe39636bc0c0ab6400a04c8d20cd783
Nio#xLube,resolved_unique,1,67dbbb342bf95c3af0c3a4a6a342e754
ΚrümeΙ1#EUW,resolved_unique,1,f4fccc191e823ec3aeb75bdb07df1ef1
Shrimp shark#EAT,unresolved,0,
Spritle#Boii,resolved_unique,1,37d463a75bb167455fc6bcfbd374b876
Chamonjhin#EUW,resolved_unique,1,639e68338dfa9a0093732a72dae17afa
Avenger#TDC,resolved_unique,1,6cdd7d4b2a7901a7e231ea31d18b76bf
ThomasShelby#4896,unresolved,0,
Tokisakii#QwQ,resolved_unique,1,0077aebd68b0a1b805dec3cfb2a5a115
Techno#0509,unresolved,0,
Swondus#Pmax,resolved_unique,1,74cba89f71d07c0198fcea181e1d017c
StacheMouOP#EUW,unresolved,0,
ZverGRE#EUW,resolved_unique,1,05d1737d99f4f19b0f9423fb69d007da
Cardi#EUW14,resolved_unique,1,7ff3e83ae9079e70c69bbca62553106b
PRS LuNa#2202Y,resolved_unique,1,1ba3263b50cefb28de170ecb7eac51fb
HDD#EUW,resolved_unique,1,68f40e779f20662e91b7b7c6dcb8000e
Chuffylol#EUW,resolved_unique,1,735c2d3ad5f32a1216715b930bdaf2ed
Chaude pipis#pipis,unresolved,0,
Superior Mode#EUW,resolved_unique,1,fecde360d4af7bd78cd6bd64b4b2a295
Lolsson#000,resolved_unique,1,d1a89648322eb92712c106d8b840c9dd
늘푸르던#SKY,resolved_unique,1,7ab5621ab5a51ef14f84fa6fba56d083
poo on your shoe#EUW,resolved_unique,1,5019d4fab9230b11be5d3e675461689a
zuhnjay#BTC,resolved_unique,1,90b3bffc4e8541cb92e668a5f3c1de74
MantasRayRat2#EUWAT,unresolved,0,
Viego Husbando#EUW,resolved_unique,1,dc2bc95848d80a1fcc306ecf1a4c4454
Best Riven SA#EUW,resolved_unique,1,e039ec265076e43d5024acc1c2ba47f3
Drakensu#EUW,unresolved,0,
jianwuteo#NINI,resolved_unique,1,8410547a2e382200a07ff78bcc43b8cc
capitaine bobol#EUW,resolved_unique,1,909b55559d8c7fdca486505df6697814
SculpteurDeFion#FESSE,resolved_unique,1,63bc2aef66704fd9f7d62fb02d7da113
Sung Jinwoo#Rin,resolved_unique,1,709205bb6eefc2bc2bde6d7b4bed9453
Nhyrox#EUW,resolved_unique,1,e649ae791e4c96716998aeda9275bf66
